-- phpMyAdmin SQL Dump
-- version 5.2.1
-- https://www.phpmyadmin.net/
--
-- 主機： 127.0.0.1
-- 產生時間： 2023-09-07 16:17:44
-- 伺服器版本： 11.0.3-MariaDB
-- PHP 版本： 8.0.28

SET SQL_MODE = "NO_AUTO_VALUE_ON_ZERO";
START TRANSACTION;
SET time_zone = "+00:00";


/*!40101 SET @OLD_CHARACTER_SET_CLIENT=@@CHARACTER_SET_CLIENT */;
/*!40101 SET @OLD_CHARACTER_SET_RESULTS=@@CHARACTER_SET_RESULTS */;
/*!40101 SET @OLD_COLLATION_CONNECTION=@@COLLATION_CONNECTION */;
/*!40101 SET NAMES utf8mb4 */;

--
-- 資料庫： `bookcamp`
--

-- --------------------------------------------------------

--
-- 資料表結構 `advertise`
--

CREATE TABLE `advertise` (
  `ad_id` int(11) NOT NULL,
  `ad_title` varchar(30) DEFAULT NULL,
  `ad_status` int(11) NOT NULL,
  `ad_class` varchar(30) DEFAULT NULL,
  `ad_costs` int(11) NOT NULL DEFAULT 10000,
  `expired_status` int(1) NOT NULL DEFAULT 1,
  `startTime` datetime DEFAULT NULL,
  `endTime` datetime DEFAULT NULL,
  `publish_amount` int(11) DEFAULT NULL,
  `click_amount` int(11) DEFAULT NULL,
  `client_id` int(11) DEFAULT NULL,
  `book_id` int(11) DEFAULT NULL
) ENGINE=InnoDB DEFAULT CHARSET=utf8mb4 COLLATE=utf8mb4_general_ci;

--
-- 傾印資料表的資料 `advertise`
--

INSERT INTO `advertise` (`ad_id`, `ad_title`, `ad_status`, `ad_class`, `ad_costs`, `expired_status`, `startTime`, `endTime`, `publish_amount`, `click_amount`, `client_id`, `book_id`) VALUES
(1, '用興趣學英文，把英文變興趣!', 1, 'class', 10000, 1, '2023-08-15 08:00:00', '2023-11-15 08:00:00', 200, 200, NULL, 15),
(2, '<<回味經典>>全國聯合書展', 1, 'book', 10000, 1, '2023-07-16 10:00:00', '2023-10-16 10:00:00', 200, 300, NULL, 5),
(3, '全方位健康生活雜誌', 1, 'class', 10000, 1, '2023-09-01 02:00:00', '2023-12-01 02:00:00', 200, 250, NULL, 17),
(4, '暢銷1500萬冊，奇異男孩', 0, NULL, 10000, 1, '2023-09-01 09:00:00', '2023-12-01 09:00:00', 200, 400, 33, NULL),
(5, '閱讀大贏家', 1, 'book', 10000, 1, '2023-08-30 11:00:00', '2023-11-30 11:00:00', 200, 280, NULL, 2),
(6, '省錢生活節 萬本書69元起', 1, 'book', 10000, 1, '2023-08-15 08:00:00', '2023-11-15 08:00:00', 200, 300, NULL, 13),
(7, '培養尊重x同理心 童書系列', 2, NULL, 10000, 1, '2023-08-16 10:00:00', '2023-11-16 10:00:00', 200, 400, 33, NULL),
(8, '培養假期心態~生活指南', 1, 'book', 10000, 1, '2023-09-01 02:00:00', '2023-12-01 02:00:00', 200, 300, NULL, 3),
(9, '上誼系列 透過閱讀找尋生活光亮', 1, 'class', 10000, 1, '2023-09-01 09:00:00', '2023-12-01 09:00:00', 200, 180, NULL, 8),
(11, '暢銷1500萬冊，奇異男孩', 0, NULL, 10000, 0, '2023-05-01 09:00:00', '2023-08-01 09:00:00', 0, 550, 33, NULL),
(12, '暢銷1500萬冊，奇異男孩', 0, NULL, 10000, 0, '2023-01-30 09:00:00', '2023-04-30 09:00:00', 0, 350, 33, NULL),
(13, '暢銷1500萬冊，奇異男孩', 0, NULL, 10000, 0, '2022-09-01 09:00:00', '2022-12-01 09:00:00', 0, 250, 33, NULL);

-- --------------------------------------------------------

--
-- 資料表結構 `advertise_img`
--

CREATE TABLE `advertise_img` (
  `ad_Img_id` int(11) NOT NULL,
  `ad_title` varchar(30) NOT NULL,
  `ad_img_url` varchar(255) DEFAULT NULL
) ENGINE=InnoDB DEFAULT CHARSET=utf8mb4 COLLATE=utf8mb4_general_ci;

--
-- 傾印資料表的資料 `advertise_img`
--

INSERT INTO `advertise_img` (`ad_Img_id`, `ad_title`, `ad_img_url`) VALUES
(1, '用興趣學英文，把英文變興趣!', '1200x300_ad_1.jpg'),
(2, '用興趣學英文，把英文變興趣!', '800x300_ad_1.jpg'),
(3, '用興趣學英文，把英文變興趣!', '200x600_ad_1.jpg'),
(4, '用興趣學英文，把英文變興趣!', '300x300_ad_1.jpg'),
(5, '<<回味經典>>全國聯合書展', '1200x300_ad_2.jpg'),
(6, '<<回味經典>>全國聯合書展', '800x300_ad_2.jpg'),
(7, '<<回味經典>>全國聯合書展', '200x600_ad_2.jpg'),
(8, '<<回味經典>>全國聯合書展', '300x300_ad_2.jpg'),
(9, '全方位健康生活雜誌', '1200x300_ad_3.jpg'),
(10, '全方位健康生活雜誌', '800x300_ad_3.jpg'),
(11, '全方位健康生活雜誌', '200x600_ad_3.jpg'),
(12, '全方位健康生活雜誌', '300x300_ad_3.jpg'),
(13, '暢銷1500萬冊，奇異男孩', '1200x300_ad_4.jpg'),
(14, '暢銷1500萬冊，奇異男孩', '800x300_ad_4.jpg'),
(15, '暢銷1500萬冊，奇異男孩', '200x600_ad_4.jpg'),
(16, '暢銷1500萬冊，奇異男孩', '300x300_ad_4.jpg'),
(17, '閱讀大贏家', '1200x300_ad_5.jpg'),
(18, '閱讀大贏家', '800x300_ad_5.jpg'),
(19, '閱讀大贏家', '200x600_ad_5.jpg'),
(20, '閱讀大贏家', '300x300_ad_5.jpg'),
(21, '省錢生活節 萬本書69元起', '1200x300_ad_6.jpg'),
(22, '省錢生活節 萬本書69元起', '800x300_ad_6.jpg'),
(23, '省錢生活節 萬本書69元起', '200x600_ad_6.jpg'),
(24, '省錢生活節 萬本書69元起', '300x300_ad_6.jpg'),
(25, '培養尊重x同理心 童書系列', '1200x300_ad_7.jpg'),
(26, '培養尊重x同理心 童書系列', '800x300_ad_7.jpg'),
(27, '培養尊重x同理心 童書系列', '200x600_ad_7.jpg'),
(28, '培養尊重x同理心 童書系列', '300x300_ad_7.jpg'),
(29, '培養假期心態~生活指南', '1200x300_ad_8.jpg'),
(30, '培養假期心態~生活指南', '800x300_ad_8.jpg'),
(31, '培養假期心態~生活指南', '200x600_ad_8.jpg'),
(32, '培養假期心態~生活指南', '300x300_ad_8.jpg'),
(33, '上誼系列 透過閱讀找尋生活光亮', '1200x300_ad_9.jpg'),
(34, '上誼系列 透過閱讀找尋生活光亮', '800x300_ad_9.jpg'),
(35, '上誼系列 透過閱讀找尋生活光亮', '200x600_ad_9.jpg'),
(36, '上誼系列 透過閱讀找尋生活光亮', '300x300_ad_9.jpg');

-- --------------------------------------------------------

--
-- 資料表結構 `advertise_record`
--

CREATE TABLE `advertise_record` (
  `ad_record_id` int(11) NOT NULL,
  `click_amount` int(11) DEFAULT NULL,
  `ad_id` int(11) NOT NULL
) ENGINE=InnoDB DEFAULT CHARSET=utf8mb4 COLLATE=utf8mb4_general_ci;

--
-- 傾印資料表的資料 `advertise_record`
--

INSERT INTO `advertise_record` (`ad_record_id`, `click_amount`, `ad_id`) VALUES
(1, 250, 1),
(2, 200, 2),
(3, 300, 3),
(4, 220, 4),
(5, 350, 4),
(6, 500, 4),
(7, 700, 5),
(8, 210, 6),
(9, 250, 6),
(10, 200, 7),
(11, 300, 8),
(12, 220, 8),
(13, 350, 9),
(14, 500, 9),
(15, 700, 9);

-- --------------------------------------------------------

--
-- 資料表結構 `book`
--

CREATE TABLE `book` (
  `book_id` int(11) UNSIGNED NOT NULL,
  `b_title` varchar(255) NOT NULL,
  `book_price` int(11) NOT NULL,
  `author` varchar(255) NOT NULL,
  `book_quantity` int(11) NOT NULL,
  `b_language_id` int(11) DEFAULT NULL,
  `sherlf_date` datetime DEFAULT NULL,
  `revise_date` datetime DEFAULT NULL,
  `book_img_id` varchar(255) NOT NULL,
  `b_genre_id` int(11) NOT NULL,
  `blurb` varchar(255) NOT NULL,
  `book_status_id` int(11) NOT NULL,
  `b_type_id` varchar(255) DEFAULT NULL,
  `isbn` varchar(255) NOT NULL
) ENGINE=InnoDB DEFAULT CHARSET=utf8mb4 COLLATE=utf8mb4_general_ci;

--
-- 傾印資料表的資料 `book`
--

INSERT INTO `book` (`book_id`, `b_title`, `book_price`, `author`, `book_quantity`, `b_language_id`, `sherlf_date`, `revise_date`, `book_img_id`, `b_genre_id`, `blurb`, `book_status_id`, `b_type_id`, `isbn`) VALUES
(2, '守護大腦的飲食聖經', 100, 'Anthony William', 977, 1, '2023-07-21 06:13:00', '2023-07-17 00:00:00', 'q12we.png', 7, '「許多人迫切希望恢復健康。然而，如果有人採取一般自然健康的方向，即依賴去除加工食品等基本措施，他們很容易陷入趨勢的陷阱，健康狀況不會有太大的起色，被迫嘗試一個又一個新潮的理論，充當誤導假設說的白老鼠。 如果是這樣，大腦需要很長的時間才能恢復—如果還有機會恢復的話。」— 安東尼．威廉', 1, '晨星', '9780273263780'),
(3, '二○三○ 健保大限7-3', 300, '張鴻仁 ', 981, 1, '2023-05-19 13:45:00', '2023-07-09 00:00:00', 'qq12a.png', 7, '歷練藥政、防疫、健保、生技，無疫不與的張鴻仁  \r\n寫給兩千三百萬人的關鍵報告\r\n全面分析「世界第一」的台灣健保，榮光背後的坎坷與挑戰\r\n如果我們不認真的支持全民健保，等到2030年就來不及了！', 1, '印刻', '9780420127958'),
(4, '走向雲端 病醫雙贏：健保改革日記', 700, '李伯璋', 994, 1, '2023-04-13 20:56:00', '2023-07-09 00:00:00', 'wweer.png', 7, '醫療團隊必須合作才能有效率地解決患者病痛，就像手術房內的場景能充分展現有默契的醫療行為！此刻，落實分級醫療及向民眾推動社區厝邊好醫師的觀念，更是台灣醫療改革的里程碑。', 1, '新學林', '9781280848757'),
(5, '第三波健保改革之路', 500, '黃煌雄...', 976, 1, '2023-04-17 18:00:00', '2023-07-23 00:00:00', '879654.png', 7, '透過多年來累積的全民健保資料庫，「口罩實名制」得以快速建立認證機制，旅遊史、病史等資訊的即時查詢與分享，也因「健保雲端系統」而得以實行，並且能夠即時掌握病患居住地區或工作場所是否有通報個案聚集，與健保資料勾稽，再回饋疫情指揮中心與醫療院所，協助醫療院所醫師與醫療人員及時判斷下一步該如何做，避免疫情進擴大或導致院內感染', 1, '天下文化', '9785143860220'),
(6, '怦然心動的人生整理魔法', 300, '近藤麻理惠', 943, 1, '2023-07-19 02:31:00', '2023-07-10 00:00:00', 'revr123.png', 8, '為什麼一本整理書，會讓無數人邊讀邊落淚？\r\n為什麼嬌小的麻理惠，一說起整理，竟光彩煥發得像巨人？為什麼一席難求的心動整理課，卻沒有學員回來再上第二次？\r\n翻開這本書，你不但會知道答案，\r\n你的人生也將因此煥然一新！', 1, '方智', '9781876755135'),
(7, '一休陪你一起愛瘦身：5個燃脂動作，甩肉25公斤，線條再升級！ （附一休示範大全集DVD+記錄了就會瘦三折海報）', 100, '李一休', 999, 1, '2023-05-04 15:46:00', '2023-07-18 00:00:00', 'you8754.png', 8, '你還在當減肥游牧者、到處找新瘦身法？\r\n從今天開始砍掉重練吧，就讓一休陪你一起愛瘦身！', 1, '如何', '9783952195322'),
(8, '代謝力UP減醣好好', 1300, '娜塔', 990, 1, '2023-08-14 11:03:00', '2023-07-24 00:00:00', '13werz.png', 8, '這本《代謝力UP減醣好好》具有清晰易懂的知識和容易執行的技巧，幫助初學者或已有減醣基礎的人更有效提升代謝力、更有動力持續執行。只要好好執行，絕對能讓你的減醣速度突飛猛進。', 1, '如何', '9784130711512'),
(9, '增肌減脂：4+2R代謝飲食法', 100, '王姿允, 急診女醫師其實.', 994, 1, '2023-07-20 05:03:00', '2023-07-10 00:00:00', 'gtrax2.png', 8, '百位女醫親身實證，輕鬆月瘦11%體脂率\r\n不爆汗、不挨餓、不困難、無痛苦，零副作用、超滿足的超效減脂法', 1, '晨星 ', '9788796971904'),
(10, '每週2天輕斷食，2個月瘦8公斤！：高醫減重班美女營養師的台灣味500卡菜單，在家吃、外食族都能瘦', 700, '宋侑璇', 987, 1, '2023-06-23 05:40:00', '2023-07-02 00:00:00', '1qasd.png', 8, '妳還在深信「不吃會瘦」、「聽說會瘦」的減肥方法？別傻了！\r\n真正能瘦身成功，關鍵在於「吃的技術」──\r\n週一、週四吃500卡，其餘5天正常吃，\r\n2個月就能瘦8公斤！', 1, '蘋果屋', '9781592725293'),
(11, 'JR PASS新幹線玩日本全攻略：7條旅遊路線＋7大分區導覽，從購買兌換到搭乘使用，從行程規畫到最新資訊，一票到底輕鬆遊全日本', 120, '劉盈慧', 999, 1, '2023-07-16 16:47:00', '2023-07-03 00:00:00', 'oaxdf.png', 9, '新增疫後日本旅遊景點變化，更新JR PASS交通規則和各地景點資訊，資料最新最正確！', 1, '奇光出版', '9781572711059'),
(12, '去日本自助旅行！給超新手的旅遊密技全圖解：交通攻略X食宿玩買X旅程規劃，有問必答萬用QA 暢銷最新版', 1900, '超級旅行貓', 996, 1, '2023-08-22 07:21:00', '2023-07-28 00:00:00', 'qwert.png', 9, '', 1, 'PCuSER電腦人文化 ', '9783085379724'),
(13, '我愛東京旅游失心瘋', 1600, 'VERA', 999, 1, '2023-08-04 01:53:00', '2023-07-09 00:00:00', 'yop5q.png', 9, '', 1, '布克文化', '9780708765751'),
(14, '沒玩過這些地方，別再說你懂日本', 300, '熱血威爾, 熱血P, ARC 嵐, 毛弟 JJ, 月翔', 999, 1, '2023-05-25 08:17:00', '2023-07-04 00:00:00', '776a9523.png', 9, '就是要去不一樣的地方！四位資深日本旅遊達人出陣！　超強四大主題旅行提案登場，超過70個壓箱景點大公開！', 1, '時報出版 ', '9784287689890'),
(15, '北海道自助這樣玩 交通×票券×行程規劃全指南，一看就懂的超實用旅遊攻略', 900, '超級旅行貓', 973, 1, '2023-05-21 17:27:00', '2023-07-17 00:00:00', 'qazxs.png', 9, '', 1, '台灣東販 ', '9789312152508'),
(16, '夜空中，昴星最美', 1500, 'SEN-koi。製作委員會', 999, 1, '2023-04-05 11:58:00', '2023-07-09 00:00:00', 'ttyu521q.png', 10, '★日本學研出版社精心企劃，獲得全國的國、高中生一致好評！\r\n★浪漫少女漫畫 × 清新小說情節 × 有趣主題學習，新形式輕小說登場！', 1, '瑞昇', '9783697693174'),
(18, '小書痴的下剋上FANBOOK(6)', 500, '香月美夜', 992, 1, '2023-08-04 02:12:00', '2023-07-23 00:00:00', 'ttyui81.png', 10, '', 1, '皇冠', '9780552008655'),
(19, '小書痴的下剋上FANBOOK(6)：為了成為圖書管理員不擇手段！', 2000, '香月美夜', 995, 1, '2023-07-21 16:11:00', '2023-07-23 00:00:00', 'uyiop57q.png', 10, '★第五部Ⅳ～Ⅵ封面和海_報的彩圖及草稿', 1, '皇冠', '9781666964061'),
(20, '內衣女孩任你擺布', 700, '花間燈', 993, 1, '2023-08-27 01:25:00', '2023-07-09 00:00:00', 'hihi87.png', 10, '每個女孩子都懷藏秘密', 1, '尖端', '9786678794647'),
(21, '名偵探柯南(46)', 80, '青山剛昌', 999, 1, '2023-08-11 02:24:00', '2023-07-16 00:00:00', 'vvrrewa3.png', 11, '★2001年榮獲第46回小學館漫畫賞（少年部門）\r\n★2003年漫畫版發行部數突破１億本\r\n★2014年「名偵探柯南」連載20周年', 1, '青山文化', '9788393081359'),
(22, '名偵探柯南(47)', 80, '青山剛昌', 996, 1, '2023-07-13 00:50:00', '2023-07-16 00:00:00', '47cn875.png', 11, '★2001年榮獲第46回小學館漫畫賞（少年部門）\r\n★2003年漫畫版發行部數突破１億本\r\n★2014年「名偵探柯南」連載20周年', 1, '青山文化', '9781929023165'),
(23, '名偵探柯南(43)', 80, '青山剛昌', 999, 1, '2023-04-26 08:02:00', '2023-07-09 00:00:00', 'qw123yt.png', 11, '★2001年榮獲第46回小學館漫畫賞（少年部門）\r\n★2003年漫畫版發行部數突破１億本\r\n★2014年「名偵探柯南」連載20周年', 1, '青山文化', '9784465872053'),
(24, '名偵探柯南(72)', 80, '青山剛昌', 999, 1, '2023-04-11 13:41:00', '2023-07-23 00:00:00', 'poi72123.png', 11, '★2001年榮獲第46回小學館漫畫賞（少年部門）\r\n★2003年漫畫版發行部數突破１億本\r\n★2014年「名偵探柯南」連載20周年', 1, '青山文化', '9786542291079'),
(25, '名偵探柯南(87)', 80, '青山剛昌', 999, 1, '2023-07-25 00:26:00', '2023-07-02 00:00:00', '87poi09.png', 11, '★2001年榮獲第46回小學館漫畫賞（少年部門）\r\n★2003年漫畫版發行部數突破１億本\r\n★2014年「名偵探柯南」連載20周年', 1, '青山文化', '9789313839542'),
(26, '最高外語學習法：用100天3階段，打造出專屬你的語言上手體質', 1000, '孫美娜', 999, 1, '2023-04-17 10:19:00', '2023-07-10 00:00:00', 'u87521.png', 12, '想飛到哪裡，就飛到哪裡！為不知道該如何學習、雖然認真學習卻得不到效果、想重新開始學習的人加油打氣！', 1, '大田', '9786942324784'),
(27, '6個月學會任何一種外語：3,000萬人證實有效，國際語言學權威教你超速學習，半年從不敢開口到流暢表達', 300, '龍飛虎', 996, 2, '2023-05-25 04:22:00', '2023-07-09 00:00:00', 'tt5822.png', 12, 'TED演講觀看次數超過3,000萬次，影響全球無數語言學習者、商務人士\r\n★ 國際知名心理學家、語言學家、教育學家龍飛虎（Chris Lonsdale）親筆中文著作', 1, '采實文化', '9786770105601'),
(28, '下班後1小時的極速學習攻略：職場進修達人不辭職，靠「偷時間」高效學語言、修課程，10年考取10張證照', 400, '李洞宰', 999, 2, '2023-05-07 09:12:00', '2023-07-16 00:00:00', 'rrees123s.png', 12, '', 1, '采實文化', '9783023553959'),
(29, '善用語言元素及知識，英文學習快N倍', 1100, '黃淑鴻 ', 994, 2, '2023-08-27 00:11:00', '2023-07-09 00:00:00', '85wser.png', 12, '觀念正確，學習英文快樂又輕鬆！\r\n方法對了，人人都是英語天才！', 1, '秀威經典', '9784807453299'),
(30, '字彙的力量：用3500個單字創造你的英語優勢（附MP3）', 100, '林錦慧', 999, 2, '2023-08-01 06:25:00', '2023-07-03 00:00:00', 'tyui85.png', 12, '', 1, '博識圖書', '9784966604928'),
(31, '飛行原理重點整理及歷年考題詳解：民航特考：飛航管制、航空通信考試用書', 1200, '0陳大達 ', 999, 1, '2023-05-03 13:34:00', '2023-07-03 00:00:00', 'po987.png', 13, '本書是針對歷年（92-100）飛航管制、航空通信以及航空駕駛民航人員高 （特）考題目做詳細解析，並依據考題做重點整理與考題趨勢預測，除此之外，針對文科學生數理觀念不足處做重點加強，彌補數理觀念不足，讓其對計算題不再恐懼與放棄。', 1, '秀威資訊', '9780410665050'),
(32, '升科大四技：健康與護理考試用書：模擬試題＋歷屆試題解析\r\n', 1500, '幼獅文化', 999, 1, '2023-05-09 22:40:00', '2023-07-01 00:00:00', 'rye66.png', 13, '本書依據技專校院入學測驗中心TCTE所公告的考試範圍，綜合國教院審定之各種健康與護理課程版本，並參考四技二專統測歷屆考題，所編輯之模擬試題複習本。全書分為六大主題，每主題提供實力檢測與答案解析、歷屆試題與答案彙整，以及模擬歷屆考題題型及題數，讓讀者了解出題趨勢，掌握考試脈動，甚而以更快速、有效率的方式精熟考試內容，掌握考前衝刺，以獲取高分。', 1, '幼獅文化 ', '9787153510774'),
(33, '空氣動力學重點整理及歷年考題詳解：民航特考:航務管理考試用書', 100, '陳大達  \r\n', 999, 1, '2023-06-28 01:28:00', '2023-07-02 00:00:00', 'kk69871.png', 13, '重要名詞解釋整理簡易公式與重要計算題型分類\r\n申論題重點分類\r\n解題要訣提示\r\n歷年考古題詳解\r\n考題衍生問題列舉', 1, '秀威資訊 ', '9784535559028'),
(34, '2020公職人員必備公文用書 公文寫作指南[增訂十版]［大學用書 考試適用］', 100, '柯進雄', 996, 1, '2023-04-04 06:01:00', '2023-07-05 00:00:00', '2020公職人員必備公文用書13-4.png', 13, '政府機關須藉公文達成其政策目標；也須藉公文執行法令與紀錄各種活動情形。如對上之請求、報告；對下的指揮、監督；以及對內的通知、協商，都得利用公文為媒介。換言之，政府機關一切政令推行是否成功，公文實佔有重要的地位', 1, '商鼎', '9781217263127'),
(35, '活用心智圖快速抓重點，精準拆解考題與文章：新課綱必備讀書法、高效筆記術與考試拿高分的技巧', 1900, '孫易新', 999, 1, '2023-05-16 18:12:00', '2023-07-04 00:00:00', '8754.png', 13, '108課綱考題大多是敘述式的長文寫法，所以如何快速抓到題目重點，也就是在最短的時間內，看懂題目在問什麼，變成答題的關鍵。孫易新老師結合速讀、心智圖、筆記術等方法，讓讀者能快速看懂題目、擷取重點、迅速作答；運用在平時課堂的學習，還能有效率地記好筆記以及靈活運用，增強記憶。', 1, '商周出版', '9782479638860'),
(36, 'ERP企業資源規劃導論(第五版)', 1100, '國立中央大學管理學院 ERP中心', 998, 1, '2023-07-28 16:36:00', '2023-07-10 00:00:00', 'ERP企業資源規劃導論14-1.png', 14, '網羅ERP各相關專長之教授與業界專家共同撰寫，兼容不同領域的專業考量並進行跨領域知識的整合，且行文力求簡潔易懂，使讀者能輕易了解ERP系統的全貌。', 1, '碁峰', '9788746405224'),
(37, 'CCNA 網路認證教戰手冊 EXAM 200-301', 1600, 'Todd Lammle', 999, 1, '2023-08-27 21:40:00', '2023-07-04 00:00:00', 'poilk.png', 14, '', 1, '旗標', '9786293109847'),
(38, 'SCJP 6.0認證教戰手冊(第二版)', 1000, '黃彬華', 999, 1, '2023-07-06 01:43:00', '2023-07-03 00:00:00', 'SCJP123.png', 14, 'Java基本語法介紹：以日常生活所熟悉的事物當作範例來解說Java基本語法，完全不需要強記', 1, '碁峰', '9785226333872'),
(39, '網路規劃與管理實務 - 協助考取國際網管證照(第三版)', 100, '蕭志明 ', 999, 1, '2023-06-25 04:12:00', '2023-07-09 00:00:00', 'y12tuli.png', 14, '', 1, '旗標', '9787252340127'),
(40, 'Microsoft MOS Excel 2016 Expert 原廠國際認證應考指南 (Exam 77-728)', 1200, '王仲麒', 999, 1, '2023-06-04 00:41:00', '2023-07-03 00:00:00', 'lkjmn.png', 14, '', 1, '碁峰', '9780582699329'),
(41, '社會與健康：超越全民健保', 1800, '江東亮 ', 998, 1, '2023-06-01 20:14:00', '2023-08-13 19:16:55', '01.png', 7, '', 1, '三民', '9781156476569'),
(42, '健康，自脊來：脊椎保健達人鄭雲龍改變千萬人的脊椎強背術', 1200, ' 鄭雲龍, 邱淑宜', 999, 1, '2023-07-13 08:19:00', '2023-08-13 19:21:34', '02.png', 7, '脊椎力學專家鄭雲龍親授最有效的正脊觀念：\n2種找出酸痛主因的脊椎自我檢查法 4大生活基本姿勢自我檢測\n6種打底保健的強背運動  10種對症強化的功能訓練13種最被輕忽的日常動作練習', 1, '時報出版', '9784034285167'),
(43, '吃對保健食品！：江守山醫師教你聰明吃出真健康', 600, ' 江守山', 999, 1, '2023-07-05 20:50:00', '2023-08-13 19:21:34', '03.png', 7, '台灣人愛吃補，一年花在保健食品的錢高達900億，足足可以蓋1.5棟的台北101大樓！但是，有多少人真正買對、吃對？很多人想靠保健食品來預防疾病、減緩或改善病況，卻沒考慮到：產品來源可不可靠、成分是否真如標示、使用劑量及方法對不對、有無補充禁忌、甚至自身體質到底適不適合吃？、、、、等等。事實上，吃保健食品最重要的撇步就是「觀念正確」，否則吃再多，不但對健康一點幫助也沒有，甚至還會有副作用，結果就是花了冤枉錢，身體還越補越大洞。', 1, '新自然主義', '9786701996435'),
(44, '腸保健康好胃來：台灣消化權威林肇堂教授，許你一個順暢人生', 1200, '林肇堂', 999, 1, '2023-07-23 22:23:00', '2023-08-13 19:21:34', '822.png', 7, '「加班熬夜讓你罹患胃潰瘍和十二指腸潰瘍？」\n　　「想吃的東西再眼前，卻怎麼也吞不下去？」\n　　「喝啤酒吃熱炒讓你火燒心了嗎？」\n　　「今天你的大便是暗黑色、土黃色還是莓果色？」\n　　「拉肚子又貧血竟然是小腸出問題？」', 1, '堡壘文化', '9781407126981'),
(45, '洪惠風醫師心臟保健室', 300, ' 洪惠風', 998, 1, '2023-04-10 10:09:00', '2023-08-13 19:21:34', '05.png', 7, '每顆心臟都是精采的小說，每位患者都有美麗的故事。\n　　本書內容是診間與病房裡發生的種種故事，我想用這種有溫度的方式傳達正確的醫療知識，探討血管凍齡、甚至逆齡的可能性，還有怎麼做，才能就算活到一百歲，也不會罹患冠心病。」──洪惠風', 1, '天下文化', '9786929645907'),
(46, '食療與保健', 1700, '  陳滿容', 999, 1, '2023-06-28 10:16:00', '2023-08-13 19:21:34', '06.png', 7, '安德爾戴維絲所提出來的營養學觀念，主要是在預防疾病，現今，適當營養對於疾病的預防功能, 早已廣為人們所接受, 並被視為與醫療同等重要。在本書中, 作者記錄自己的研究所得, 並將營養與食療並重的觀念整理成冊。', 1, '世潮', '9780426848903'),
(47, '科學看樟芝：國寶樟芝的保健與藥用遠景', 1700, ' 陳勁初, 林定威, 李宗儒, 朱心彤, 林靖倚', 999, 1, '2023-04-13 00:46:00', '2023-08-13 19:21:34', '07.png', 7, '600篇以上的論文證實樟芝具有藥理活性，\n且通過多項抗COVID-19病毒研究，\n具有由保健食品提升到「類新藥」的能力。\n如今正往藥用方面發展。\n根據穀研所調查，樟芝產值已超過26億，遠景可期。', 1, '元氣齋', '9781345307101'),
(48, '燃：最新研究', 1100, ' Herman Pontzer', 998, 1, '2023-08-20 02:21:00', '2023-08-13 21:14:52', '08.png', 7, '英美亞馬遜分類TOP 1，售出14國語言版權\n登上《新科學人》封面故事，《紐約時報》專文報導\n一場橫跨演化生物學、生理學和人類學的歡樂之旅\n打破「燃脂」迷思，重新認識飲食、運動和代謝的三角關係！', 1, '方舟文化', '9785445989105'),
(51, '血壓的祕密', 700, '郭育誠 ', 999, 1, '2023-06-11 10:07:00', '2023-08-13 21:23:32', '11.png', 7, '如果，量血壓就知道今天身體適不適合跑步！\n\n如果，量血壓就知道是不是感冒了！\n\n如果，量血壓就知道吃下去的營養品適不適合自己！\n\n如果，量血壓就知道自己五臟六腑的狀況！\n\n如果，量血壓就知道是不是感冒了！\n\n這是神話嗎？', 1, '布克文化', '9783194024528'),
(52, '營養師設計的82道洗腎保健食譜', 2000, '衛生福利部桃園醫院營養科', 999, 1, '2023-05-03 12:16:00', '2023-08-13 21:23:32', '12.png', 7, '內容兼顧葷食＆素食者\n　　字體舒適易讀、作法簡單好上手\n　　菜肴色、香、味俱全\n　　照著食譜做，洗腎朋友也可以輕鬆品嘗美食！\n\n這是神話嗎？', 1, '橘子', '9789632155634'),
(54, '天然植物營養素', 1800, '日本Newton Press ', 999, 1, '2023-08-13 16:06:00', '2023-08-13 21:23:32', '14.png', 7, '──平均壽命與健康壽命有何不同？\n　　──若運動、睡眠不足，小心生活習慣病找上門\n　　──脂質不再是萬惡罪人！顛覆舊有常識，重新認識脂質\n　　──極端限醣飲食的危險性', 1, '臉譜', '9788578704892'),
(55, '40歲保健指南', 1000, '日本Newton Press ', 999, 1, '2023-06-02 20:00:00', '2023-08-13 21:23:32', '15.png', 7, '──平均壽命與健康壽命有何不同？\n　　──若運動、睡眠不足，小心生活習慣病找上門\n　　──脂質不再是萬惡罪人！顛覆舊有常識，重新認識脂質\n　　──極端限醣飲食的危險性', 1, '人人出版 ', '9783997057866'),
(56, '好姿勢，救自脊：超人氣脊椎保健達人教你改變NG姿勢，從脊開始，找回健康', 1600, ' 鄭雲龍, 邱淑宜', 994, 1, '2023-06-23 08:19:00', '2023-08-13 21:23:32', '16.png', 7, '強化脊椎的健康觀念。\n　　包括：破解健康與酸痛的迷思、脊椎毛病可以不開刀嗎、如何啟動對於健康的自覺力…等。', 1, '時報出版 ', '9784249174962'),
(57, '眼癒力：中醫眼科診治照護，治療+保健一次看明白', 900, '11', 999, 1, '2023-06-22 03:31:00', '2023-08-13 22:13:54', '17.png', 7, '', 1, '原水', '9789254701518'),
(58, '咒術迴戰 (1)', 1900, '芥見下々', 999, 1, '2023-04-06 11:45:00', '2023-08-13 22:13:54', '001.png', 11, '', 1, '東立 ', '9783525983014'),
(59, '咒術迴戰 (2)', 400, '芥見下々 ', 999, 1, '2023-06-22 15:57:00', '2023-08-13 22:46:22', '002.png', 11, '', 1, '東立 ', '9789865810824'),
(60, '咒術迴戰 (20)', 300, '芥見下々 ', 999, 1, '2023-08-07 16:47:00', '2023-08-13 22:46:22', '003.png', 11, '秤與貓熊前往東京第２結界，他們的目標是擁有大量分數的鹿紫雲。\n　　但在闖入結界時，兩人分別被傳送到不同地方。\n　　秤遇到的是想要當漫畫家的泳者，夏露！\n　　另一方面，貓熊在無預警之下遇到了鹿紫雲，\n　　鹿紫雲的力量遠勝於他，把他逼到了絕境……！', 1, '東立 ', '9788751105385'),
(61, '咒術迴戰 (10)', 500, '芥見下々 ', 999, 1, '2023-08-27 03:48:00', '2023-08-13 22:46:22', '004.png', 11, '秤與貓熊前往東京第２結界，他們的目標是擁有大量分數的鹿紫雲。\n　　但在闖入結界時，兩人分別被傳送到不同地方。\n　', 1, '東立 ', '9784158094762'),
(62, '咒術迴戰 0 東京都立咒術高等專門學校 (全', 1500, '芥見下々 ', 999, 1, '2023-07-26 11:47:00', '2023-08-13 22:46:22', '005.png', 11, '秤與貓熊前往東京第２結界，他們的目標是擁有大量分數的鹿紫雲。\n　　但在闖入結界時，兩人分別被傳送到不同地方。\n　', 1, '東立 ', '9784537157960'),
(63, '出租女友 (18)', 1700, '宮島禮吏 ', 999, 1, '2023-06-03 22:23:00', '2023-08-13 22:46:22', '006.png', 11, '水原主演的電影即將完成。\n可是去勘察上映會場地時，小百合倒下了。\n　', 1, '東立', '9780211505824'),
(64, '出租女友 (13)', 200, '宮島禮吏 ', 999, 1, '2023-04-22 06:58:00', '2023-08-13 22:46:22', '007.png', 11, '水原主演的電影即將完成。\n可是去勘察上映會場地時，小百合倒下了。\n　', 1, '東立 ', '9787446055549'),
(65, '出租女友 (11)', 1800, '宮島禮吏', 999, 1, '2023-04-17 14:16:00', '2023-08-13 22:56:21', '008.png', 11, '　水原主演的電影即將完成。\n　　可是去勘察上映會場地時，小百合倒下了。', 1, '東立 ', '9786595760580'),
(66, '出租女友 (10)', 200, '宮島禮吏', 998, 1, '2023-06-04 18:36:00', '2023-08-13 22:56:21', '009.png', 11, '　水原主演的電影即將完成。\n　　可是去勘察上映會場地時，小百合倒下了。', 1, '東立 ', '9780640636562'),
(67, '出租女友 (9)', 1700, '宮島禮吏', 999, 1, '2023-07-13 05:45:00', '2023-08-13 22:56:21', '0010.png', 11, '　水原主演的電影即將完成。\n　　可是去勘察上映會場地時，小百合倒下了。', 1, '東立 ', '9783415901375'),
(68, '出租女友 (28)', 2000, '宮島禮吏', 999, 1, '2023-04-15 01:51:00', '2023-08-13 22:56:21', '011.png', 11, '　水原主演的電影即將完成。\n　　可是去勘察上映會場地時，小百合倒下了。', 1, '東立 ', '9785157597498'),
(69, '你的名字(1)', 600, ' 新海誠, 琴音蘭丸', 999, 1, '2023-04-22 14:44:00', '2023-08-13 22:56:21', '012.png', 11, '未曾見過面的兩人，命運的相遇──', 1, '台灣角川', '9785540283672'),
(70, '你的名字(2)', 1200, ' 新海誠, 琴音蘭丸', 988, 1, '2023-08-09 19:07:00', '2023-08-13 22:56:21', '013.png', 11, '未曾見過面的兩人，命運的相遇──', 1, '台灣角川', '9782228626173'),
(71, '青春期的我們（過往與將來）1', 1900, 'たなと', 999, 1, '2023-04-15 02:54:00', '2023-08-13 23:00:31', '014.png', 11, '園木在高中時期對與自己性格完全相反的真嶋抱有著淡淡的愛戀', 1, '東立', '9784522280157'),
(72, '搖曳露營△(5)', 100, 'あfろ', 999, 1, '2023-05-12 10:55:00', '2023-08-13 23:00:31', '015.png', 11, '　賞櫻行程進入後半，撫子和姊姊跟著凜去看特殊的篝火儀式。隔天大家一起到千明先去的露營場賞花烤肉。新生入學，各社團也開始積極招募新社員，在露營風氣盛行的情況下，野會毫無生存空間…', 1, '東立', '9785925522573'),
(75, '搖曳露營△(3)', 600, 'あfろ', 998, 1, '2023-05-23 03:13:00', '2023-08-13 23:00:31', '018.png', 11, '　賞櫻行程進入後半，撫子和姊姊跟著凜去看特殊的篝火儀式。隔天大家一起到千明先去的露營場賞花烤肉。新生入學，各社團也開始積極招募新社員，在露營風氣盛行的情況下，野會毫無生存空間…', 1, '東立', '9786060772702'),
(76, '搖曳露營△(2)', 600, 'あfろ', 999, 1, '2023-07-22 19:40:00', '2023-08-13 23:00:31', '019.png', 11, '　賞櫻行程進入後半，撫子和姊姊跟著凜去看特殊的篝火儀式。隔天大家一起到千明先去的露營場賞花烤肉。新生入學，各社團也開始積極招募新社員，在露營風氣盛行的情況下，野會毫無生存空間…', 1, '東立', '9782527296098'),
(78, '搖曳露營△ (1)', 1100, ' あfろ', 999, 1, '2023-08-24 05:41:00', '2023-08-13 23:05:17', '020.png', 11, '賞櫻行程進入後半，', 1, '東立', '9784454162693'),
(79, '搖曳露營△ (10)', 1700, ' あfろ', 999, 1, '2023-07-17 18:07:00', '2023-08-13 23:05:17', '021.png', 11, '賞櫻行程進入後半，', 1, '東立', '9784688925477'),
(80, '搖曳露營△ (9)', 1400, ' あfろ', 999, 1, '2023-05-28 04:50:00', '2023-08-13 23:05:17', '022.png', 11, '賞櫻行程進入後半，', 1, '東立', '9780082139615'),
(89, '死神(71)', 1500, '久保帶人', 999, 1, '2023-07-03 07:20:00', '2023-08-18 00:20:57', '023.png', 11, '很好看', 1, '東立', '9786343921950'),
(90, '86－不存在的戰區', 1300, '安里アサト', 999, 1, '2023-07-12 00:46:00', '2023-08-18 00:49:27', '024.png', 10, '', 1, '台灣角川', '9781473191214'),
(92, '在超商搶案中救下的不起眼店員', 200, 'あボーン', 999, 1, '2023-08-04 23:33:00', '2023-08-18 01:01:01', '0020.png', 10, '', 1, '東立', '9788334190527'),
(93, '我和女友的妹妹接吻了', 800, ' 海空陸', 999, 1, '2023-08-14 22:09:00', '2023-08-18 01:04:29', '21.png', 10, '讚讚', 1, '東立', '9787251379301'),
(100, 'Python刷題鍛鍊班', 1200, ' Reuven M. Lerner', 996, 1, '2023-04-21 13:31:00', '2023-08-18 01:10:13', '0022.png', 14, 'Python!', 1, '旗標', '9781254325230'),
(101, '名偵探柯南(100)', 80, '青山剛昌', 999, 1, '2023-08-09 14:07:00', '2023-07-09 00:25:23', 'njhoznn_460x580.png', 12, '第100!', 1, '青文', '9784517488558'),
(103, '【我推的孩子】(08)', 1400, '赤坂アカ', 984, 1, '2023-08-19 21:33:00', '2023-08-18 01:19:33', '028.png', 11, '讚', 1, '青文', '9788824467406'),
(104, '式守同學不只可愛而已 (3)', 1500, '真木蛍五', 998, 1, '2023-04-18 21:43:00', '2023-08-18 01:24:04', '112329.png', 11, '', 1, '東立', '9780569871664'),
(105, 'Excel 2019實力養成暨評量解題秘笈', 1000, '楊明玉', 999, 1, '2023-08-06 10:27:00', '2023-08-18 01:26:16', '0029.png', 14, 'Excel', 1, '碁峰 ', '9786375956410'),
(106, '原子習慣', 700, ' James Clear', 995, 1, '2023-04-25 06:43:00', '2023-08-18 14:14:38', '31.png', 2, '效應把微小改變滾成巨大成就', 1, '方智', '9780170167368'),
(112, '女性能量療法：永保青春健康的自助寶典', 500, ' 唐娜．伊頓, 大衛．費恩斯坦', 995, 1, '2023-08-24 19:27:00', '2023-08-18 14:26:12', '37.png', 8, '', 1, '心靈工坊', '9781722967914'),
(115, '網頁美編的救星！ 零基礎也能看得懂的 HTML & CSS 網頁設計', 400, 'Mana', 996, 2, '2023-08-01 12:27:00', '2023-08-13 23:05:17', '115.png', 3, '你是否有這樣的煩惱？身為公司的設計人員，難免需要做商品網頁，但是由於沒有程式基礎，只好用繪圖軟體依樣畫葫蘆，完成的網頁常常出問題，例如字體跑掉了、在手機上變形了、背景圖不見了……。\r\n　　你也想學好網頁，但是去看市面上的網頁設計書，都是工程師寫的，劈頭就叫你開始寫語法，那些外星文誰看得懂啊？(哭)\r\n　　本書作者 Mana 目前是資深的網頁設計師，其實她剛出社會時也是從事美編的工作，因此深知「美編學網頁」可能會遇到的種種挫折。Mana 多年來持續將研究網頁的心得整理在部落格，讓許多初學者因此受惠，她也因此', 1, '旗標', '9788104337778'),
(116, '小水豚教你做網站! 輕鬆學好 HTML / CSS 網頁設計', 200, '竹内直人', 999, 2, '2023-07-17 12:50:00', '2023-08-13 23:05:17', '116.png', 3, '【小水豚的故事】\n　　本書的主角是一隻小水豚，他叫做阿藏（全名：水豚藏）。\n　　阿藏平常在農場工作，有一天在超市遇到了女主角「水豚子」，令他心動不已！\n　　貿然告白好像會嚇到人家，那不如來做個網站自我介紹吧？\n　　水豚藏：可是我不會做網站啊啊啊！\n　　於是小水豚決定拜託自己的好朋友：擔任前端工程師與網頁設計師的竹内夫婦，也就是本書的兩位作者。\n　　本書就這樣，讓你跟著小水豚一起從零開始，走上網頁設計的學習之路。\n　　第一個範例，是水豚的個人網站，把自己的 IG 和推特帳號集結成一頁，看起來好潮喔！\n　　第', 1, '旗標', '9785352785452'),
(117, '士林巷弄速寫', 1900, '郭正宏', 999, 2, '2023-07-25 07:56:00', '2023-08-13 23:05:17', '117.png', 3, '身為旅行速寫的手繪藝術工作者，自二〇二二年四月開始一個新的計畫，單純想要用自己的畫筆去記錄士林的地方巷弄，去記錄蛻變前的士林故事。從最古老的「舊街」一帶著手記錄，也陸續分享在「士林棒棒」、「我是士林人&我是北投人」的臉書社團，讓更多人一同參與「你知道的士林故事」，沒想到獲得許多士林人的支持與鼓勵，更重要的是大家都不吝嗇的分享了每個人對士林的回憶故事。大家共同創造屬於士林人的記憶，也分享了很多早已不在念想的回憶，更驚喜的是透過長輩們的留言分享，讓更多年輕人知道士林過往的人文歷史。', 1, '健行', '9782450914236'),
(118, '血淚無比的遊戲產業：世界十大傳奇電玩的製作祕辛', 1000, '傑森．史奈爾', 999, 2, '2023-07-03 02:19:00', '2023-08-13 23:05:17', '118.png', 3, '魂系遊戲、ARPG、FPS等現今耳熟能詳，玩家們早已玩爛的這些遊戲背後，到底是怎麼被製造出來的？ 每位玩家的童年，都有一顆打到「喬丹之石」的夢，但是這種裝備又該如何設計出來？又為何需要設計極度稀有的機制或道具？這是一本從遊戲設計師角度，再經由新聞編輯採訪整理而成，而從玩家角度的來看，這些設計雖帶來了正面效益，通常也都有其負面效應，而遊戲設計師耗費他們的心神、汗水，將人生注入於設計遊戲中，為的就是將最好的遊戲內容呈現給玩家。', 1, '好人出版', '9786196215130'),
(119, '靜心舒壓曼陀羅', 1200, '艾爾貝塔‧赫金森', 999, 2, '2023-05-12 05:54:00', '2023-08-13 23:05:17', '119.png', 3, '曼陀羅（Mandala）一詞源自於梵文，意思是「圓」，為印度教與佛教的一個象徵，代表宇宙及宇宙的能量。在西方，心理學家榮格曾發現，曼陀羅對現代人的心靈與自我實現有特殊意義。而藉由為曼陀羅著色，可以讓紛亂的思緒平息，舒緩壓力，釋放負能量，讓身心放鬆與平靜，同時在手畫著充滿創意的圖形之際，又可以提升專注力。本書收錄了美不勝受的曼陀羅作品，各個時代的藝術家都非常讚賞，也激發許多靈感。書中的圖形從簡單的到繁複的都有，你可以依照心情，選擇當下喜歡的圖樣及畫畫用具，沒有任何限制，只要畫上顏色，簡單又容易完成！現在就運', 1, '遠流', '9783628333251'),
(120, '音樂使人自由（暢銷經典版）', 900, '坂本龍一', 999, 2, '2023-08-11 10:07:00', '2023-08-13 23:05:17', '120.png', 3, '坂本龍一親口描述自己的人生與音樂，從幼稚園的首次作曲體驗、對於嚴父的記憶、高中罷課、YMO的狂放歲月、《末代皇帝》的幕後花絮與榮耀、九一一恐怖攻擊事件的衝擊，以及全新音樂的成形經過。『國小的時候，我迷上了巴哈的音樂，接著又陸續喜歡上貝多芬、德布西，以及所謂的現代音樂，感覺像是一路跟著時代變遷，聽著這些西洋音樂；而到了六○年代快要結束時，我逐漸愛上了與我出現在同一個時代的音樂。西洋音樂的歷史與我個人的生涯相互交錯，赫然發覺自己與作曲家身處在相同的時間中。這也代表著，我自己與這些音樂家感受到的問題能夠達成一致', 1, '麥田', '9789553021173'),
(121, '魔杖之外：湯姆．「跩哥馬份」．費爾頓的成長與掙扎', 1000, '湯姆．費爾頓', 999, 2, '2023-05-24 10:38:00', '2023-08-13 23:05:17', '121.png', 3, '關於跩哥．馬份在巫師世界的魔法時光，湯姆．費爾頓在鎂光燈注視下成長的挑戰；揮舞魔杖帶來的不思議魔法與生命的騷亂。湯姆．費爾頓有個不平凡的童年。在成為巫師之前，就已在《寄居小奇兵》、《安娜與國王》等深受觀眾喜愛的電影中演出，而在他十二歲開始飾演《哈利波特》中那位著名的淺金髮反派之後，接下來的十年裡，他將身不由己地處於一個巨大的流行文化現象中心。然而，走出片廠的五號門，他仍是一名普通的青少年，努力適應一所普通的學校，那頭顯眼的金髮並沒有讓他多吸引一些女生的注意，甚至給湯姆惹來了一些「麻煩」。', 1, '大塊文化', '9786880106420'),
(122, 'iPad電繪畫畫課：從線稿到上色圖層、光影到色調練習、小物到氛圍營造，輕鬆畫出你的夢想世界', 200, '張元綺YUANCHi', 999, 2, '2023-08-18 08:52:00', '2023-08-13 23:05:17', '122.png', 3, 'iPad 除了用來上網、追劇、打電動，也是許多插畫家、設計師、藝術家創作的幫手。iPad電繪的特點，輕巧又方便，走到哪畫到哪。手感更接近手繪，使用iPad + Apple pencil，除了能直接在螢幕上畫圖，筆身不論是拿直的或斜的，會像真的筆一樣會有粗細、濃淡變化，從手繪轉換到電繪毫不費力。Procreate內建了數百支的筆刷，想畫出鉛筆或水彩效果，都能輕鬆達成。', 1, '悅知文化', '9785741468887'),
(123, '不會整理沒關係，揪出收納盲點，不用收的好家設計', 100, '王采元', 999, 2, '2023-05-07 02:43:00', '2023-08-13 23:05:17', '123.png', 3, '對於收納，如果你也有很多「應該」，每個周末還是有收拾不完的東西，問題其實不在於你家做了多少櫃子！而是你不了解自己，你的設計師也不夠了解你，透過10個大眾對於收納最常有的盲點，王采元首先提出新的突破性思考，顛覆你對收納規劃的想像。有別於一般收納書籍以空間為分類，ex.玄關、客廳、廚房等，王采元設計師從人的使用行為、個性切入，深入探討收納設計的要點、細節，再結合不同案例的平面圖、櫃體立面圖分析設計形式、動線設計，甚至是櫃體內部分層規劃的原因，是否有特殊尺寸或功能，對於有裝潢需求的業主來說可以提供審視自我收納需', 1, '麥浩斯', '9788067025484'),
(124, '寫字基本功 附錄：三種字帖(鋼筆、原子筆、中性筆書寫)', 1700, '鄭文彬(布衣老師)', 997, 2, '2023-05-19 04:01:00', '2023-08-13 23:05:17', '124.png', 3, '一直寫不好字，只是因從來沒有人教過你應該怎樣來寫字而已！ 書法無法速成，而寫字卻是可以短期就簡單學會的！ 寫字是否順暢靈活，直接關鍵決定一個學生的長期學習考試效率和最後的教育競爭力！ 花點時間來重新學好寫字，這是每個人一輩子都會長久用到的技能，相信這樣的時間投資會是非常有價值也非常有意義的。 彙整布衣老師一百多場現場研習菁華，讓你學習寫字能走一條最短的直線捷徑，不再辛苦繞彎路和迷路。 誰說：成功，一定只能靠苦練。', 1, '筆博士', '9783110721067'),
(125, '日本美學：物哀、幽玄、侘寂（全三冊）：從唯美的物哀，深遠的幽玄，到空無的侘寂。掌握日本美學關鍵的獨家著作。', 300, '大西克禮', 998, 2, '2023-06-18 12:39:00', '2023-08-13 23:05:17', '125.png', 3, '以物哀為首，日本美學史上陸續誕生了西洋美學不曾涉及的獨特概念。物哀探討剎那間的美與真實；幽玄引進陰翳，追求隱蔽下的真理；侘寂是在無一物中感受無限的終極美學思辯。揉合神道、老莊、佛教思想的日本美學，在物語、和歌、能劇、茶道等藝術形式中發展出豐富的美的意義與精神，啟發了今日無數的藝術創作。', 1, '不二家', '9781352529191'),
(126, '造夢者克里斯多夫．諾蘭【全彩精裝版】：拆解燒腦鬼才把潛意識化為現實，打造時間和記憶的迷宮', 300, '伊恩·納桑', 999, 2, '2023-07-27 09:12:00', '2023-08-13 23:05:17', '126.png', 3, '克里斯多夫．諾蘭是當代電影界最讓人燒腦的導演。無論故事場景是在維多利亞時代的倫敦，還是遙遠的外太空，他的電影往往有著超現實的場景，影像、音樂和音效層層疊疊的感官體驗，和令人腦洞大開的非線性敘述。本書試圖為讀者打開諾蘭扭曲宇宙的寶盒。資深電影作家伊恩·納桑，以時間軸順序介紹諾蘭邁入電影界二十三年的歷程。他自學拍片，靠著一部邀集親友出錢出力拍攝的短片獲得獨立電影圈青睞，接著在好萊塢最大公司之一獲得創作主導權，成功打造暢銷商業片。本書深入解析諾蘭的十二部作品，逐一介紹每部片的故事創作、選角與拍攝過程，以及幕後花', 1, '漫遊者文化', '9787430483063'),
(127, '天下雜誌：從現在到未來，你一定要知道的2050全球長期展望報告', 600, '天下雜誌編輯部', 999, 2, '2023-08-12 14:45:00', '2023-08-13 23:05:17', '127.png', 3, '2050年，全球暖化問題會持續加劇嗎？再這麼下去，我們的下一代還能有穩定的食物和水源供應嗎？人類能順利走到2100年嗎？全球人口規模、食物與水供應、疾病與健康、氣候變遷、能源、經濟、政策、科技、社會和文化等，一切都會發生變化。而這些變化的趨勢和未來，能從哪裡看見？這一期的「天下雜誌」為你深入解析2050全球長期展望報告，幫助你從現在望向未來，理解那些即將到來的變革。', 1, '天下雜誌', '9783094828047'),
(128, '思考的藝術：反省、創意、批判', 1800, '柏拉圖等人', 998, 2, '2023-04-24 01:45:00', '2023-08-13 23:05:17', '128.png', 3, '自古以來，人類一直尋求思考的方法和途徑。從柏拉圖的哲學辯論到現代的思考訓練，思考一直被視為我們理解世界和解決問題的核心能力。本書收集了多位著名思考家的理論和經典案例，深入探討反省、創意和批判三種思考的方式，並提供了實用的技巧和方法，幫助讀者提高自己的思考能力。不論你是學生、老師、企業家還是一般人，這本書都能為你帶來啟示和靈感，讓你的思考更加清晰、有深度和有創意。', 1, '時報出版', '9783182691357'),
(129, '電影的差距', 1200, '賈克．洪席耶', 999, 2, '2023-07-03 10:59:00', '2023-08-13 23:05:17', '129.png', 3, '電影，是個繁複之物。在這個物質場所，我們被影子的表演所娛樂，觸動著我們更為隱祕的情感。它也是一門藝術的概念，由影迷的熱情所組成，這種熱情模糊了藝術與娛樂之間的界限。有段時期，它也是個書寫運動的烏托邦，連結工作、藝術與集體生活。而有時，這還往往是讓人沮喪的一種影像語言夢想。本書彙集洪席耶從2001年至2010年間所發表的六篇電影專文，論析布列松、史特勞普和蕙葉、佩德羅．科斯塔、羅塞里尼、明尼利與希區考克等導演及電影作品，並使用已在其他架構中闡述的「差距概念」進行分析：電影藉由抹除其形象與哲學，從文學中汲取虛', 1, '典藏藝術家庭', '9786628972950'),
(130, '那一夜，莫札特的門有人在敲', 600, '瓦力', 999, 2, '2023-06-25 17:04:00', '2023-08-13 23:05:17', '130.png', 3, '與父親決裂多年的兒子，收到家裡寄來的包裹：一張大衛．鮑伊的唱片。KTV服務生是最寂寞的人，在那眾生狂歡哭訴暴嘔的暗黑之地，他連片刻的瘋狂都不被允許。顧爾德彈琴必要喃喃囈語，因為寂寞，卻找不到合宜的方式表達自己。鬱症纏身的李希特，防空洞裡練琴的鄧泰山，無故被毆打逮捕的爵士宗師邁爾士．戴維斯……有時音樂是最好的藉口。而有時音樂比藉口更好，可以是人生某段切面的救贖。', 1, '寶瓶文化', '9783596790985'),
(131, '細野晴臣與他的七位錄音師', 1300, '鈴木惣一朗', 998, 2, '2023-04-07 22:02:00', '2023-08-13 23:05:17', '131.png', 3, '→走進音樂巨匠的錄音現場，處處是獻給未來音樂的豐富資產深度訪談細野晴臣本人，及其歷年合作的7位錄音師，暢談橫跨40年、11張樂風多元的個人專輯作品，首度呈現每張專輯背後的製作信念，以及在錄音室中成形的故事。細野晴臣是當代日本流行樂壇公認大師，自1960年代嶄露頭角以來，一直活躍至今。不僅於自己的創作上，更在製作人、音樂家、作曲家、編曲家、歌手等多重身份中，都留下了深遠的影響，且每一件作品都與眾不同、充滿驚喜。從1978年的首張專輯《香川腳本》開始，他便成為日本流行音樂的中心人物，但他自己卻不滿於此，總是尋', 1, '木馬文化', '9788097036385'),
(132, '故宮研究員帶你看懂中國名畫', 800, '余輝', 998, 2, '2023-05-21 11:09:00', '2023-08-13 23:05:17', '132.png', 3, '豆瓣超高評分8.9分，廣大網友一致鑑賞好評：「藝術其實沒有那麼深奧，原來中國畫這麼有趣！」 「這裡的每一幅畫，我都與他們親密接觸過。」－－故宫博物院資深書畫研究館員　余輝 在故宮工作，與各朝代畫卷朝夕相處了30年的余輝教授，發現來參觀故宮的遊客難免會遇到這種情況：在看畫時，不知道從哪裡開始看起，只能呆呆地讀著簡介、對照畫卷，看完了也似懂非懂……', 1, '高寶', '9789694809280'),
(133, '璀璨繁星曼陀羅', 1800, '歐蕾莉‧紅芙', 999, 2, '2023-06-19 23:01:00', '2023-08-13 23:05:17', '133.png', 3, '100種美麗的曼陀羅圖樣，有如漆黑夜空中的銀色月星，帶領你進入魔幻世界 帶著北歐風格的藝術美感，描繪出自然界的花草和天空中的黃道十二宮 用色筆盡情揮灑色彩，抒發內心的壓力和煩悶 隨心運用不同的色彩，完成的作品一定會讓人驚艷不已！', 1, '遠流', '9784182937549'),
(134, '版面研究所⑤Banner設計學：8大關鍵要訣、6大主題應用，1秒抓住眼球，飆高人氣點擊率！', 700, 'Hikaru Kato', 999, 2, '2023-04-13 21:14:00', '2023-08-13 23:05:17', '134.png', 3, '8個基本知識×6大主題應用，將小尺寸設計攻略法全部告訴你 無論打造電商網頁、品牌行銷、線上廣告、社群經營、YouTube還是 LinkedIn 的個人平台經營，透過書中Before、After的對照範例學習版面布局，提高Banner點擊率！ ×訊息太多！看不到重點……. ×底色跟字體顏色太近看不到？ ×日期很重要為何放那麼小？ ×Banner面積太小！很難設計…… 如果您在Banner設計方面遇到問題，這本書就是來解決你的問題！ 把Banner張貼在大量訊息的網絡上，當然就要一眼看到它！它！它！ 因此，做', 1, '三采文化', '9781830260215'),
(135, '孝子', 100, '大師兄', 999, 2, '2023-06-19 22:36:00', '2023-08-13 23:05:17', '135.png', 1, '當我好不容易存到錢，要去找蘋果殺鳳梨時，她卻已經離開了，就像其他曾讓我腐爛的生命散發出幸福香氣的水果小姐們，不會再回來。 莫非真如我兄弟老林說的，切鳳梨的難度太高？ 但是再難，也難不過活著。 我想到背上有觀音刺像的玫瑰，每幫爸媽還一筆賭債，她也請師傅刺下一筆，夢想著刺青完成時，就能上岸了。命運卻連這小小的希望也不肯給她…… 還有離開了吃軟飯的丈夫、獨力養小孩的香瓜姐。她苦心瞞著女兒工作，女兒有天卻對她說：「媽，你不要再看男人的臉色了。」 我懷念在小房間和香菇一起吃薑母鴨的快樂。我們兩個人總是在笑，似乎只要', 1, '寶瓶文化', '9786602488734'),
(136, '以我之名：寫給獨一無二的自己', 300, '張曼娟', 999, 2, '2023-05-18 07:35:00', '2023-08-13 23:05:17', '136.png', 1, '23篇情意真摯的散文，寫給瞻望中年的你、擁抱中年的你、中年徬徨的你、承擔責任的你、照顧之路的你，以及每一個獨一無二的你。中年，終於長成自己的樣子；大人，應該是氣派又溫柔的。做為一個大人，應該以我之名，為自己做決定；承擔責任；享受生而為人的快樂。與久違的自己重逢，感謝自己受過的傷、流過的淚、堅持的夢想。《以我之名》不只是一本照顧者之書，也不只是中年之書，而是寫給自己的書。當我們召喚自己，一起踏上未來之途，才真正擁有了永恆的靈魂伴侶。', 1, '天下文', '9787521663333'),
(137, '困惑的心', 1000, '理察．鮑爾斯', 998, 2, '2023-04-17 16:37:00', '2023-08-13 23:05:17', '137.png', 1, '一場無可挽回的悲劇發生後，兩年來，一名致力於尋找外太空生命跡象的天文學家席歐‧拜恩，必須獨力撫養他九歲的亞斯伯格症兒子羅賓，並設法溝通。羅賓跟母親一樣，關心地球上瀕臨絕種的生物，他每天會花許多時間細細描繪動物。然而母親過世後，羅賓的情緒變得更加敏感易怒，甚至和同學爆發激烈衝突而面臨退學危機。由於不希望羅賓過早服用精神藥物，這時席歐瞭解到一種實驗中的神經反饋治療，可能有助於羅賓學習控制情緒。席歐決定放手一試，讓兒子羅賓接受治療，未料情況竟一發不可收拾……', 1, '時報出版', '9787800850773'),
(138, '異鄉人（卡繆版書衣）', 1900, '卡繆', 999, 2, '2023-04-20 04:50:00', '2023-08-13 23:05:17', '138.png', 1, '存在主義代表作．諾貝爾文學獎得獎小說．二十世紀法國文學經典。獨家授權．全新譯本。他們說，媽媽死了，我沒哭；這是無情，該死。隔天就和女友廝混；這是不孝，該死。挑撥朋友仇家互鬥；這是不義，該死。我合該天地不容，人神共憤，但你們企圖用來拯救我的那一套，又算什麼？我殺了人，只因為夏日陽光刺眼太熱。世界總是喋喋不休地告訴人們，行為舉止甚至思想應該如何符合社會約定俗成的，種種道德規範下的節度。但是，莫梭，一個居高臨下的鳥瞰者，冷靜自持，無動於衷，漠視七嘴八舌急於發表意見和批判的群眾。他倦於給出令眾人滿意的標準答案，他', 1, '麥田', '9786439264171'),
(139, '時光洗衣舖：開張大吉！諮商心理師洗滌人生的洗衣舖', 800, '海蒂（李家雯）', 999, 2, '2023-06-13 11:08:00', '2023-08-13 23:05:17', '139.png', 1, '無尾巷位於都市的邊緣，生活著各種角色。卻因為一家洗衣舖的開張，這條巷子的故事也跟著開展。那家洗衣舖很特別，不僅可以洗滌衣物，還能為人們洗滌心靈的汙濁。每當夜晚來臨，只要將想要洗滌的心事寫在一張小紙條上，投進洗衣舖的門口，隔天就能得到答案。而這些答案，都來自於洗衣舖的主人－－心理治療師海蒂。從各種人生故事中，她用自己的方式，告訴大家：心情不好時，只要願意傾訴，一切都會過去。每個人都值得被愛，也都有能力去愛。', 1, '皇冠', '9788793768844'),
(140, '我是台灣：從美麗島到進步島', 300, '黃哲斌', 999, 2, '2023-04-14 21:05:00', '2023-08-13 23:05:17', '140.png', 1, '台灣，是一個位於太平洋上的美麗島嶼。在日據時期被稱為「美麗島」，現代的台灣則被譽為「進步島」。這本書將帶領讀者深入了解台灣的歷史、文化、政治、經濟和社會，從早期的原住民文化，到荷蘭、西班牙、明鄭、清代和日據時期的統治，再到國民黨的統治，以及現代台灣的民主發展和國際地位。作者以獨特的視角，探討台灣如何從一個被殖民的地區，發展成為一個有自己文化和認同的現代國家。這本書不僅是台灣人的自述，也是對外界的一次介紹，希望能讓更多人了解這片土地上的故事。', 1, '典藏藝術家庭', '9784651052015'),
(141, '人間孤獨，卻與你一見如故：一見如故，卻與你人間孤獨', 800, '黃山料', 999, 2, '2023-07-08 06:32:00', '2023-08-13 23:05:17', '141.png', 1, '「我有一個總是獨來獨往的同學，過世了。\n而我，受他所託，將他遺留世間的書稿，改編出版」\n誠品年度暢銷 總冠軍 黃山料\n首本 青春疼痛文學 著作\n\n浩瀚世間，茫茫人海，你是一個人\n但你，卻也是另一個人的全世界\n\n我揮霍了，所有運氣，只為遇見你\n不論命運，將我們幾次分離，我會 找到你', 1, '三采', '9786873953851'),
(142, '無聲吶喊', 1300, ' 安琪拉', 997, 2, '2023-08-26 17:02:00', '2023-08-13 23:05:17', '142.png', 1, '女屍半沉在水中。她睜著雙眼，染成金色的頭髮在水中散開，圍住她的臉孔。\n她的身體浮起，乳尖破水而出。\n\n史東警探猜測女人的年紀大概在四十五至五十歲之間，但保養得宜。她的上臂看似緊實，臂肉懸在浴缸的水中。她的腳趾甲塗著嫩粉紅色指甲油，雙腿看不到毛根。\n\n以地板上的水量來判斷，事發當時女人曾經為自己的性命奮力掙扎……\n\n殺人兇手知道屍體最早也是在隔天早上才會有人發現，他大可安全離開現場，然而卻選擇縱火，提早引來警方關注。\n現在，史東警探該做的，是找出原因。', 1, '春天', '9780416613519'),
(143, '強風吹拂（二版）【平裝雙面書衣愛藏版】', 100, '三浦紫苑', 999, 2, '2023-08-24 04:31:00', '2023-08-13 23:05:17', '143.png', 1, '破爛公寓「竹青莊」裡十名怪咖組成的雜牌軍，一群被趕鴨子上架的烏合之眾，竟想挑戰日本最古老、難度最高的「箱根驛傳」──全日本大學生心中最熱血的戰場！\n\n竹青莊房客心裡異口同聲OS：沒辦法，因為清瀨說：「讓我們一起攻頂吧！」（顯示為無奈、不甘願狀）\n\n清瀨一定瘋了！這可不是那種阿公阿嬤也能報名、隨時可以棄權納涼的慈善盃路跑，而是來回長達217.9公里的巨型大隊接力賽！喔不，他是認真的！為此他還從路邊撿回偷麵包練跑步（誤）的大一學弟藏原走，終於湊成十人參賽……', 1, '漫遊', '9781461206349'),
(144, '智囊大全集（下卷）', 300, '(明)馮夢龍', 999, 2, '2023-08-10 19:02:00', '2023-08-13 23:05:17', '144.png', 1, '本書是根據《智囊補》編譯的，《智囊補》是明末文學大師馮夢龍先生晚年嘔心瀝血編纂的一部反映古人巧妙運用聰明才智來排憂解難、克敵制勝的處世奇書，也是中國文化史上一部搜羅宏富、篇幅龐大的智謀錦囊。書中蒐集了從先秦至明末三千多年間經史百家、稗官野史，以及不少明代脫胎於民間講說、舞台表演、戲曲詞章中的當代所謂「網路小說」、網絡新聞的素材，都是作者馮夢龍所編寫的', 1, '新視野NewVision', '9786056191498'),
(145, '秘密：東野圭吾之所以成為東野圭吾的完美傑作！', 1300, '東野圭吾', 999, 2, '2023-07-21 06:15:00', '2023-08-13 23:05:17', '145.png', 1, '一場滑雪專車墜崖意外，讓平介一家三口的生活從此變了調。妻子直子為了保護女兒藻奈美，傷重不治，十一歲的女兒雖然毫髮無傷，卻失去了意識。直子的死帶給平介無法言喻的痛苦，唯一的幸運，是藻奈美奇蹟似地甦醒過來，只是她的表情和語言，卻被遺忘在死亡邊緣。然而命運的玩笑不只如此，直子的葬禮結束那天，藻奈美終於開口，卻說了讓平介震驚不已的話：「老公，我是直子。」直子的靈魂，住進了藻奈美的身體──平介的家庭生活頓時成為一個巨大的秘密。對直子來說，這是上天給了她人生重來一次的機會。她用功念書，以醫學系為目標，更積極參與社團活', 1, '皇冠', '9785897338749'),
(146, '九尾狐餐廳：牽絆的奶油料理', 1700, '朴賢淑', 999, 2, '2023-06-10 09:02:00', '2023-08-13 23:05:17', '146.png', 1, '突然死去的男孩道英和主廚大叔，在前往忘川投胎的路上，遇到了九尾狐敘皓。兩人決定用自己尚未冷卻的血和渺小的復活機會跟敘皓交易。換取重返陽間49天的機會，回到自己生活的世界。──但條件是不能用原本自己的臉，甚至不能離開餐廳?!他們該如何把握這僅有的49天，完成生前的遺願？', 1, '大樹林', '9781318119560'),
(147, '橙酒拿鐵', 500, '曾慧芳', 993, 2, '2023-08-19 10:15:00', '2023-08-13 23:05:17', '147.png', 1, '我的島嶼沒有笛鳴嗚嗚，只有如低音喇叭的大船離港，吼吼呼呼。風起了，不必常綠，不必工整，就站成你要的樣子，因為，記憶的佔據，已無關美麗。', 1, '白象文化', '9788898581861'),
(148, '嘔吐（首度正式授權繁體中文版‧法國存在主義巨擘沙特公認最高成就的長篇小說）', 1400, '沙特', 998, 2, '2023-08-26 18:08:00', '2023-08-13 23:05:17', '148.png', 1, '撿拾紙片是個平凡無奇的怪癖，歷史學者羅岡丹卻因此開啟了人生的一連串災難。他在撿拾的那個瞬間被觸動了，變得開始害怕觸碰物體，那溫吞噁心的感覺很快地擴散到五感，接著，連原本熟識的人，看起來也開始變得陌生。羅岡丹再也無法好好過生活。更糟的是，不只是原先的日常、就連那些視日常生活為理所當然的人都讓他渾身不適。無論走到哪裡，羅岡丹總感覺被困在令人作嘔的人事物之中。就在此時，他遇上了多年前的愛人……', 1, '麥田', '9780538550932'),
(149, '獅子的點心：2020本屋大賞TOP2！小川糸全新小說，感淚必至！', 1400, '小川糸', 997, 2, '2023-05-13 01:54:00', '2023-08-13 23:05:17', '149.png', 1, '母親罹患癌症，時隔多年和她通了電話。在電話裡，我對著害怕面對死亡的母親如此說道：「每個人都會死啊！」但世界上可能絕大多數的人都像母親一樣，對於未知的死亡心生恐懼。雖然沒能趕在母親去世前出版，但我希望可以寫一本讓讀者對於死亡心生安慰的書。', 1, '悅知文化', '9785997009385'),
(150, '騎驢少年：人生不是一場旅行', 700, '內斯托．科里', 999, 2, '2023-06-15 05:37:00', '2023-08-13 23:05:17', '150.png', 1, '．如果你喜歡《小王子》、《牧羊少年奇幻之旅》或《生命咖啡館》，也會被這本書感動。它有文學小說的優美及情節張力，也有心理勵志書的療癒力，引領讀者以逆思考面對生活的不安、焦慮與死亡的恐懼，具有撫慰心靈之效。', 1, '遠流', '9788369394436'),
(151, '傾城之戀【張愛玲百歲誕辰紀念版】：短篇小說集一　1943年', 1100, '張愛玲', 998, 2, '2023-05-04 10:53:00', '2023-08-13 23:05:17', '151.png', 1, '《傾城之戀》集結張愛玲橫空出世、震撼文壇的八篇短篇小說代表作，有著她對人性尖銳的剖析，折射出世間男女的愛嗔欲求、苦恨毒辣。她寶愛街巷裡流麗的熱鬧，流連城市中的聲光氣味，念舊又貪新；卻每每在華美處，以剔透之心體察出蒼涼悲意。舉重若輕的情節流轉，曖昧繁複的心理周折，寫盡人們生於浮世危城的瘋癡和抑鬱、徒勞和惘然。一爐沉香，一壺香片，一輪冷月，她用文字挽住了一個時代，也帶我們走進那沒有光的所在。', 1, '皇冠', '9783855944335'),
(152, '明日，明日，又明日', 1500, '嘉布莉．麗文', 999, 2, '2023-04-20 04:58:00', '2023-08-13 23:05:17', '152.png', 1, '在這本由暢銷書《A. J. 的書店人生》作者創作的小說中，兩個好朋友對彼此常常滿懷愛意，卻從來沒有成為戀人，而在電玩遊戲設計的世界裡他們成為夥伴，成功給他們帶來了名氣、快樂、悲劇、欺騙，以及某種永恆的意義。', 1, '商周出版', '9784171538673'),
(153, '三體系列燙銀簽名套書', 300, '劉慈欣', 999, 2, '2023-05-07 11:46:00', '2023-08-13 23:05:17', '153.png', 1, '《三體》系列，是中國文壇最值得注意的作家劉慈欣的科幻史詩鉅作，劉慈欣在書中所展現的開闊格局，將華文科幻帶向前所未有的高度，他筆下的許多人物角色，也深植書迷心中，令人神往。劉慈欣之於科幻，如同金庸之於武俠，兩者皆將類型小說寫出了迥異於以往的恢弘格局。本系列雜揉科技、政治與歷史，在全世界引發熱潮，至今已賣破3000萬套，授權NETFLIX影集將於二○二三播出！', 1, '貓頭鷹', '9789289860668'),
(154, '後來，就把失去熬成失眠：《深夜電台：凌晨01:00如果你也睡不著》初心蛻變版！初稿珍貴重現，加筆全新散文！', 700, '無NONNO', 998, 2, '2023-05-16 14:20:00', '2023-08-13 23:05:17', '154.png', 1, '今晚，你的睡不著是因為誰呢？因為望得太深，所以要忍痛清創。因為看了出神，不小心沉入流年。或是決定要長大，得先橫渡長夜。又可能想起了你，以及吻過你下巴的留戀。', 1, '皇冠', '9783934687631'),
(155, '原則：生活和工作', 700, '瑞．達利歐', 999, 2, '2023-08-14 15:50:00', '2023-08-13 23:05:17', '155.png', 2, '瑞．達利歐出身美國普通中產家庭，26歲時被投資公司炒魷魚，在自己的兩房公寓室白手起家創辦了橋水，並在接下來超過42年裡，把橋水打造成了獲《財星》（Fortune）雜誌評選為美國第五重要的私人公司。現在橋水管理資金超過1,500億美元，截至2015年年底，盈利超過450億美元。達利歐曾成功預測2008年金融危機，成為華爾街教父級大神。', 1, '商業周刊', '9781803856456'),
(156, '世界最神奇的24堂課', 1200, '查爾斯．哈奈爾', 999, 2, '2023-05-25 14:17:00', '2023-08-13 23:05:17', '156.png', 2, '近些年來，在矽谷有一個人盡皆知的秘密，那就是，許多創業者都是藉由研讀哈奈爾先生筆耕的結晶，因而創造了自己的財富。從矽谷起家的百萬富翁和億萬富翁，幾乎每個人都讀過這本《世界最神奇的24堂課》。由於本書被禁多年，直到近年才得以重見天日，因此一度在矽谷掀起一股銷售熱潮。', 1, '德威', '9787215219696'),
(157, 'ETF實戰週記：樂活大叔的52個叮嚀', 2000, '施昇輝', 999, 2, '2023-07-17 22:51:00', '2023-08-13 23:05:17', '157.png', 2, '1.行為投資學台灣版：在新冠疫情期間，投資人眼看起高樓，眼看樓塌了。內心難免波濤洶湧，思緒萬千。樂活大叔將以這一年所遇到的所有股市狀況為題目，以一生投資心法寫出最佳解。2.理論與實作並陳：本書偏重實際的進場操作，以及心態掌握，書內以2021年這一年波濤洶湧的股市實踐做法，說明這一年樂活大叔如何迷途知返，關鍵時刻下的決勝思維，回歸萬宗歸一的無腦投資術。', 1, '商業周刊 ', '9780664529419'),
(158, '栗山筆記：一生受用的經典閱讀法', 300, '栗山英樹', 999, 2, '2023-06-23 13:27:00', '2023-08-13 23:05:17', '158.png', 2, '在日本，栗山英樹是個家喻戶曉的名字。自2021年12月起，他接任日本棒球國家隊總教練，憑藉對球員的高度信任以及運籌帷幄的策略，於2023年世界棒球經典賽（WBC）一路過關斬將，領導日本武士勇奪世界冠軍，一躍成為該國民眾心目中的「最佳上司」。在此之前，栗山曾接受北海道火腿鬥士隊總經理邀請、執掌兵符長達10年，期間與現今享譽國際的球星大谷翔平建立起動人的師徒情。然而，年輕時作為職業運動選手的栗山英樹，過得並不如意。深受梅尼爾氏症影響，其短暫的球員生涯在29歲時畫下句號——此後，他之所以能以頂尖教練之姿、在球場', 1, '天下文化', '9781676988314'),
(159, '新手學英文書法的第一堂課', 1300, '幾不Jibu Le Design', 998, 2, '2017-06-11 07:19:00', '2023-08-05 20:36:14', 'uyt5874.png', 12, '幾不老師累積多年沾水筆教學經驗，知道對入門者而言最困難的筆順是哪些，也知道該如何克服這些障礙，將練習技巧與訣竅都收錄在書中，不藏私大公開！即使是已經有沾水筆書法基礎的人，也可以在書中學到不少撇步，例如讓筆畫更為工整美麗的細節、或是從哪些練習著手等等。', 1, '遠流', '9786391353622'),
(161, '英文書寫體自學聖經', 1500, 'Michael Sull, Debra Sull', 999, 2, '2023-06-20 05:03:00', '2023-07-24 00:36:21', 'ssswe312.png', 12, '　英文書寫體，也就是常見的英文草寫，是最廣泛運用的字體。許多人或許曾在學校練習過，照著字帖反覆寫，但最後還是無法靠自己流暢地寫出來。這種看似簡單，無論用鉛筆、原子筆、鋼筆都能寫的字體，在市面上相當缺乏系統性的教法與教材，不單是台灣，在國外也並不常見。\r\n美國國寶級書法大師邁克・索爾，承襲了打字機問世前、目前幾近失傳的英文書法技巧，加上40年教學經驗，希望能為所有熱愛手寫的人，撰寫一套在家也能自己練習、具系統性的英文書寫體學習手冊，享受寫一手美字的樂趣。\r\n ', 1, '漫遊者文化', '9786925803475'),
(162, '英文溝通寫作全技藝', 1500, 'Rosalie Maggio', 997, 2, '2018-06-21 20:08:00', '2023-07-10 00:36:21', 'yyeess.png', 12, '　在現今文字溝通漸成主流的社會，如何遣詞用字表達心中想說的話，是人際往來溝通中最重要的事情。光是使用自己的語言表達想法，已經不太容易，何況是用英文來溝通。《英文溝通寫作全技藝》教你用合適的英文表達想法，更重要的是，它不止告訴你「該怎麼說」與「什麼該說」，還提醒你因應不同場合或對象，什麼「不該說」！本書附錄亦增加書寫英文書信時應注意的格式與內容要點，對於想要增進英文書信能力的人，這本是你的最佳選擇。', 1, 'EZ叢書館', '9785454956819'),
(163, '你背過一本英文書嗎？：只要征服一本書，跟英文恐懼說掰掰', 1100, '金敏植', 999, 2, '2018-04-09 03:45:00', '2023-07-03 14:56:49', 'ppoo521.png', 12, '我從英文聖經到非常簡單的英語會話，每天背一課，然後複習前一天的內容。也不要以為初級會話沒什麼了不起就急著升中級；背一本英文書，就像建築打地基，在辛苦背誦的同時，非常神奇你的體內也會產生某種自信。學好英文的祕訣就是「迫切感」，再來就是「不害怕跌倒」，很多人怕講錯，但我們不應該學怎麼不說錯，而是用錯的句子去闖蕩，「丟臉不會死，真正丟臉是為了面子而不願嘗試。」', 1, '大田', '9786497373978'),
(164, 'Python編程入門', 900, '安東尼．索頓', 999, 2, '2023-05-17 21:38:00', '2023-08-13 23:05:17', '159.png', 2, 'Python是一種廣泛使用的高級編程語言，用於開發Web應用、資料分析、人工智慧、遊戲和更多。本書將指引讀者學習Python的基本概念、語法和技巧，從最基礎的程式設計概念到進階的主題。適合初學者、學生和經驗豐富的開發人員。', 1, '天津科學技術出版社', '9786121999738'),
(165, '室內設計公司創業計劃書：12個計劃，42個經營要項，step by step帶你成功開業', 1000, 'i室設圈 | 漂亮家居編輯部', 998, 2, '2023-06-21 01:10:00', '2023-08-13 23:05:17', '160.png', 2, 'i室設圈 | 漂亮家居編輯部\n1. 搭建跨領域專業整合設計的平台。\n2. 以系統化方式論述空間設計知識。\n3. 以包容作為在地與國際連結橋梁。\n4. 以前瞻、宏觀態度打開設計視野。\n5. 齊心前行，找出產業未來的方向。', 1, '麥浩斯', '9781117877067'),
(166, '塔木德：猶太人的致富寶典', 300, '趙凡禹', 999, 2, '2023-07-25 06:47:00', '2023-08-13 23:05:17', '161.png', 2, '猶太民族是世界上最聰明、最神祕、最富有的民族之一——他們是世界上的少數人，卻擁有著世界上龐大的資產；他們遭受了千年的凌辱，備受打擊，四處流浪，卻驚人的富有；他們沒有什麼資本，卻始終處於金錢的巔峰、權力的中心。', 1, '海鴿', '9787223386426'),
(167, '明茲伯格談高效團隊：7種發揮競爭力的組織設計', 300, '亨利．明茲伯格', 999, 2, '2023-04-06 14:31:00', '2023-08-13 23:05:17', '162.png', 2, '本書是組織與策略管理大師亨利．明茲伯格，匯聚半個世紀以來對組織理論及其運作的研究與思考，厚積而薄發的最新集大成之作，精確解剖組織這個「奇特生物」，提出七種組織設計架構及七股驅動組織運作的作用力，建構出畢生最完整的組織管理「分析架構」。', 1, '天下文化', '9782763301239'),
(168, '勇敢抄底！別人恐懼我貪婪，肥羊的槓桿養股術', 600, '翁建原', 998, 2, '2023-07-10 06:27:00', '2023-08-13 23:05:17', '163.png', 2, '在股海遨遊20多年的股市肥羊認為，「只要是賺錢的大公司，就有長期投資的價值」、「爛公司其實是好公司，大規模衰退的公司，也會是大規模成長的公司」、「災難來臨時不應該逃避，而是要勇敢迎接災難來臨，勇敢跳進鱷魚河」。他也將這些理論運用在實戰經驗中，例如他在2022年9月底，股市大跌近3成時，透過積極操作買賣大型金融股，2個月左右的時間就賺進171萬元，獲利頗豐。而他也在書中大方分享自己的操作方法，讓讀者能夠借鑒經驗，進而像他一樣，不懼崩盤，積極抄底。', 1, 'Smart智富', '9782146347222'),
(169, '哈佛商業評論最有影響力的30篇文章', 200, '哈佛商業評論', 995, 2, '2023-06-20 04:51:00', '2023-08-13 23:05:17', '164.png', 2, '《哈佛商業評論》於1922年由哈佛大學商學院創辦，100年來始終是國際最權威、最前瞻的商業管理雜誌，深入探討每個企業經理人關懷的核心問題，涵蓋：領導、策略、創新、變革、人才培育、大數據、物聯網、人工智慧、數位轉型、疫後新策略、永續經營等。', 1, '天下文化', '9782441832704'),
(170, '買房，也買自由：小資族的財富翻身之路', 900, 'Tody 陶迪', 999, 2, '2023-07-07 19:23:00', '2023-08-13 23:05:17', '165.png', 2, '房市小白、小資族的理財購屋計畫　　優化財務體質，搞懂擇屋眉角，跳脫老後無房風險　　☑學賺錢：拋棄無效理財，三張表畫出購屋地圖，穩健邁向財富自由　　☑學挑屋：看屋38項規格check！建案好壞一目瞭然　　☑學買房：搞懂金融規矩，避開隱形的交易陷阱', 1, '時報出版', '9785770122162'),
(171, '為什麼不能一直印鈔票？英國央行經濟學家用10個日常問題，解答你對經濟現況的疑惑', 200, '英格蘭銀行', 998, 2, '2023-06-16 02:47:00', '2023-08-13 23:05:17', '166.png', 2, '為什麼以前的十元零食都不見了？塑膠袋收費真的能減少用量嗎？物價上漲為什麼反而是件好事？10個最關鍵的日常情境，帶領你用經濟學了解世界運作！', 1, '商周出版', '9781525113006'),
(172, '卡內基：人性的弱點', 2000, '戴爾‧卡內基', 999, 2, '2023-07-07 23:11:00', '2023-08-13 23:05:17', '167.png', 2, '這是一本關於行動的書。　　本書自從一九三六年問世以來，在世界各地已經譯成五十八種文字，　　全球總銷售量九千餘萬冊，擁有超過四億讀者，　　成為人類出版史上最暢銷的書籍之一。', 1, '風雲時代', '9780315198852'),
(173, '股息Cover我每一天：600張存股達人絕活全公開', 1600, '大俠武林', 999, 2, '2023-04-14 09:31:00', '2023-08-13 23:05:17', '168.png', 2, '投資好手大俠武林，靠自己在36歲存到600張兆豐金；2021年，他領到的兆豐金股息將高達92萬元。　　每次進場買股票，他都將成交單貼上FB粉絲專頁公開分享，用行動落實他的投資中心思想──「專注本業，閒錢投資；資金控管，分批進場；找到週期；逢低布局」，既簡單，又能穩定獲利！　　「專注本業，閒錢投資」：　　專注本業，務實的累積本金，投資道路才能走得長久；投資只用「閒錢」，因為錢要夠閒，才能等出獲利。　　「資金控管，分批進場」：　　萬米長跑，考驗跑者體力控制的技巧；長期投資，考驗投資者資金控管的智慧。不想買在最', 1, 'Smart智富文化', '9787000655547'),
(176, 'TOEFL iBT托福分類字彙 [增訂版] ', 1900, '林功', 999, 2, '2013-07-25 09:22:00', '2023-07-02 14:47:15', '9897.png', 2, '托福的閱讀測驗以學術類文章為主，本書收錄60篇托福常考的學術類文章，從考古學、醫學、心理學、生物學等領域中，標示出重要字彙及片語，考生可熟悉自己不曾接觸過的學術領域，同時記下這些主題的相關單字。另外，更以關鍵句帶領考生學會掌握文章重點，全面戰勝閱讀測驗。', 1, '眾文', '9784057681489'),
(177, 'IELTS雅思口說里茲螞蟻英文說話術', 700, ' May Lin, Amy Lovestrand ', 999, 2, '2023-07-08 06:38:00', '2023-07-10 00:36:21', 'IELTS雅思口說里茲螞蟻英文說話術.png', 12, '準備雅思口說，考生最常做的事就是努力背誦各種範文，所以回答多半內容空洞，缺少說服性。里茲螞蟻May Lin老師以雅思教學十多年的經驗，觀察到「台灣學生長期缺乏獨立思考的機會，導致考生只要碰到需要稍微深度思考的問題，答案就經常缺乏邏輯與連貫性」。考生若是不加強邏輯思考能力，繼續一昧背誦艱深詞彙、複雜句型，頂多只能拿一般分數，終究與高分無緣。', 1, '眾文', '9789286441113'),
(178, '一本戰勝！商務英文E-mail全情境指南， 商務英文書信抄這本就搞定！', 1800, '蔡文宜', 999, 2, '2017-05-21 16:13:00', '2023-07-02 00:36:21', 'wsxcde.png', 12, '外國客戶的回信總是很冷淡，甚至在業務往來上刁難你？\r\n其實，你只是還沒掌握商務英文E-mail的寫作要領！\r\n少廢話！英文E-mail別拖泥帶水，講重點就好！\r\n快點抄！複製→貼上→寄出→達成目的超高效！\r\n就讓曾任職外商的資深商務英文教師，\r\n以收錄70大商務全情境的E-mail指南，\r\n帶你掌握商務英文信件的寫作訣竅，在職場上如虎添翼、無往不利！', 1, '捷徑文化', '9784259161403'),
(179, '洛克菲勒寫給兒子的38封信', 900, '約翰‧洛克菲勒', 999, 2, '2023-04-22 12:20:00', '2023-08-13 23:05:17', '169.png', 2, '世人得以一窺傳奇帝國如何建成的重要線索！家書何只抵萬金！給事業接班人及時的勉勵與教誨商界巨賈本人與自己的心靈對話約翰‧戴維森‧洛克菲勒給他的兒子小約翰‧戴維森‧洛克菲勒的私人信函。美國前任聯邦準備銀行主席艾倫‧格林斯潘曾經說過：「今日的企業領導者，應該從洛克菲勒的家書裡尋找靈感。」', 1, '天蠍座文創 ', '9783436483986'),
(180, '頂尖操盤手的美股攻略大全：價值投資╳財報分析╳選股策略，全面解析獲利法則', 1100, '紐約居民', 999, 2, '2023-04-15 06:47:00', '2023-08-13 23:05:17', '170.png', 2, '【第一張美股就獲利，用判讀X策略X趨勢看懂買賣訊號，長期穩賺！】1. 用15份美國企業的公開資訊簡報，實例解析、全彩呈現。2. 解構並判讀財報的章節祕密，學會估算股票價值和本益比。四大代表性產業，消費類股、科技股、飯店類股和REITs類股的詳解。3. 企業併購、首次公開募股、特殊目的收購公司、槓桿和股票分割五大美股特例，又將如何影響投資者心理。4. 會避險、懂配置、布局槓桿ETF的三大投資策略，股價升降都不怕。5. 面對股價的上沖下洗，特殊交易的買與賣，也有聰明策略！', 1, '三采文化 ', '9784404936027'),
(181, '工作美學（硬精裸背穿線版）', 700, '江振誠', 998, 2, '2023-04-11 10:01:00', '2023-08-13 23:05:17', '171.png', 2, '「跨界，是跨你的眼界。我教你的不是做菜，是頂尖的格局。」《時代》雜誌兩度讚譽為「印度洋上最偉大的廚師」，唯一橫跨米其林、世界50大最佳餐廳及世界百大主廚榜的華人名廚江振誠，從過去到現在，他的每一步都是在跨越看得見與看不見的疆界。正是這種寬闊思維與生命姿態，成就了他頂尖的格局與眼界及不平凡的人生。', 1, '天下文化', '9781715228484'),
(182, '當責學應用圖解', 200, '張文隆', 998, 2, '2023-08-02 17:33:00', '2023-08-13 23:05:17', '172.png', 2, '本書共有72張圖，佐以許多有趣的故事軼聞，娓娓道來上述四個價值觀的內涵精要，再延伸到企業／組織文化、社會文化，再進一步提升到當責文明，一氣呵成。這是一條漫漫長路，卻是一脈相傳、一以貫之。72張圖上下連接延繫宛如一道光譜，譜中各節點有圖、有故事，相輔相成、相得益彰。在領導自己與領導別人上，當責也開啟了一系列相輔相成的軟實力，幫助你從圖中體悟出成功的事業與人生。', 1, '商周文化 ', '9785361334649'),
(183, '卡片盒筆記：最高效思考筆記術，德國教授超強秘技，促進寫作、學習與思考，使你洞見源源不斷，成為專家', 600, '申克‧艾倫斯', 999, 2, '2023-07-10 22:34:00', '2023-08-13 23:05:17', '173.png', 2, '書寫是一切學習的基礎。所有要用到頭腦的，都是先從做筆記開始。如果我要開一家學校，我就會每天教學生做筆記。對於這一切的重要性，卡片盒筆記都已經說明了。卡片盒筆記對我有三個用途：讓我深入思考某個問題，搜集資料，日後還可以出版。', 1, '遠流 ', '9781660988099'),
(184, '世界上最神奇的24堂課：全世界唯一一本，因為揭露「致富秘訣」而被查禁的書！', 500, '查爾斯‧哈奈爾', 994, 2, '2023-04-26 03:00:00', '2023-08-13 23:05:17', '174.png', 2, '一九一二年，美國企業家查爾斯‧哈奈爾出版了《世界上最神奇的24堂課》，這是一本闡述個人成就與成功的書，也是一本極度具有啟發性的成功之道，全書描述的是一種只有極少數人知道，卻有著巨大影響力的「致富秘訣」。出版後立刻成為最熱門的暢銷書。', 1, '海鷹文化', '9782220936857'),
(185, '你沒讀到的美國：李中志的玉米田', 500, '李中志', 999, 2, '2023-06-27 22:46:00', '2023-08-25 02:40:00', '300.png', 4, '美國中西部一個四周環繞玉米田的大學城中，\n　　李中志教書、生活，認識新祖國美國，也懷念故鄉台灣。\n　　台美兩國同年總統大選，同遇防疫政治的挑戰，同臨台美中關係的改變，如何應對各自的民主困境與政治困局？\n　　我們從歷史中找到對應，尋出對當代的建議。\n　　深度讀懂美國、反思台灣，不可錯過的一本書！', 1, '玉山社', '9786121720295'),
(186, '圖解第二次世界大戰 德國戰車', 1200, '上田信', 999, 2, '2023-04-08 23:09:00', '2023-08-25 02:40:00', '301.png', 4, '本書透過上田信老師精緻的手繪插圖，\n　　詳細介紹一戰後到二戰期間德國使用的戰車，\n　　並以文字詳述每架戰車的特色與改良處。\n　　此外，還附上裝甲兵的各項配備以及投入戰車的戰場簡圖，\n　　涵括戰車相關的豐富資料。', 1, '楓樹林出版社', '9783945791212'),
(187, '如果歷史是一群喵(1)：夏商周【萌貓漫畫學歷史】', 200, '肥志', 998, 2, '2023-08-16 07:57:00', '2023-08-25 02:40:00', '302.png', 4, '神農喵是為民嘗百草，還是是自己愛嗑貓草？\n　　涿鹿之戰中，蚩尤喵一度對黃帝喵使出PM2.5（大霧）攻擊？\n　　商湯喵能滅掉夏朝，是因為牠督促群喵拚命生孩子？\n　　伊尹喵待機時間超長讓牠熬過商朝五代君王？\n　　周公喵真的那麼清純不做作，跟外面那些妖豔Ｘ貨一點都不一樣？', 1, '野人', '9781363795484'),
(188, '阿共打來怎麼辦：你以為知道但實際一無所知的台海軍事常識', 1500, '王立', 999, 2, '2023-08-07 17:51:00', '2023-08-25 02:40:00', '303.png', 4, '軍事謠言是造成台灣失敗主義的溫床\n　　台灣大選之前，必會出現軍事謠言大量散布。\n　　以往都是少部分的中國網民，配合台灣統派譏諷貶低台灣國軍，散播吹捧解放軍實力的農場文。但在二〇二〇年總統大選，此趨勢已擴張到一般民眾，透過LINE、Facebook等封閉群組的特性，中國加強資訊戰的力道，力求讓台灣民眾普遍相信，中國解放軍的實力不僅可以三兩下打敗台灣，更可以超英趕美，不出數年就可成為新霸權。也就是要台灣人早點認清現實，快快投降。\n　　但仔細想一想，這類謠言的目的是什麼？\n　　謠言是動搖對手民心的武器，是在沒有', 1, '大塊文化', '9784981604092'),
(189, '從前從前，有間古書店：英倫傳奇書店亨利．莎樂倫的日常， 除了書業秘辛，還有鬼魂與受詛咒的書', 900, '奧利佛・達克賽爾', 999, 2, '2023-04-08 18:05:00', '2023-08-25 02:40:00', '304.png', 4, '沒有任何人事物會被丟下！百年書店的魅力正是如此。位於倫敦的莎樂倫，成立於1761年，是所有愛書人不能不知道的一家書店。不僅經手過牛頓、狄更斯、邱吉爾、洛克等人的手稿，也是英國皇室欽定的書商。2012年，古老的莎樂倫書店決定創辦推特帳號，但沒過多久就遭受遺忘。初來乍到的新人奧利佛悄悄接管帳號，開始撰寫書店的各種奇聞軼事，包括住在地下室的惡魔、貓頭鷹笑話，以及你永遠想不到的怪事。沒想到大受讀者歡迎，因而有了這本書的誕生。現實與網路間的邊界不斷移動，將實實在在的書店搬進數位宇宙然後再化作實體書籍，這個過程非常現', 1, '悅知文化', '9780816634316'),
(190, '可讀、可想、可互動的歷史啓蒙書', 1900, '伊恩．道森', 999, 2, '2023-04-13 20:54:00', '2023-08-25 02:40:00', '305.png', 4, '給討厭歷史的你：令人頭痛的年表和事件可以有更有趣的學習切入點。給喜歡歷史的你：古人和古物的故事可以有更多深入解讀的空間。給對歷史無感的你：化資訊碎片為有用知識的思考方法，不學嗎？打開本書你將發現：年表不只是年表，而是人事物存在的時間座標。史料不只是史料，而是解讀人事物的佐證。古人不只是古人，他們可能改變千萬人的人生，並造就你的人生。學歷史不只是學歷史，懂得與過去對話，混亂的當下可以看得更明白。', 1, '究竟', '9789138359612'),
(191, '理解邪惡：從深度心理學深入解析邪惡的本質', 800, '萊儂．科貝特', 999, 2, '2023-04-08 07:43:00', '2023-08-25 02:40:00', '306.png', 4, '與「惡」的對抗，一直是人類歷史的重大主題。然而邪惡未曾終結，每個個人、群體對「惡」的定義不盡相同，所謂的「惡人」甚至不覺得自己壞，顯示「邪惡」這個概念極為複雜，任何單一視角都不足以全盤理解。在本書中，榮格分析師萊儂．科貝特從深度心理學切入，整理了理解邪惡的多重視角，並提供深入的分析。', 1, '心靈工坊', '9783241895421'),
(192, '解開印度之謎', 100, '琳達．舒曼', 999, 2, '2023-07-13 23:41:00', '2023-08-25 02:40:00', '307.png', 4, '印度是一個神秘且充滿魅力的國家，充斥著多樣的文化、宗教和傳統。本書將深入探討印度的歷史、社會和文化，提供讀者更加全面的了解，從而解開這個令人著迷的國家之謎。', 1, '時報出版', '9788794398576'),
(193, '蔡康永的說話之道（500萬冊紀念版）', 300, '蔡康永', 999, 2, '2023-06-05 12:01:00', '2023-08-25 02:40:00', '308.png', 5, '說話是我們跟世界相處的方式，如果我們不能說話，我們會是完全不同的人。\n\n在把「說話之道」寫成書之前，我沒有想過跟別人聊這件事，出成書之後，我才發現有這麽多人，其實完全明白說話有多重要。\n\n這使我對於寫書這件事，收到無比的鼓勵，因爲：說話是互相的事，世上有越多人把說話當回事，把說話正視爲幸福的基礎，我們就都可以一起生活得更好。\n\n我希望我們一起把握每一種令自己幸福的機會。畢竟在這樣的時代，並沒有其他更值得追求的事了。', 1, '如何 ', '9784246306926'),
(194, '開啟你的驚人天賦：科學證實你能活出極致美好的人生狀態', 1200, '喬．迪斯本札', 999, 2, '2023-07-28 02:35:00', '2023-08-25 02:40:00', '309.png', 5, '【平凡人也能成就的不凡之事】\n我們的心是中樞能量中心，可以產生一個超越自己身體的電磁場，攜帶著能量頻率的訊息往內往外傳播。作者結合心理學、神經科學、表觀遺傳學及量子物理學等最新科學研究，用淺顯易懂的方式說明我們是如何與萬物連結及受到無形場域的束縛。了解能量場的原理後，就能透過學習進入潛意識系統，改變自己的腦波及重設自主神經系統，啟動自我更新，成為真正的生命主人。', 1, '三采', '9784848339208'),
(195, 'The Power力量', 900, '朗達．拜恩', 999, 2, '2023-06-06 05:36:00', '2023-08-25 02:40:00', '310.png', 5, '作者朗達．拜恩在書中說了許多人運用「力量」心想事成的故事，並提供擁有夢想人生的詳細指引，把你自然且喜悅地掌控自身命運所需的一切資訊都整合在一起。你不必先讀過她的前一部作品《祕密》，才能透過《The Power力量》改變你的人生，因為你需要知道的每件事都已經包含《The Power力量》這本書裡。不過如果你已經讀過《祕密》，那麼這本書將大幅擴充那些你早已經知道的事情，讓你更得心應手地運用心想事成的力量。', 1, '方智', '9781502775569'),
(196, '蔡康永的情商課：為你自己活一次', 700, '蔡康永', 999, 2, '2023-05-19 09:59:00', '2023-08-25 02:40:00', '311.png', 5, '他，是《康熙来了》裡的王牌主持人、《奇葩說》裡觀點獨到的導師，是公認的高情商金句王。他說話總是溫柔、包容而冷靜，既能充分表達自己的看法及意見，又能讓他人感覺暖心而不失面子，被知名主持人馬東譽為世間少有「讓自己開心，也讓世界開心的人」。\n\n這些年間，他發現有件事跟會說話同樣重要，那就是擁有｢高情商｣。他凝聚30年來在演藝圈摸索出的門道，舉大量實例、動人的故事和對話，以及獨到的幽默感和奇思妙想，幫讀者掃除自卑、恐懼、自欺、空虛……等負面情緒，踏出高情商的第一步。', 1, '如何', '9782968860532'),
(197, '成為有趣人的55條說話公式：日本最幽默導演教你用「聊天」提升人際魅力，讓你職場、情場、交友、演講、自我介紹……處處無往不利！', 900, '吉田照幸', 998, 2, '2023-07-25 01:40:00', '2023-08-25 02:40:00', '312.png', 5, '如果你符合以下任何一項狀況，就要看這本書！　　☐要你聊天沒問題，但自我介紹就好像要你的命？　　☐臨時被CUE上台演講，腦子一片空白，想說也說不出來？　　☐見到心儀的人，好想多認識一下對方，可是愛在心底口難開？　　☐上司的話總是讓你很難答腔，到底要怎麼回才能既有禮又有趣？　　☐接了一句話，就把原本開心熱絡的場子瞬間移動到北極海？　　用「有趣」改變你的人生，解決所有溝通問題！', 1, '遠流', '9780335976258'),
(198, '思考101：耶魯大學改變人生的一堂思辨課', 200, '安宇敬', 999, 2, '2023-04-25 21:44:00', '2023-08-25 02:40:00', '313.png', 5, '你有過這樣的經驗嗎？本來以為輕而易舉的事情，實際執行卻困難重重；原本以為理所當然的觀念，事實卻跟你原本想的截然不同。這些生活中的「認知偏誤」，會嚴重限制我們的視野，讓我們被自己蒙蔽，難以做出正確的判斷。　　事實上，人對世界的關注能力有限，「認知偏誤」是我們適應環境的手段，它允許我們做「認知吝嗇鬼」，以最舒適的方式思考，保留我們的「認知能量」給對生存更急迫，而非合乎邏輯的事。所以當我們找到自認「滿意」的答案，我們的大腦就會抗拒思考，阻止我們繼續搜尋無窮無盡的選擇。　　想擺脫思維的盲區，我們需要重新檢視自己的', 1, '平安文化', '9782773300002'),
(199, '成為自由人', 300, '李惠貞', 999, 2, '2023-04-06 18:11:00', '2023-08-25 02:40:00', '314.png', 5, '在出版界擔任重要幕後推手的李惠貞，　　分享二十多年來，面對工作的熱情、創意與實踐，　　以及如何定義閱讀、旅行、人生的「自由」。　　回到核心，活出自己，不論任何時刻，為自己創造新的選項。　　美術裝幀則以《氣味島》、《朝一座生命的山》獲得金蝶獎榮譽的「霧室」設計，　　以自由的海洋作為想像，陪伴讀者一起探索生命的答案。 ', 1, '維摩舍文教事業有限公司', '9782858571543'),
(200, '秒懂過動與自閉的內心世界', 1100, '岩瀨利郎', 999, 2, '2023-07-21 16:12:00', '2023-08-25 02:40:00', '315.png', 5, '過動與自閉者並非有什麼行為問題或心智發展的遲緩，他們只是獨特的個體。這不僅僅是一本兒童書，而是一本適合所有成年人的「人類學教科書」。　　想像有這樣一位小孩，他能清晰地記住某件事的聲音、顏色和形狀，但無法記住它的名稱；他對於日常生活中的瑣碎小事深感興趣，卻對於自己的親近之人感到困惑。他很容易受到外界刺激，對於自己的情緒非常敏感，但卻難以表達。這位小孩就像我們每個人的一部分，只是他更加敏感、細緻和獨特。　　這本書以淺白的文字和生動的插圖，深入淺出地介紹了過動與自閉的內心世界，幫助我們理解他們的思考方式和行為模', 1, '究竟', '9785972958017'),
(201, '千腦智能新理論', 300, '傑夫・霍金斯', 998, 2, '2023-04-11 21:20:00', '2023-08-25 02:40:00', '316.png', 6, '傑夫・霍金斯團隊發現，大腦利用類似地圖的結構建構世界的模型──並非只是單一模型，而是為我們所知的一切事物建構成千上萬個模型。此一發現使霍金斯得以回答關於我們如何感知世界、我們為何會有自我意識，以及高階思維起源的重要問題。本書預示了智慧理論的一場革命，討論的議題十分精彩，是名副其實的「大思想」著作。• 人腦如何運作• 新腦與舊腦的差異• 何謂「意識」？揭開意識的奧祕• 打造真正AGI智慧型機器的可能性，以及我們為何不用害怕這種機器• 機器智能的未來• 人類錯誤信念的起源與危害• 人腦與機器融合：上傳大腦；人', 1, '星出版', '9781289075763'),
(202, 'SDGs系列講堂 跨越國境的塑膠與環境問題：為下一代打造去塑化地球我們需要做的事', 400, 'InfoVisual研究所', 999, 2, '2023-04-05 16:52:00', '2023-08-25 02:40:00', '317.png', 6, '＞真正地認識塑膠理解生活中最常使用的材質，可能產生什麼樣的問題，今後更能有意識地挑選、消費。＞了解世界現狀塑膠問題並非自掃門前雪就能一勞永逸，更完整地理解改變方法，需要認識世界各國的垃圾處理方法、企業的應對行動……從中獲得與地球和平相處的靈感！＞逐步邁向脫塑生活從手邊的小習慣開始做起，減少家庭中的塑膠使用、落實循環利用，你我都是環境保護的重要環節，一個小動作就能有大改變！用過即丟的生活方式，已走到盡頭。重新審視塑膠與環境問題，打開眼界學習「未來的新常識」！', 1, '台灣東販', '9788526505072'),
(203, '大腦喜歡這樣學．強效教學版：清晰的步驟、詳細的圖解，與活潑的實作案例，幫助老師輕鬆備課，讓學生達到最佳學習效果', 1000, 'Barbara Oakley', 999, 2, '2023-05-04 12:13:00', '2023-08-25 02:40:00', '318.png', 6, '學生是否花太多時間學習，但學習成效仍不佳？學生的學習方法是否正確？學生如何獲得最大的學習效果，並能維持長時間的記憶？學生如何翻轉課堂，並將課堂上學到的知識，轉化為實際應用？教育者如何幫助學生建立一套適合自己的學習方法，並有效提高學習成效？教育者如何利用最新的教育心理學、認知科學、及腦科學的研究成果，提高教學品質？這本書將教導你所有的答案。', 1, '木馬文化', '9788765298378'),
(204, '名師這樣教 物理秒懂（三萬名讀者肯定紀念版）：國中沒聽懂、高中變天書，圖解基礎觀念，一次救回來', 1700, '左卷健男', 999, 2, '2023-06-09 16:28:00', '2023-08-25 02:40:00', '319.png', 6, '物理就是物體的原理，基本法則貫通在身邊各種現象中，從跑步的足跡、滑手機的手感、到汽車、火箭，都跟你有關，就連宇宙的誕生、人生的意義，都與物理有關，但，你知道嗎？學物理，最重要的不是數學公式，而是基本觀念。', 1, '大是文化', '9788246976983'),
(205, '量子力學與混沌理論的人生十二堂課', 1400, '林文欣', 999, 2, '2023-05-11 17:33:00', '2023-08-25 02:40:00', '320.png', 6, '隨著科技的快速發展，宇宙真相似乎也逐漸明朗，但人類的認知還有很多不足，我們對於宇宙的真相還有很多不明白。這本書將帶領你進入量子力學和混沌理論的奧秘，通過深入淺出的說明，讓你了解這些高深的知識，並將其應用於日常生活中。', 1, '八方', '9784938990087'),
(279, 'Scholastic ELT Readers Level 3: 127 Hours with CD', 1800, 'Scholastic UK / Mary Glasgow', 988, 3, '2023-06-08 14:10:00', '2023-07-10 00:36:21', 'abgs.png', 1, 'This range of Scholastic ELT readers reflects a world that teenagers will instantly recognise. It includes', 1, '書林', '9789954019794'),
(280, 'Angela’s Ashes with CD', 700, 'Frank McCourt', 999, 3, '2013-04-24 23:26:00', '2023-07-09 01:22:56', 'Angel123.png', 5, 'Limerick, 1934. It’s cold and it’s wet. Frank, his parents and three brothers have just come back from America to start a new life in Ireland. ', 1, 'Scholastic', '9784953129016'),
(281, 'Fast Food Nation with', 100, 'Paul Shipton (Contributor)', 240, 3, '2023-04-19 19:56:00', '2023-07-16 14:42:48', 'Fast3455.png', 2, 'In a border town in Mexico, a group of young Mexicans begin a dangerous journey across the US-', 1, 'Scholastic', '9784903586008'),
(282, 'Transformers', 400, 'Paul Shipton (Contributor)', 999, 1, '2023-05-20 14:51:00', '2023-07-23 01:35:47', 'Transformers.png', 5, 'Teenager Sam Witwicky just wants a car and a girlfriend. He\'s in love with the beautiful Mikaela Banes, but she doesn\'t know his name! Then his dad ', 1, 'Scholstic', '9789658543299'),
(283, 'Scholstic', 1800, 'Paul Shipton (Contributor)', 999, 3, '2023-06-03 18:43:00', '2023-07-03 14:56:49', 'Scholstic.png', 2, 'Hundred of years ago, the Builders built the city of Ember. In Ember, there is no sun and the only light comes from big street lights. But the lights are oing off more and more often, and ther', 1, 'Scholstic', '9783581958779'),
(284, 'The City of Ember', 1600, 'Duprau, Jeanne', 999, 3, '2023-05-02 11:18:00', '2023-08-16 21:12:35', 'The1234.png', 10, 'The city of Ember was built as a last refuge for the human race. Two hundred years later, the great lamps that light the city are ', 1, 'Yearling Books', '9788934164307'),
(285, 'Jane Eyre', 800, 'Charlotte Bronte', 9999, 3, '2023-04-14 02:12:00', '2023-08-01 21:13:48', 'JaneEyre.png', 4, 'Haned as a young child, Jane Eyre has an unhappy start to life living with her cruel aunt and cousins and later enduring the hardships of Lowood school.', 1, 'Scholastic', '9783924945503'),
(286, 'Scholastic ELT Readers Level 2: Sherlock: The Sign of Three', 800, 'Fiona Beddall', 999, 3, '2023-07-18 05:15:00', '2023-08-01 21:15:08', 'ttgguu.png', 1, 'World famous detective Sherlock Holmes solves crimes that no-one else can. But even he can’t solve the cases of the Guard in the Shower and the ', 1, 'Fiona Beddall', '9782822234903'),
(288, 'LifeofPi', 1800, 'Martel, Yann', 999, 3, '2023-06-26 08:57:00', '2023-08-30 21:17:37', 'LifeofPi.png', 5, '　What happens when a cargo ship sinks in the Pacific Ocean, leaving only one lifeboat of om the international best-seller ', 1, 'Scholastic UK', '9782336338313'),
(289, 'Peppa Pig：Peppa’s Summer Holiday', 400, 'Astley Baker Davis', 999, 3, '2023-08-04 06:56:00', '2023-08-01 21:36:59', 'Summer.png', 12, '佩佩豬的暑假平裝繪本', 1, 'kids', '9783214987165'),
(290, 'On Christmas Avenue', 600, 'One Christmas', 999, 3, '2023-08-16 02:56:00', '2023-08-02 21:36:59', 'Christmas.png', 12, '一個聖誕節', 1, 'Capote', '9789065921193'),
(291, 'The Queen’s Gambit', 1800, 'Walter Tevis', 999, 3, '2023-05-26 14:09:00', '2023-08-11 21:40:33', '86211.png', 12, 'Eight year-old orphan Beth Harmon is quiet, sullen, and by all appearances unremarkable. That is, until she plays her first game of chess. Her senses grow  ', 1, 'Vintage', '9785684644780'),
(292, 'The Silent Patient', 1300, 'Alex Michaelides', 990, 3, '2023-04-23 21:01:00', '2023-08-16 21:42:13', 'getI44175e1.png', 12, '\"That rarest of beasts: the perfect thriller. This extraordinary novel set my blood fizzing--I quite literally couldn\'\'t put it down. I told myself I\'\'d ', 1, 'Celadon Books', '9781225460629'),
(296, '當代拉丁美洲人文與社會科學巨擘', 800, '卓浩右, 黃富娟, 楊建平, 褚縈瑩, 徐靖淳, 蔡維廷', 999, 1, '2023-06-06 14:23:00', '2023-08-25 21:42:35', '6X4J1HqQ.png', 4, '拉丁美洲是一個集各種對比、矛盾現象於一身的區域，其人文地景繽紛複雜，人文底蘊也深厚豐富。然而，目前在台灣學界介紹拉美人文學術的著作並不多，因而促成出版本書的動機。本書計六章，由國內拉美研究者針對影響全球人文與社會科學界甚鉅的拉美學界大師進行探討', 1, '五南', '9789073369111'),
(297, '人類社會究竟如何進步', 300, '趙炎', 999, 1, '2023-04-17 11:39:00', '2023-08-25 21:42:35', 'X3SIKy3Z.png', 4, '•若科學創造出來的不是天使而是頑童，甚至是惡魔？──創新的雙刃劍效應\n•國古代曾創造了輝煌成就，近代科學技術為何落於人後？──李約瑟難題\n•想拿出與眾不同甚至驚世駭俗的創意，靠集體思考行不行？──孤獨還是合作', 1, '崧燁文化', '9781690463974'),
(298, '大學的脊梁', 1100, '楊渡 , 管中閔', 998, 1, '2023-08-08 17:52:00', '2023-08-25 21:42:35', 'ijdy2FCa.png', 4, '二〇一八年臺大校長遴選因政治力介入，引發學界與政壇動盪不安，\n知名作家楊渡訪談事件中重要相關人士，記錄當年鮮為人知的關鍵內幕；\n事件主角——管中閔同時寫下十八篇心路歷程記事。', 1, '時報出版', '9781232212848');
INSERT INTO `book` (`book_id`, `b_title`, `book_price`, `author`, `book_quantity`, `b_language_id`, `sherlf_date`, `revise_date`, `book_img_id`, `b_genre_id`, `blurb`, `book_status_id`, `b_type_id`, `isbn`) VALUES
(299, '晶片戰爭', 600, 'Chris Miller', 999, 1, '2023-04-08 19:20:00', '2023-08-25 21:42:35', '4AUWYWTW.png', 2, '要理解世界先理解半導體\n嶄新的全球化時代已經來到！比起過去一昧追求最低成本，區域的穩定性才是今日供應鏈管理的最大課題。作者展示了迄今最完整的半導體發展現況、可能的未來。掌握地理位置與上下游關係，才能理解台灣的獨特地位。', 1, '天下雜誌', '9781089672624'),
(300, '如果歷史是一群喵(9)', 1400, ' 肥志', 999, 1, '2023-04-26 22:02:00', '2023-08-25 21:42:35', 'nHwRmE8x.png', 4, '　隨著「盛世大唐」的落幕，《如果歷史是一群喵》來到了中國歷史上第四個大分裂時代——五代十國。這個時期雖短，天下卻遭遇無比激烈的戰亂，君主輪番上位，大大小小的政權紛紛崛起。讀到本卷的朋友將會在書中看到耶律阿保機、柴榮、趙匡胤等歷史人物的登場，並從中了解到契丹的崛起，中原地區後梁、後唐、後晉、後漢、後周的更迭，以及南唐的興衰和宋的建立。', 1, '野人', '9781751724883'),
(301, '真相製造', 1100, ' 劉致昕', 999, 1, '2023-05-20 10:09:00', '2023-08-25 21:42:35', 'izPtfLvm.png', 4, '記者劉致昕二○一六年以布魯塞爾為第一站，從訪問傷心卻不絕望的聖戰士媽媽開始，帶著我們深入真相製造在不同國家造成的致命效應，橫跨比利時、法國、印尼、德國、中國與臺灣，不僅有第一手的採訪，透過這些國家呈現真相產業不同面向的威脅，最珍貴的，是採訪到的每一個人物。劉致昕的報導當中沒有絕對善良的好人與邪惡的壞人，被這些處境所傷害吞噬的人們，起身對抗挽救頹勢的人們，在其中牟取套利空間的人們，這本書寫的是他們的故事。故事的基調是鋪展他們所在的社會結構，為何如此行動，以及提出時代趨勢往何處去的警示。', 1, '春山出版 ', '9785489606853'),
(302, '有溫度的人——羅紹和的生命成長與慈善之路', 1500, ' 羅紹和', 993, 1, '2023-06-16 12:54:00', '2023-08-25 21:42:35', 'O6RrSXt5.png', 4, '我曾經對我的父親、母親有許多的不諒解，對我的成長背景和家境有諸多的遺憾和自卑，但換個角度思考，我所面對的挑戰，我所經歷的不幸，讓我更知道如何去幫助處在困境中的人們，到頭來成為我的祝福，也成為別人的祝福。我們每一個人的人生何嘗不是如此！', 1, '麥田', '9782192859921'),
(303, '臺灣的勝算：以小制大的不對稱戰略，全臺灣人都應了解的整體防衛構想', 100, '李喜明', 999, 1, '2023-04-11 21:13:00', '2023-08-25 21:42:35', '8lxqMvJ9.png', 4, '總長級上將親自執筆，攸關臺灣安全防衛的務實鉅著！\n此時此刻，你最需要熟讀的一本書。\n前參謀總長李喜明上將，精粹49年戰略實務經驗\n具體闡釋國外政軍高度推崇的不對稱作戰、擘劃臺灣整體防衛藍圖\n你知道，臺灣是世界上最危險的國家嗎？\n你有準備好直視恐懼、面對危險嗎？\n我們該如何「避免戰爭」、「嚇阻戰爭」、「打贏戰爭」', 1, '聯經出版公司', '9784495479356'),
(304, '如何閱讀一本書', 1800, ' Mortimer J. Adler, Charles Van Dore', 998, 1, '2023-06-20 00:01:00', '2023-08-25 21:56:51', '5MMO1ANj.png', 4, '這本書在1940年出版，1972年大幅增訂改寫為新版。\n　　不論什麼時候讀，都不能不嘆服作者對閱讀用心之深、視野之廣。\n　　不懂閱讀的人，初探閱讀的人，讀這本書可以節省冤枉路。\n　　對閱讀有所體會的人，讀這本書可以有更深的印證與領悟。', 1, '臺灣商務', '9785898817326'),
(306, '成功的反思：混亂世局中，我們必須重新學習的一堂課', 600, 'Michael J. Sandel', 999, 1, '2023-04-06 19:24:00', '2023-08-25 21:56:51', 'RszR6ryi.png', 4, '當不同立場的人再也無法溝通，只能不斷撕裂；\n當「成功者」與「失敗者」衡量價值的方式失去交集；\n當人民愈來愈不相信政府，更無法信任觀點相異的人……\n桑德爾認為，是我們看待「成功」的方式，讓社會陷入了前所未見的困境！', 1, '先覺', '9786007648870'),
(307, '今文觀止：試從故紙看今朝', 1800, '張作錦', 999, 1, '2023-07-06 23:12:00', '2023-08-25 21:56:51', 'P915h5wY.png', 4, '《今文觀止》，相對於清初康熙年間吳楚材、吳調侯叔侄編選的《古文觀止》，所選之「今文」囊括晚清半文半白體及民國白話文，大約以敘事忠誠、議論懇切為要，有別於閒逸的「現代散文」。這些文章擱淺在歷史河道轉彎之處，經作者沿流採揀，擷取關鍵時刻盪漾人心的文獻，重塑三十餘位時代人物的作為，再現他們鮮活的身影。', 1, '天下文化', '9782341792678'),
(308, '奧本海默（套書/上下兩冊，不分售）', 1000, ' Kai Bird, Martin J. Sherwin', 999, 1, '2023-04-06 11:47:00', '2023-08-25 21:56:51', 'z4m4Ky4X.png', 4, '他是美國的普羅米修斯，「原子彈之父」，戰爭期間為他的國家帶頭努力從大自然攫取令人敬畏的太陽之火。之後，他明智道出其中的危險，也對潛在的助益懷抱希望。…但，奧本海默的警告無人理會，最後，他被消音了，成為麥卡錫主義和美國反共聖戰中最著名的受害者。', 1, '時報出版', '9783686017090'),
(309, '我是一個媽媽，我需要柏金包！：耶魯人類學家的曼哈頓上東區臥底觀察', 1700, 'Wednesday Martin', 999, 1, '2023-06-06 11:48:00', '2023-08-25 21:56:51', '9dA8kCF4.png', 4, '誰說和人打招呼一定會得到回應？\n在上東區，柏金包是防身武器，階級歧視就是剛好而已。\n為了融入當地的賤人媽媽團，更重要的是，得幫兒子找到玩伴\n被貴婦媽媽排擠在外的溫絲黛，不得不運用深厚的人類學與靈長類動物學知識\n臥底觀察上東區這個超富裕部落的特殊文化與種種儀式。', 1, '時報出版', '9781404707721'),
(310, '你知道的太多了：欠錢可以不還、年金可以不繳、法庭可以喊價、和解可以再告、借名可以侵占、勞保可以害人──這是什麼荒謬劇？！不～這是我們的法律', 1200, ' 施宇宸 ', 999, 1, '2023-06-15 20:43:00', '2023-08-25 22:07:29', 'OWhP8yFB.png', 4, '說到底，法律就是一場人性的戰爭\n如果你希望一生平安無憂，最好學著了解人性、也學著看懂──那些「法官不能說、警察不想說、律師不願講」的老江湖暗黑兵法，它們有可能影響你未來的人生！', 1, '獨売出版', '9785965487645'),
(311, '如果歷史是一群喵(3)：秦楚兩漢篇【萌貓漫畫學歷史】', 1000, ' 肥志', 999, 1, '2023-04-27 15:25:00', '2023-08-25 22:07:29', 'Kg3Q02RH.png', 4, '　　如何第一次造反就上手？陳勝喵本人表示相當緊張！\n　　廢到不行的劉邦喵，又是如何讓名字超威的「西楚霸王」狗帶？\n　　驚爆內幕！呂后喵原來是因為嫁了個渣男，才展開「大老婆的反擊」？\n　　知人知面不知心！王莽喵明明是明君人設，沒想到切開來竟然是朵心機白蓮？', 1, '野人', '9785613315371'),
(312, '查拉圖斯特拉如是說', 1300, ' Friedrich Wilhelm Nietzsche', 999, 1, '2023-05-21 23:49:00', '2023-08-25 22:07:29', 'dtmFFYRK.png', 4, '沒有尼采，你看不到庫柏力克的〈2001太空漫遊〉〈發條橘子〉和〈奇愛博士〉；\n沒有「超人」思想，〈鬥陣俱樂部〉〈駭客任務〉〈蝙蝠俠〉〈黑暗騎士〉就失去了主題；\n即便是〈銀翼殺手〉〈心靈捕手〉〈楚門的世界〉〈藍絲絨〉\n〈神鬼認證系列〉〈前進高棉〉〈謀殺綠腳趾〉……都深埋著尼采的意念。', 1, '野人', '9780170114226'),
(313, '半導體地緣政治學', 1500, '太田泰彦 ', 998, 1, '2023-04-09 01:20:00', '2023-08-25 22:07:29', 'D3zLeqxv.png', 4, '英國「以小搏大」：雖非半導體大國，但擁有全球供應鏈最上游的IC設計企業，能靠著控制關鍵節點影響全局！\n美國「鎖國策略」：不遵守國際分工邏輯，目標是在國內建立完整供應鏈，脅迫台、韓晶圓代', 1, '野人', '9784010625327'),
(314, '妖怪臺灣：三百年島嶼奇幻誌‧妖鬼神遊卷', 1500, ' 何敬堯', 999, 1, '2023-06-17 10:18:00', '2023-08-25 22:07:29', 'xeyWQ7Pc.png', 4, '痴情的蛇郎君、可憐的椅仔姑、含冤而死的墓坑鳥、\n　　遇人不淑的林投姐、呵呵笑的人面魚、愛打掃的金魅……\n　　229個妖鬼神＋42幅黑白插畫\n　　盡在《妖怪臺灣：三百年島嶼奇幻誌‧妖鬼神遊卷》一覽無餘\n　　本書特別收入全彩拉頁〈百妖出陣圖〉', 1, '聯經出版公司', '9789542784262'),
(315, '令人著迷的生與死：耶魯大學最受歡迎的哲學課', 1000, ' Shelly Kagan', 999, 1, '2023-05-14 12:12:00', '2023-08-25 22:07:29', 'iZQSMjnY.png', 4, '意料之外！閱讀本書前，從沒想過可以用這種方式思考死亡。\n\n　　◎很羨慕耶魯大學上課的氛圍，透過本書間接吸收這類型課程的精髓，感到很滿足。\n\n　　◎閱讀本書時，我跟著作者在無邊際的思考之旅中翱翔，再三咀嚼本書所探討的論點。如何能過好人生？希望我們每個人最終都能找到自己的方法。', 1, '聯經出版公司', '9785682045636'),
(316, '一看就懂台灣地理(新裝珍藏版)', 400, ' 黃美傳 ', 999, 1, '2023-06-16 11:45:00', '2023-08-25 22:58:14', 'X983bQI6.png', 6, '台灣－－這個你我居住的美麗小島，有著豐富的地理變化：高山、平原、河流、火山、盆地、海灣等；也有多樣的天氣表現：季風、寒流、梅雨；更有颱風、地震、豪雨、土石流等災害威脅著。然而這些現象是如何形成的？身處在如此特別環境的你我，不可不知其中的奧妙及原理。如此複雜的自然環境，也造就了台灣獨特的動植物生態體系，其多樣性及單位面積生物密度，是全世界生態學研究的重要地區之一。\n', 1, '遠足文化', '9789781875703'),
(317, '人類使用說明書：關於生活與人際難題，科學教我們的事', 1100, ' Camilla Pang', 999, 1, '2023-05-09 13:51:00', '2023-08-25 22:58:14', 'mSN8lHQi.png', 6, '自閉症、注意力不足過動症（ADHD）、廣泛性焦慮症（GAD）\n　　加總在一起，關上了她面對世界的門，\n　　但科學給了她解鎖的金鑰，寫出這本書。\n \n　　幫不懂人類是怎麼回事的人，提供解釋。\n　　幫自以為懂得人類的人，換個視角看世界。\n \n　　房間凌亂，純屬熱力學的正常失序。\n　　人際糾結，只是蛋白質的自然游離。\n \n　　活化基本趨力，打造社群化學鍵。\n　　屏除從眾心態，真誠接受你的怪！\n', 1, '網路與書出版', '9781863241914'),
(318, '天才的人間力，鈴木一朗：51則超越野球的人生智慧', 300, ' 張尤金 ', 999, 1, '2023-07-22 21:07:00', '2023-08-25 22:58:14', 'ZrbEwzVx.png', 6, '世界全壘打王-王貞治：「他是唯一渡海挑戰大聯盟、還能被美國人完全認同的日本選手。」\n　　前羅德監督、大都會總教練-瓦倫泰：「全世界最強的五名棒球選手之一，他是真正的大物。」\n　　大聯盟日籍強投-達比修有：「一朗桑是全日本最有名的人，他就跟神一樣。」\n　　已故古巴裔馬林魚強投-荷西‧費南德茲：「在古巴，一朗就是神。」', 1, '奇光出版', '9789970582770'),
(319, '世界史是化學寫成的：從玻璃到手機，從肥料到炸藥，保證有趣的化學入門', 100, ' 左卷健男 ', 998, 1, '2023-08-11 01:04:00', '2023-08-25 22:58:14', 'SKbhelB1.png', 6, '‧斗蓬、香水、高跟鞋，全都是為了某個臭臭的原因而發明的？\n　　‧拿破崙三世招待貴客的方式，竟然是使用鋁製餐具？\n　　‧石化和鋼鐵工業汙染程度高，為什麼還是不能沒有它們？\n　　‧稀土是什麼？為什麼既是熱門投資標的，又是國際貿易制裁的利器？\n　　‧如今成為觀光勝地的兔島──大久野島，其實曾是地圖上不存在的一塊？', 1, '究竟', '9784263188414'),
(320, '在異世界獲得超強能力的我，在現實世界照樣無敵 3～等級提升改變人生命運～', 1400, '美紅', 999, 1, '2023-05-01 09:49:00', '2023-08-25 22:58:14', 'DQxB07u7.png', 10, '　此外，現實世界的王星學園舉辦了球技大會！盯上了優夜的眾多媒體也前來密集採訪……在這種情況下，優夜不小心使出了真正的力量！想當然，學園也因此陷入了一陣大騷動!!\n', 1, '東立', '9781404194069'),
(321, '大人的理科教室：構成物理‧化學基礎的70項定律', 800, '涌井貞美', 998, 2, '2023-08-11 22:30:00', '2023-08-25 02:40:00', '321.png', 6, '想理解現代科學，就絕對不能不知道20世紀初葉前的科學知識。\n構成現代物理‧化學基礎的70項定律\n理解物理‧化學從「定律、原理、公式」開始！\n\n槓桿原理、摩擦力、作用力與反作用力、虎克定律、鐘擺定律、慣性定律、\n高斯定律、安培定律、法拉第電磁感應定律、弗萊明定則、質量守恆定律……', 1, '台灣東販 ', '9784231405411'),
(322, '看不見的雨林─福爾摩沙雨林植物誌：漂洋來台的雨林植物，如何扎根台灣，建構你我的歷史文明、生活日常', 1800, '胖胖樹', 999, 2, '2023-07-09 05:13:00', '2023-08-25 02:40:00', '322.png', 6, '〈以雨林植物串起的台灣史〉\n從原住民、荷蘭、西班牙、宣教士、日本人、泰緬孤軍、緬甸華僑、新住民、外籍移工，至網路時代陸續引進的雨林植物，與台灣醫療、貿易、民生、園藝各產業緊密相連。在書寫各時期引進植物脈絡同時，也記錄下台灣社會與族群的時代觀察，由另個宏觀角度思索台灣「本土」與「外來」的定義，進而對各時期來台的族群生出尊重與包容。\n〈如故事鮮活有趣的雨林植物生態〉\n這些移居台灣的熱帶雨林植物，具有千姿百態的樣貌與習性，這是由於競爭者眾的熱帶雨林環境，讓它們發展出各種生存本事。為什麼葉子發展出羽狀？為什麼蝴蝶', 1, '麥浩斯', '9786944445154'),
(323, '香港日常：尋找一座城市的普通人和他們的不普通故事', 400, '宋燦明', 999, 2, '2023-06-13 23:28:00', '2023-08-25 02:40:00', '323.png', 7, '每個城市都有它的生活日常，香港也不例外。\n\n在這本書中，作者宋燦明帶你走入香港最普通的街頭巷尾，認識這些普通的香港人和他們非凡的故事。\n\n從霓虹燈下的小販，到老城區的茶餐廳老闆；從忙碌的巴士司機，到熱愛生活的香港青年。他們的故事或許在日常生活中被忽視，但每一個故事都揭露了這座城市的真實面貌和它的脈搏。\n\n讓我們一起走入香港的日常，尋找這座城市的心跳。', 1, '有種文化', '9782028009846'),
(324, '王小波全集：不為人知的故事', 600, '王小波', 999, 2, '2023-06-28 10:12:00', '2023-08-25 02:40:00', '324.png', 5, '王小波，中國近現代文學史上一位獨特的作家。他的故事充滿了奇幻、深度、和智慧。\n\n這本《王小波全集》，收錄了王小波生前所寫的所有作品，從他的小說、散文到評論，每一篇都展現了他獨特的文學風格和深沉的人生哲學。\n\n對於王小波的粉絲來說，這是一本不可多得的珍藏。對於那些尚未認識王小波的讀者，這是一次極佳的機會，深入了解這位不為人知，卻影響深遠的文學巨擘。', 1, '譯林出版社', '9789306714077'),
(325, '台北人', 1700, '白先勇', 999, 2, '2023-07-09 04:00:00', '2023-08-25 02:40:00', '325.png', 7, '白先勇的《台北人》是一部描寫台北都市生活的小說集，每一篇故事都圍繞著不同的台北人物，揭示了他們在都市中的喜怒哀樂。\n\n從書中的故事，我們可以看到台北這座城市的多面貌，從繁忙的商業區到靜謐的老街，從現代的摩天大樓到傳統的庭院房屋，每一個地方都有其獨特的故事和人物。\n\n白先勇以其細膩的筆觸，捕捉了這些台北人的生活點滴，帶給讀者一個真實而深入的都市體驗。', 1, '???', '9780449541155'),
(326, '95歲長壽大師的不老秘訣：只要會動、會吃、會管、會鬆、會笑，你也可以不生病，青春永不老！', 800, '梅可望', 999, 2, '2023-06-11 09:57:00', '2023-08-25 02:40:00', '326.png', 7, '動得快活，筋骨永不老！\n每天做三十分鐘獨門健康不老操，可以激發身體活力，減緩老化。\n每天練十五到二十分鐘太極拳，有助增強體力，提高免疫力。\n每天快走三千步，不但保持身材不走樣，心臟病、糖尿病、憂鬱症都免煩惱！\n吃出均衡，機能永不老！\n餐餐只吃七分飽，能刺激腦中的長壽分子運作，擁有青春的活躍腦力。\n咬不動肉和蔬菜？把它們煮軟融到湯裡，多喝湯也能吸收營養。\n長壽大師最愛吃的十二道養生活力菜，做法簡單，美味滿點，健康更滿分！\n定時定量、能收能放、快樂優先，心情永不老！\n每天花三個「半小時」、起床時多三個「半分鐘', 1, '平安文化 ', '9784327563852'),
(327, '回到本源：經典中醫啟蒙對話錄', 900, '李辛', 999, 2, '2023-06-22 05:51:00', '2023-08-25 02:40:00', '327.png', 7, '《黃帝內經》提示我們要以神－氣－形完整地來觀察病人，臨證重點應是觀察能量層面和精神層面的運轉狀態，而非緊盯具體症狀。他的資源（精、氣、形、神）如何？身體的基本狀況（睡眠、飲食、大小便、出汗、心情、運動的狀況，與自然環境、人際關係、精神層面的互動關係）怎樣？\n所謂的「知常達變」，是知道了常態，我們才能分析和感受機體對邪氣的反應模式。這些反應模式由症狀所揭示，由患者本來的體質與神質決定，由此我們才能知道機體對於疾病的修復，會在哪個層次（精、氣、形、神）反應，以及預知疾病的未來演化趨勢。其中的關鍵，在於始終把握', 1, '橡實文化 ', '9780289196102'),
(328, '中醫十課：從身體經絡，看健康、疾病與治療', 1800, '王明楷', 999, 2, '2023-07-14 14:31:00', '2023-08-25 02:40:00', '328.png', 7, '「經絡是中醫的一個重要體系，擁有很高的治療和調理價值，不只可以預防疾病、延緩衰老，還可以增進健康。尤其在現代，因為生活環境和工作壓力，常讓人覺得疲倦不堪、精神疲憊，透過經絡的調理，可以讓人恢復活力，改善身體各種不適。」\n\n從古至今，經絡一直是中醫治療的核心，通過對經絡的理解和運用，中醫師可以對疾病進行準確的診斷和治療。這本書以淺顯易懂的語言，從基礎的經絡概念開始，逐步介紹其在中醫中的重要性，以及如何通過經絡的調理，達到健康和長壽的目的。\n\n不論您是中醫的學生、從業者，還是對中醫感興趣的讀者，這本書都可以為', 1, '\n雅各文創', '9788463289261'),
(329, '多重迷走神經．找回安全感與身心治癒的全新途徑：第一位提出「多重迷走神經論」的大師之作！', 200, '史蒂芬．W．波吉斯', 999, 2, '2023-08-21 02:15:00', '2023-08-25 02:40:00', '329.png', 7, '當《多重迷走神經．找回安全感與身心治癒的全新途徑》於2011年出版時，它席捲了整個醫學界與治療界，將史蒂芬．W．波吉斯關於自律神經系統的見解，分享給了有興趣了解創傷、焦慮、憂鬱和其他心理健康問題的大眾。這本書讓臨床醫生和其他專業人士能夠接觸並理解多迷走神經的觀點，為理解人類行為提供了新的概念和見解。該觀點強調心理體驗與身體生理表現之間的重要聯繫。', 1, '\n柿子文化', '9781448858307'),
(330, '醫療靈媒‧改變生命的食物', 1700, '安東尼‧威廉', 999, 2, '2023-04-11 19:49:00', '2023-08-25 02:40:00', '330.png', 7, '作者安東尼是一位被上天刻意訓練了25年的醫療靈媒，也是21世紀最具強大成效的療癒者。書中他深入介紹50種食物的療癒力量，並告訴你怎麼吃才能完全發揮該食物的功效，並提出該食物在情緒和靈性上可以帶來的好處。於是你知道，原來惡名昭彰的馬鈴薯裡裡外外都有價值，不僅有益健康，還能在你不知所措時給你力量與穩定感；蘋果的抗發炎特性使它成為對抗幾乎所有疾病的首選，並能在你感到沮喪、孤單、無力時提供撫慰；酪梨除了有助解決消化問題，並且是最接近母乳的食物，能夠像母親的愛一般滋養你；而生長於極端環境的野生藍莓，其實是在壓力中成', 1, '方智', '9781854424059'),
(331, '腸道．全身心健康聖經：美國腸道權威帶你打造腸道好生態，生病少、人不老', 2000, '羅希尼．雷', 999, 2, '2023-07-07 22:55:00', '2023-08-25 02:40:00', '331.png', 7, '豐富的修護腸道專書，上班族戰勝文明病首推健康保健：美國有1/4人有腸胃道疾病，台灣也不例外。頻繁的外食、久坐辦公室、長期壓力與失眠等等問題，都左右腸道菌種生長與平衡，本書透過改善腸道健康，重新設定生理時鐘。美國腸道權威，搭配簡單好懂的解說，找到治標治本的源頭：專業不等於艱澀難懂，權威醫師用「裝修房屋」的概念來譬喻腸道修復過程，解釋腸胃要好，光修腸沒用，身體各部位必須同步翻新，進而改善胃、肝、心臟、皮膚、頭髮指甲、肌肉、激素分泌、大腦……，讓你根治病源，找回健康。腸道細菌牽一髮動而全身，補充全新知識點：腸道', 1, '商業周刊', '9784925545682'),
(332, '勇闖阿拉斯加33天：走入極地荒野，跳脫舒適圈，發現全新的自己', 800, '麥可．伊斯特', 999, 2, '2023-08-16 04:17:00', '2023-08-25 02:40:00', '332.png', 8, '當今人們幾乎不會踏出自己的舒適圈。我們住在受到保護、衛生、溫度控制得宜、過度飽食、缺乏挑戰的安全網中。然而，越來越多證據指出，唯有像我們的遠祖那樣，經歷每天的不適和考驗，才能達到最佳狀態──身體更強健、心理更有韌性、性靈也更穩定。科學家發現，特定不適能預防生理和心理疾病，如肥胖、心臟病、癌症、糖尿病、憂鬱症和焦慮症，甚至能解決人生缺乏目標和意義的問題。', 1, '遠流', '9789064456540'),
(333, '雖然想瘦，但不想再只吃雞胸肉了：從「心」開始，脫離減重強迫症、飲食障礙與暴食，陪你最後一次減重', 2000, '秀娟', 999, 2, '2023-08-12 13:31:00', '2023-08-25 02:40:00', '333.png', 8, '本書作者秀娟從二十歲就開始減重，她嘗試過各種減重方法、飲食菜單，卻總是無法堅持，經歷無數次復胖，甚至飲食失調，罹患了暴食症。她從慘痛經驗中，體悟到單純的減重、節食，並不能解決根本問題，最重要的是「心態」，要先調整心態、培養正確的飲食觀念，才能真正從內而外、由心開始瘦下來。', 1, '高寶', '9780545645962'),
(334, '你有一封信', 1500, '丹尼斯．瓊斯', 998, 2, '2023-08-03 16:13:00', '2023-08-25 02:40:00', '334.png', 7, '生活中常有一些事情，讓人無法釋懷、夜夜失眠。這些事情就像背上的重擔，不論多麼努力，都無法擺脫。當我們試著用各種方法排解壓力，往往發現，真正的問題是內心深處的不安。本書提供了一系列寫信的方法，透過筆者的親身經歷和心理學研究，幫助讀者找到真正的自我，重拾那份失去的平靜。', 1, '???', '9785534860496'),
(335, '超圖解 手作人必學‧實用繩結設計大百科（暢銷增訂版）', 1300, 'BOUTIQUE-SHA', 999, 2, '2023-04-13 02:08:00', '2023-08-25 02:40:00', '335.png', 8, '　　本書介紹了世界各地自古以來所使用的繩結，　　完整呈現編結的技法，且賦予繩結多樣化的裝飾性，　　繩結從此不再只是「組合數條繩來加強強度」而已，　　手環、項鍊、腰帶、吊飾、持手……　　都是繩結的創意應用，　　這些繩編小飾品初學者也能輕鬆製作。', 1, '良品文化', '9786037364905'),
(336, '室內設計必學施工圖：教你建立邏輯、畫出重點，建立紮實基礎，快速繪製一看就懂可施作的圖面', 2000, '陳文亮', 999, 2, '2023-06-25 22:04:00', '2023-08-25 02:40:00', '336.png', 8, '設計是從無到有的過程，從構想到現場，都是靠設計施工圖傳達，會畫整套施工圖，為室內設計工作中「基本的基本」。當設計完成準備在現場施作時，讓所有想法與細節，傳達給施工人員了解並照圖作且不出錯，「施工圖」質量的好壞就非常關鍵。', 1, '麥浩斯', '9783582243345'),
(337, '真正用得到！基礎縫紉書：手縫x機縫x刺繡一次學會，在家就能修改衣褲、製作托特包等風格小物', 300, '美香', 999, 2, '2023-06-16 03:59:00', '2023-08-25 02:40:00', '337.png', 8, '特色1最基礎！從分辨布料，挑選適合針線開始，帶你認識讓縫紉更輕鬆的搭配工具。特色2最全面！手縫、機縫、刺繡技巧通通有，針線絕活一次學會。特色3最生活！日常必備縫補技能、添加配件方法，讓衣物和布包起死回生、更多變化。特色4超應用！活用基本技法，製作出手帕、圍裙、手提袋等風格小物。', 1, '蘋果屋', '9789799122316'),
(338, '理想生活的關鍵字：練習輕巧地過日子，找回金錢、時間與心靈的餘裕', 1300, 'Kasin', 999, 2, '2023-06-24 13:16:00', '2023-08-25 02:40:00', '338.png', 8, '生活中有太多事物在爭取我們的注意力，一不小心就會淹沒在無止境的物品和資訊中，日漸囤積大量的實體雜物和心靈雜訊，以不良的自動導航模式度過每一天。我們開始覺得日常中的樂趣都不長久，卻也找不到動力和改變方法，只能繼續以物質、娛樂來填補空虛感。這也曾是Kasin的寫照，在意外接觸「簡單生活」的概念之後，她開始練習捨棄那些可有可無、不感興趣的，重新分配手上有限的金錢、時間、精力，讓每一天不再是無聊、空虛、充滿壓力，而是精準又有著從容不迫的餘裕。90後出生的她，已經累積多年的極簡經驗，認為「極簡」並不是斤斤計較擁有多', 1, '遠流', '9788248881854'),
(339, '400年占星藥草醫典：西方本草綱目的經典重現', 1500, '尼可拉斯．寇佩珀', 998, 2, '2023-07-16 18:05:00', '2023-08-25 02:40:00', '339.png', 8, '尼可拉斯．寇佩珀是一位為促進人體健康而努力不懈的醫師，他不僅透過教育宣導，冀求大眾保持健康，讓非專業人士更容易獲得醫療資訊與服務，而且他對藥草使用的系統化，更成為現代藥物發展過程中的一個重要關鍵。在當代，深受大眾肯定，被讚譽為「人民的藥草師」。', 1, '柿子文化', '9781847042629'),
(340, '德國', 1400, '蔣育荏', 999, 2, '2023-04-17 11:31:00', '2023-08-25 02:40:00', '340.png', 9, '關於德國，你的第一印象是什麼？浪漫典雅的宮殿城堡、精密堅固的科技工藝、風起雲湧的傳奇故事、還是暢快豪邁的啤酒豬腳？跟著本書的腳步，你將見識百分百的德國！◎ 在新天鵝堡懷抱浪漫幻想◎ 在柏林圍牆感嘆生離死別◎ 在萊茵河上航向中世紀傳說◎ 在博物館島探究古今藝術◎ 在科隆大教堂讚嘆莊嚴宏偉◎ 在十月啤酒節沉浸滿城歡樂◎ 在賓士博物館、保時捷博物館見證創新革命', 1, '墨刻', '9784488567891'),
(341, '沖繩超導覽2023', 600, '朝日新聞出版', 999, 2, '2023-05-16 03:02:00', '2023-08-25 02:40:00', '341.png', 9, '「今年好想去沖繩！可是現在的沖繩變得怎麼樣了？」希望有這個想法的人先利用本書掌握最新資訊。在不斷發展的沖繩，陸地和海上都有新的交通工具登場，以及許多全新開幕的飯店、經典＆新景點與咖啡廳、商店等。還刊載編輯部嚴選2天1夜最強行程規劃範例，從觀光景點到尋找伴手禮，行程內容豐富，讓當地人帶你遊覽觀光全新沖繩！', 1, '台灣東販', '9786901711874'),
(342, '仙台，休日慢旅：直飛羽生結弦的故鄉，尋訪森之都的戰國古城、四季絕景、美人御湯與產地料理', 800, 'Megumi', 999, 2, '2023-07-23 16:55:00', '2023-08-25 02:40:00', '342.png', 9, '仙台素有「森之都」美譽，綠意、花景、紅葉環繞，是日本東北最適合旅人慢遊之地，不僅有絕美的四季景致，還有戰國時代遺留至今的古老城跡、宮寺、神社，甚至可登高覽望都市夜景、走訪老字號溫泉旅館與茶屋名店。想體驗森之都的傳統工藝與季節風物詩，探訪歡快的青葉祭與光之樂章活動，就跟著「日本旅人塾」Megumi徜徉仙台之美！', 1, '山岳', '9781042856006'),
(343, '開始在澳洲自助旅行（熱銷新第七版）', 300, '張念萱', 998, 2, '2023-07-08 10:27:00', '2023-08-25 02:40:00', '343.png', 9, '超強打卡祕境景點　　雪梨──必訪歌劇院、攀登雪梨港灣大橋、邦代海灘衝浪、博物館巡禮。　　墨爾本──最美濱海公路大洋路、摩寧頓半島天然溫泉、菲利浦島萬隻企鵝歸巢。　　布里斯本──假日市集＆河岸日光浴、夜間餵食野生海豚、海上獨木舟、努沙國家公園自然奇景。　　黃金海岸──三大主題樂園、澳洲唯一海邊360度觀景台、拜倫灣看絕美日出、精采鵜鶘餵食秀。　　伯斯──天鵝谷訪世界級甜點工廠、粉紅湖浪漫留影、穿越南半球最長木棧橋直達海底世界。　　塔斯馬尼亞──布魯尼島大啖海鮮與起司、訪里奇蒙小鎮回到19世紀、激流峽谷&搖籃', 1, '太雅出版社', '9784509144718'),
(344, '大阪小伴旅：co-Trip日本系列4（修訂三版）', 1000, 'MAPPLE 昭文社編輯部', 999, 2, '2023-08-14 13:15:00', '2023-08-25 02:40:00', '344.png', 9, '大阪是日本一個充滿魅力的城市，擁有悠久的歷史和令人驚嘆的現代化建築，亦有豐富的文化、美食和景點，吸引著來自世界各地的遊客。小伴旅大阪最新版本，特別為小資族精選優雅精緻有品味的咖啡廳、甜點店、雜貨店等等，滿滿的最新情報等你一起前往探索樂趣！', 1, '人人出版', '9789417155878'),
(345, '來去寺廟住一晚：超省錢！美食、美景，身心靈一次滿足', 1900, '943', 999, 2, '2023-07-14 10:40:00', '2023-08-25 02:40:00', '345.png', 9, '去廟裡掛單不光是節省旅費，在享受天然美景、在地美食、古蹟巡禮的同時，還能擁有五星級飯店所沒有的身心靈饗宴，小資旅行就從這裡開始，背包客、騎單車環島、家族旅遊住宿絕佳新選擇！　　大飯店很貴，但是健身房、游泳池往往沒用到是不是很嘔？　　名過其實的民宿，逼近五星級的價格卻沒有那個價值？　　老是在遊樂園和百貨公司打轉，享受不到真正旅遊的樂趣？', 1, '圓神', '9783558345542'),
(346, '聖地雅哥朝聖之路', 400, '區國銓', 999, 2, '2023-04-18 16:33:00', '2023-08-25 02:40:00', '346.png', 9, '源於西元9世紀歐洲人的宗教苦行之路，如今是全球旅人遠離喧擾現代社會，尋求沉澱與自我挑戰的心靈之旅。　　熟稔西班牙的區國銓，獨自走過多條聖地雅哥朝聖路段，經驗豐富，　　本書收錄經典的法國之路、北方海岸之路、銀之路、世界盡頭之路，從重要的行前準備、路段指南、庇護所資訊，到城鎮風光、人文歷史等，一次詳實彙整。　　無論你是為了追尋聖雅各的榮光，或想尋找自己而上路，這都是一本必備的導覽書。', 1, '太雅出版社', '9789540260387'),
(347, '瑞士玩不膩！行程規劃書', 200, 'Ricky(蘇瑞銘)', 999, 2, '2023-07-27 13:02:00', '2023-08-25 02:40:00', '347.png', 9, '本書主要分為兩大部分：\n　　第一部分為「七大城市的一日規劃」，針對出差時想抽空參觀瑞士，或是行程以瑞士周邊國家為主，想順便繞到瑞士玩幾天的人。\n　　第二部分則是「六大分區的行程規劃」，適合想以瑞士來個單國深度旅行的朋友。\n　　Ricky推薦每個區域最便利的住宿點，\n　　以該地方為中心，每天安排放射狀的玩法。\n　　這樣的安排，既有效率又不會玩得太累，還能將最精華的景點一網打盡。', 1, '華成圖書', '9787026265614'),
(348, '二哈和他的白貓師尊(1)', 1800, '肉包不吃肉', 999, 2, '2023-06-07 17:01:00', '2023-08-25 02:40:00', '348.png', 10, '紅海棠，黃海棠，一朝風吹多悠揚。\n　　小童相和在遠方，令人牽掛爹和娘。', 1, '???', '9786510547219'),
(349, '砂上的微小幸福', 400, '枯野瑛', 999, 2, '2023-08-15 20:43:00', '2023-08-25 02:40:00', '349.png', 10, '某次任務中，青年商業間諜江間宗史於造訪的研究機構與過往熟識的女大學生真倉沙希未重逢。\n　　然而懷念當年只在頃刻間，他們很快便被捲入機構的破壞行動……\n　　而救了瀕死的她的，是祕密研究的未知細胞。\n　　「我，是──什麼──？」\n　　寄生在沙希未體內的那個──名喚「阿爾吉儂」的她，\n　　以傷勢痊癒後將身體還給沙希未前的期間作為條件，開始與宗史生活在同一屋簷下。\n　　但是──窗外的景致、電視的影像、桌上的金魚缸……映入眼簾的事物全都新奇耀眼。\n　　儘管結局終將消失，她卻也期盼度過像人類一樣「幸福」的日常生活。', 1, '台灣角川', '9781473939559'),
(350, '轉學後班上的清純可愛美少女，竟是小時候玩在一起的哥兒們 (6)', 400, '雲雀湯', 997, 2, '2023-04-27 14:12:00', '2023-08-25 02:40:00', '350.png', 10, '隼人終於將妹妹的好友當異性看待了。\n　　靦腆的沙紀想在隼人面前展現可愛的一面，如破繭成蝶般日益嬌美。\n　　春希對朋友的改變毫不在意，依舊用「搭檔」的一面一如往常地調侃隼人。\n　　某天，眾人發現一輝的姊姊就是當紅模特兒MOMO。\n　　一輝因為過於溺愛姊姊，所以極度討厭帥哥，因此才對隼人刁難。\n　　不過，原來他在遇到隼人之前就已經有了認識的人。\n　　雖然雙方都已忘記對方的存在，但事實上……', 1, '台灣角川', '9787838056448'),
(351, '怕痛的我，把防禦力點滿就對了 (15)', 700, '夕蜜柑', 999, 2, '2023-05-14 19:31:00', '2023-08-25 02:40:00', '351.png', 10, '　　嚴苛無比的大規模對抗戰開始還不到一天就白熱化，\n　　連頂尖玩家也一個接一個地退場！\n　　這當中，依然保持良好合作關係的【大楓樹】和【聖劍集結】\n　　下一步──居然是對敵陣灑下有即死效果的毒雨？\n　　只以梅普露、莎莉、芙蕾德麗卡三人執行的閃擊戰術，使敵陣大為混亂。\n　　認識到梅普露果真是頭號目標後，敵軍也還以顏色……！', 1, '台灣角川', '9784768463871'),
(352, '鈴芽之旅', 100, '新海誠', 995, 2, '2023-05-19 11:33:00', '2023-08-25 02:40:00', '352.png', 10, '十七歲的少女鈴芽和阿姨住在九州靜謐的海港城鎮。\n　　某天上學途中，鈴芽與一名俊美的青年擦身而過。\n　　想要前往「廢墟」的青年，說著他在「尋找門」。\n　　鈴芽追著他，來到了山中的廢墟，\n　　在那裡的只有一扇陳舊的白門，\n　　彷彿遭逢崩壞，而被獨自遺留下來。\n　　彷彿被某種東西吸引般，鈴芽朝著門　\n　　伸出手──', 1, '台灣角川', '9780328150317'),
(353, '小惡魔學妹纏上了被女友劈腿的我 (7)', 700, '御宮ゆう', 999, 2, '2023-05-18 08:52:00', '2023-08-25 02:40:00', '353.png', 10, '　經歷過與禮奈的那個夏日夜晚之後，悠太為了讓自己成長為一個能與她匹配的人，\n　　努力準備求職並且專注在學業上。\n　　但也因為太過忙碌，抽不出時間跟動不動就跑來家裡的真由，\n　　以及上了大學經常一起行動的彩華見面──\n　　就在這時，她們碰巧在悠太家相遇，真由基於敵對的心理，\n　　對彩華提出藉由「看誰能縮短與悠太之間的距離」一決勝負！\n　　「我是自願跟你在一起的。」與彩華一起返回高中母校。\n　　「學長，我不會再讓你逃掉嘍。」跟真由一起到她的家鄉來一場假日約會。\n　　禮奈留下的一句「不要客氣喔」，更是加快了迎接', 1, '台灣角川', '9787335360280'),
(354, '我想成為影之強者！ (5)', 1000, '逢沢大介', 999, 2, '2023-05-26 15:32:00', '2023-08-25 02:40:00', '354.png', 10, '　　突如其來的黑暗壟罩了安穩的米德加魔劍士學院。\n　　不只是學院，連整座都市也都陷入黑暗中。\n　　「這次，我會給你看到我真正的力量。」\n　　影之師，同時也是莉亞的父親──加尼斯·霍普。\n　　他突然現身，想要奪取【影之心】，意圖摧毀這個世界。\n　　面對超出自己能力許多的強敵，\n　　詹姆斯該如何對抗這位被自己敬愛的老師所謂的「真正的影之強者」？\n　　一場從未預料到的決戰，此刻展開──！', 1, '台灣角川', '9785692350757'),
(355, '反派角色只有死亡結局 6（end）', 800, 'Gwon Gyeoeul', 999, 2, '2023-07-02 03:25:00', '2023-08-25 02:40:00', '355.png', 10, '【系統】遊戲結束。\n　　消滅萊拉後，系統跟著消失得無影無蹤，\n　　佩妮洛普的生死也終於不再和任務結果畫上等號，\n　　而她決定留在這個有「他」的世界，展開新生活！\n　　但才平靜了幾天，伊歐卡皇宮內便傳出驚天動地的消息──\n　　公爵千金拒絕和未來皇帝結婚？！\n　　當事人之一的佩妮洛普認為，\n　　比起成為皇后，自己還有更重要的事情要做：\n　　她想繼續完成學業、見證凱利司托登上皇位的瞬間，\n　　以及，尋找那位不知蹤影的魔法師。\n　　就在兩人不歡而散的那個晚上，\n　　重新嵌上碎片的「真實之鏡」再次散發光芒，\n　　鏡', 1, '知翎文化', '9786455673255'),
(356, 'SPY×FAMILY 間諜家家酒 11', 800, '遠藤達哉', 999, 2, '2023-07-16 12:56:00', '2023-08-25 02:40:00', '356.png', 11, '約兒與戴斯蒙德之妻‧梅琳達\n　　變得熟絡，讓不想輸給約兒的\n　　安妮亞開始認真看待「好朋友大作戰」！\n　　但在伊甸學園的社會科校外參觀途中，\n　　孩子們被捲入事件了…？', 1, '東立', '9785201314310'),
(357, '療傷遊戲 重新開始 3', 1700, '日ノ原巡', 999, 2, '2023-04-25 22:04:00', '2023-08-25 02:40:00', '357.png', 11, '　　原本距離同居之日不遠......然而，\n　　湊剛好看到靜真跟動物醫院的院長在一起，因此開始保持距離。\n　　靜真感到不解，到處尋找意圖疏遠的湊，而湊躲進了哥哥的家裡…\n　　愛變深，壓力更沉。並肩踏出新步伐的靜真ｘ湊的的ＬＯＶＥ　ＬＩＦＥ第３集！', 1, '東立', '9786639552094'),
(358, '關於我在無意間被隔壁的天使變成廢柴這件事 1', 300, '佐伯さん, はねこと', 999, 2, '2023-06-17 05:24:00', '2023-08-25 02:40:00', '358.png', 11, '高中生藤宮周居住的公寓隔壁，住著被譽為「天使」的學校第一美少女‧椎名真晝。原本並沒有太多交集的兩人，自從周將傘借給在雨中淋得渾身濕透的真晝之後，奇妙的交流便就此展開了。\n　　因為看不慣周散漫的獨居生活，真晝開始全方位地照料。\n　　儘管兩人嘴上說著對彼此不感興趣，還是一點一點地拉近與對方的距離……', 1, '東立', '9787593817848'),
(359, '光逝去的夏天 (2)', 2000, 'モクモク れん', 996, 2, '2023-05-17 19:18:00', '2023-08-25 02:40:00', '359.png', 11, '佳紀和光是在某個村落一起長大的兩名少年。然而，某一天，佳紀確定了光被替換成其他某種存在。樣貌身形跟本人完全一樣的「光」。佳紀為什麼會發現他已經不是過去那個光了？光親口道出的真相是……此外，村落的居民開始發現異常現象，並準備採取對策──', 1, '台灣角川', '9788050433265'),
(360, '姊嫁物語 (14)', 1100, '森薰', 999, 2, '2023-04-17 16:35:00', '2023-08-25 02:40:00', '360.png', 11, '《姊嫁物語》以19世紀後半的中亞一帶為舞台，以結婚為主軸，描繪當地各式各樣種族的民情風俗。愛米爾的哥哥，阿傑爾將挑戰在中亞榮負盛名的賽馬！新的新娘們也將會登場！', 1, '台灣角川', '9787470713087'),
(361, '無節操 Bitch社 5', 1500, 'おげれつたなか', 997, 2, '2023-08-01 04:50:00', '2023-08-25 02:40:00', '361.png', 11, '遠野高志是鬱鬱蔥蔥學園攝影社俗稱無節操社的1年級生。環繞著鹿谷的初戀所發生的事件，被全體社員用出色的演技解決後，遠野他們和無節操社的每一個人（還有吉米）都堅持要在溫泉旅館中進行暑假集訓。經歷了夏日的性愛集訓，鬱學男生們的愛情之箭將會射向何方…', 1, '東立 ', '9783202265951'),
(362, '地。—關於地球的運動—(08)完', 2000, '魚豊', 999, 2, '2023-07-28 20:20:00', '2023-08-25 02:40:00', '362.png', 11, '「地動說」出版在即，杜拉卡和施密特在被審判官逼得走投無路的情況下，犧牲了自己的同志才逃過了重圍。但是諾瓦克正在接近！！懷著一線希望，杜拉卡們前往的目的地是什麼？為了「真理」和「地動說」而冒著生命危險的人們，他們的結局如何──', 1, '尖端', '9783599190799'),
(363, '菈菈的婚禮 第五卷', 1700, 'ためこう', 999, 2, '2023-04-14 00:46:00', '2023-08-25 02:40:00', '363.png', 11, '烏魯齊與菈姆丹兩人才剛回到布魯庫堤恩家，布魯庫特馬上就發現了菈姆丹的男兒身事實。對於此事兩人都不加以解釋，徹底激怒了布魯庫特。烏魯齊被迫面臨在所愛之人與家族繼承地位之間做出抉擇。另一方面，深怕因為自己使得布魯庫堤恩家面臨分崩離析，於是菈姆丹決定了某件事？', 1, '紅蠍', '9788389156449'),
(364, '成為活躍於全球的英語工作者：給非母語者的「絕對規則」，不只知道「如何」說，更要「正向」且「有禮貌」地說！', 200, '岡田兵吾', 999, 2, '2023-07-14 04:26:00', '2023-08-25 02:40:00', '364.png', 12, '明明英語說得還不錯，也曾被派駐海外，但不知為何，一換到國際企業工作，就變得好像不會說話？本書為作者於埃森哲、德勤、微軟等頂尖企業，與外國人共事23年所精煉出的「武器」。一次解決英語工作者兩大痛點：「這時候，要怎麼說才好……」以及「如何正向且有禮貌地說」。在解雇可謂家常便飯的國際職場，除了不讓你的「英語危機」升格為「解雇危機」，更要讓你成為「活躍於全球的英語工作者」！', 1, '悅知文化', '9781148210159'),
(365, 'NEW GEPT 全新全民英檢初級聽力&閱讀題庫解析【新制修訂版】：110 年起最新改版英檢初級題型！6 回試題完全掌握最新內容與趨勢！', 200, '國際語言中心委員會', 999, 2, '2023-07-25 09:27:00', '2023-08-25 02:40:00', '365.png', 12, '本書可以作為準備全民英檢初級及會考使用，也適合在家自修、老師課堂測驗與練習「詳解」+「單字片語解釋」+「相關文法或用法補充」給你最詳盡、掌握重點的解題說明隨書附贈與真實考試語調、速度、各題間隔空秒相仿的MP3光碟', 1, '國際學村', '9780573581755'),
(366, '【IELTS雅思練武功】寫作8.0考前衝刺，就靠這一本！', 2000, '王爽', 999, 2, '2023-04-28 16:31:00', '2023-08-25 02:40:00', '366.png', 12, '【系列完整，穩拿雅思高分】 1.【IELTS雅思練武功】閱讀8.0考前衝刺，就靠這一本！ 2.【IELTS雅思練武功】聽力8.0考前衝刺，就靠這一本！ 3.【IELTS雅思練武功】口說8.0考前衝刺，就靠這一本！ 4.【IELTS雅思練武功】寫作8.0考前衝刺，就靠這一本！', 1, '柏樂出版有限公司', '9789423278606'),
(367, '世界最簡單：自助旅行英語－出國旅遊，看這本就夠了！', 1500, '施孝昌', 998, 2, '2023-06-02 15:10:00', '2023-08-25 02:40:00', '367.png', 12, '簡單好學：每個單字片語在中學時都已學過，簡單易懂，絕無難字，可以現學現用，省卻您寶貴的時間和精力。活潑實用：〈實況會話〉生動活潑，切合實際生活需要，純正美語，絕不讓您學到累贅又不實用的洋涇濱英語。資料豐富：每個Chapter的〈旅遊錦囊〉提醒您旅途中必須注意的細節及重要事項，保障您的權益，省卻不必要的麻煩糾紛。因應時代與科技進步，本書以「附免費QR碼線上音檔」，全新呈現給讀者，行動學習，即刷即聽，英語實力進步更神速。', 1, '哈福企業', '9785395648074'),
(368, '全新制50次多益滿分的怪物講師TOEIC多益閱讀攻略+模擬試題+解析(2書+防水書套)', 1600, '鄭相虎', 998, 2, '2023-08-28 06:21:00', '2023-08-25 02:40:00', '368.png', 12, '透過自我診斷考試，了解自己不足的地方，跟著怪物講師設計的學習計畫，快則20天、慢則60天，就能完全掌握破解多益考試的技巧。考取理想成績，再也不是夢想！考過50次多益滿分不是沒有原因，怪物講師的祕訣大公開！只要跟著怪物講師教學團隊，了解多益考試的解題策略，下一個滿分的人，就是你！', 1, '不求人文化', '9788708404860'),
(369, '英文字彙王：核心單字2001-4000 Levels 3 & 4', 1200, '賴世雄', 999, 2, '2023-04-28 19:09:00', '2023-08-25 02:40:00', '369.png', 12, '一出版就賣到缺貨，讀者一致推薦的單字書，從單字、衍生字、近似字、重要文法說明、片語到延伸用法，一應俱全！隨書附贈超完整音檔，單字練發音×例句練聽力。多益/全民英檢/托福/雅思/學測適用', 1, '常春藤', '9787355080384'),
(370, 'TRY！日本語N1達陣：從日檢文法展開全方位學習', 1000, 'ABK 公益財団法人アジア学生文化協会', 998, 2, '2023-05-10 12:40:00', '2023-08-25 02:40:00', '370.png', 12, '「TRY！日本語能力試験 文法から伸ばす日本語」系列為ABK（公益財団法人アジア学生文化協会）以其35年的日語教育經驗編纂而成。編寫期間，也同時作為旗下日本語學校的授課教材，因而經過實際教學的反覆驗證，是目前將日檢文法整理得最完備的實用教材，讓讀者在學習日語的過程中能同時熟悉日檢題型，事半功倍，深獲第一線教師們高度肯定！', 1, '眾文', '9780650187647'),
(371, '新日檢完勝單語N3', 1700, 'アークアカデミー', 999, 2, '2023-08-02 19:52:00', '2023-08-25 02:40:00', '371.png', 12, '本書由アークアカデミー東京校老師執筆、校長監修，日本專業語言教材出版社ASK（アスク）編輯出版，並在日本當地錄製標準東京腔。如果你對市面上一堆「一定考上」「絕對合格」「完全攻略」的書感到困惑、不知如何抉擇的話，本書以專業教學立場精挑必學單字，即使不為考試，也是生活必備單字。', 1, '眾文', '9781185697392'),
(372, '刑事訴訟法實戰解題書', 1400, '黃博彥(黎律師)', 999, 2, '2023-08-04 18:33:00', '2023-08-25 02:40:00', '372.png', 13, '作者以刑事訴訟流程作為骨幹，將近十多年來律師、司法官與法研所考試重要的題目，重新過濾、整理，依其所涉之爭點，妥善放在訴訟流程中應出現之位置。這樣的編排方式，除了讓讀者得以在最快的時間內掌握刑事訴訟法近年來所有重要爭點外，亦可增加考生對於刑事訴訟架構之掌握程度，使讀者在最短的時間內，獲得最高的投資報酬，充分掌握上榜的關鍵分數。 本次改版，依往例收錄新近司律及研究所考題，其中上訴不可分、沒收、域外警詢筆錄、迴避、簡捷程序等議題，在110及111年司律、法研所考試，均有命題紀錄，作者一併收錄之。', 1, '高點', '9783977924328'),
(373, '2023【圖解觀念統整】圖解式民法(含概要)重點精要+嚴選題庫 ［十一版］', 1800, '程馨', 999, 2, '2023-05-10 10:11:00', '2023-08-25 02:40:00', '373.png', 13, '「選擇適合你的書，民法沒有想像中的難！」 「一書在手，輕鬆破解民法！」 民法是所有基礎法科中相當重要的一部法典之一，但其內容相當廣博，難以準備。不過也因為如此，通常只要「民法」這一科能夠獲致高分，就幾乎等於是取得了上榜的保證。', 1, '千華數位文化', '9786332529770'),
(374, '保健食品初級工程師教材套書', 600, '黃賢齊', 999, 2, '2023-07-21 16:17:00', '2023-08-25 02:40:00', '374.png', 13, '保健食品專業人才能力鑑定包括保健食品初級工程師及保健食品研發工程師考試。102年首度辦理之第一次初級工程師考試，已吸引國內保健食品相關系所及企業團體近5000人報考，足見其受到的重視及影響力。加上發展過程專業嚴謹，具有高度鑑別度，且評鑑內容貼近產業職能需求，獲證者勢必為保健食品業者 搶先聘用。目前已有葡萄王生技、味全食品、景岳生物等10餘家保健食品業者，願意優先面談/聘用獲證者。 本書為保健食品初級工程師考試科目中「保健食品概論」一科之專用教材，由縱橫食品營養教學20年之補教名師「黃賢齊」與「郭南」聯合編', 1, '宏典文', '9789728876175'),
(375, '拆解考試的技術：輕鬆高分錄取的黃金學習頻率、讀書筆記技巧', 1900, '趙胤丞', 999, 2, '2023-05-01 22:33:00', '2023-08-25 02:40:00', '375.png', 13, '無論你是職場人士，還是學生、老師，這本書要告訴你，不需要再死讀書，用最有效率的方法，學會專業、記住知識，並且順利通過考試，是有具體可行的步驟的！作者趙胤丞老師，現職專業講師、企業顧問，考取多張職業證照，也是台大學霸。在其職涯各階段，利用有效的學習技巧，通過更階段的重要考試，幫助自己在職場中不斷晉升，在轉職過程順利跨領域。而在這本書中，將會整理一套完整的準備考試系統，讓你也能跟著操作這一套學習流程。', 1, 'PCuSER電腦人文化', '9789646791871'),
(376, '2023【一本制霸甲乙級】職安一本GO：職業安全衛生管理甲乙級技術士學術科精選題庫', 1300, '劉永宏', 999, 2, '2023-04-14 08:20:00', '2023-08-25 02:40:00', '376.png', 13, '國內就業市場競爭日趨激烈的今天，唯有通過國家考試及取得技能檢定證照，才是求職唯一的保障。且政府現階段急切推展「職業證照制度，未來求職必須具備合格證照，才能找到一份理想的工作。有鑑於此，將國內專家學者之論 述及個人之實務經驗加以重新編輯整理，以提供考生考試參考之用。', 1, '千華數位文化', '9789047331138'),
(377, '迎戰108新課綱：高中英語聽力10回模擬測驗勇奪A級+1MP3', 900, '賴世雄', 999, 2, '2023-06-27 00:15:00', '2023-08-25 02:40:00', '377.png', 13, '本書根據大考中心頒布111年高中英聽測驗題型編纂而成，完全仿真，專業外師錄音強化英聽能力，符合108課綱核心素養導向精神。「應試攻略」深度剖析各題型的出題脈絡與解題技巧，另有完整聽力音檔及解答、聽力錄音內容加註解、答案卡等文件檔，可透過光碟或掃QR Code取得，雙管齊下，勇奪A級超 easy！', 1, '常春藤', '9786296280386'),
(378, '張璐的物權法有聲解題書(6版)', 500, '張璐', 998, 2, '2023-04-03 22:30:00', '2023-08-25 02:40:00', '378.png', 13, '本書第一部分整理物權主要爭點回顧，第二部分則收錄約160題的物權試題，而且每題除了書面文字外，都有錄音說明。對，每一題！清楚、流暢的解析，豐富答題思考層次，文字說明+錄音解說，不管你∕妳是視覺的或聽覺的動物，最後都能言之有物！', 1, '讀享數位', '9784339408822'),
(379, '2023會計丙級技術士[學科+術科]套書：符合最新檢定規範及IFRS規定', 1900, '林惠貞', 999, 2, '2023-07-23 01:50:00', '2023-08-25 02:40:00', '379.png', 13, '近年來會計相關規定與公報不斷修改。2015年IFRS 2013年版取代2013年使用之IFRS 2010年版。因應我國企業之需求，2014年大幅修正《商業會計法》。而我國會計研究發展基金會提出企業會計準則公報，企業會計準則公報為適用於一般中小企業之會計準則公報，自2016年起全面正式啟動，此為小型IFRS，務必瞭解該公報對於會計事務之相關規定，以應付考試之需要以及一般中小企業之會計處理。故本書因應時勢與歷年考題的變動，彙整術科考試內容，以學習需要排列章節次序，並以主題編寫，不僅容易掌握學習重點，更能掌握考', 1, '千華數位文化', '9782808203262'),
(380, '資訊安全概論與實務(第三版)', 1700, '潘天佑', 999, 2, '2023-04-17 23:59:00', '2023-08-25 02:40:00', '380.png', 14, '完全針對資訊安全主題所設計，廣泛且精要地探討相關內容，並納入最新作業系統之資訊安全技術。本書想寫給三種類型的讀者：第一種是在大專與技職院校修習資訊安全課程的學生，這本書可以當作是教科書或參考書。第二種是從事資訊安全相關工作的專業人士，這本書非常強調實務，相信能帶來許多幫助。第三種是要報考資訊安全專業證照的朋友，這本書對準備CISSP、SSCP、CompTIA、Security+或是CEH考試，取得一張理想的國際證照很有助益。', 1, '碁峰', '9781022790149'),
(381, '社群經營一定要會的影音剪輯與動畫製作術(附範例素材/範本/Canva手機版示範影音教學)', 900, '文淵閣工作室', 998, 2, '2023-04-11 17:30:00', '2023-08-25 02:40:00', '381.png', 14, '影片容易抓住群眾與消費者的目光，所以廣泛運用於YouTube、FB、IG與LINE等社群平台的行銷中，是勢不可擋的潮流。無論是社群小編、自媒體、個人工作室創業頭家、電商行銷企劃人員、想提高產值的設計師、有影音製作障礙者、要交影音專題的學生、需要製作教學影片的老師…等各式職人與學習者，本書內容絕對是你最佳的合作夥伴。就算對影音、動畫設計不拿手，也可以藉由書中的主題式範例輕鬆習得最實用的技巧，是提升工作效能並快速強化影片質感與專業度的最佳利器。', 1, '碁峰', '9786689341270'),
(382, '最完整跨平台網頁設計：HTML + CSS + JavaScript + jQuery + Bootstrap + Google Maps王者歸來(第二版)(全彩印刷)', 1200, '洪錦魁', 999, 2, '2023-05-06 21:54:00', '2023-08-25 02:40:00', '382.png', 14, '這是目前市面上內容最完整的跨平台、響應式網頁設計圖書，讀者研讀本書可以學會【HTML】、【CSS】、【JavaScrpt】、【jQuery】、【Bootstrap】、【Google Maps】等相關技術。本書獨家整合所有必要的技術，絕對是想學習網頁設計的必讀之作。此書可以說是作者花了很多心血結合多年的網頁設計經驗所整理出來的，內容包括網頁設計的基礎知識、HTML的基本語法、CSS的基本語法、JavaScrpt基本語法、jQuery基本語法、Bootstrap基本語法，以及Google Maps應用等。', 1, '深智數位', '9780378336208'),
(383, '【圖解】零基礎入門Excel╳Python高效工作術：輕鬆匯入大量資料、交叉分析、繪製圖表，連PDF轉檔都能自動化處理，讓效率倍增', 1200, '金宏和實', 999, 2, '2023-08-17 08:01:00', '2023-08-25 02:40:00', '383.png', 14, '用Python處理Excel，把繁瑣工作自動化，效率瞬間提升\r\n　　將Python運用於Excel中，能幫我們自動處理繁複的步驟，\r\n　　使原本需要重複開啟、計算、逐一格式化、轉檔等流程，變得只要一秒搞定。\r\n　　不僅大幅提升工作效率，也能避免在作業時不小心出錯，幫你更快完成大量、複雜的報表：\r\n　　．瞬間匯入大量資料：自動化開啟檔案，挑出所需內容整理成CSV檔、匯入系統\r\n　　．不費力完成交叉分析：先分析客戶資料，再依照商品資訊進行交叉比對\r\n　　．格式設定與列印：自動將報表格式化，呈現清楚易讀的內容\r', 1, '采實文化', '9781823657538'),
(384, '嘸蝦米輸入法－教學書', 600, '劉重次', 999, 2, '2023-04-10 08:52:00', '2023-08-25 02:40:00', '384.png', 14, '資訊爆炸的時代，唯有跟得上潮流，才不會被淘汰，除了Windows之外、Mac、Linux、64bit作業系統、手機、iPhone、PDA、翻譯機……，你還在猶豫要學哪一種輸入法嗎？學習是一下子，使用是一輩子，不要為了一下子害了一輩子；嘸蝦米輸入法絕對是你最好的選擇。', 1, '旗標', '9787983279375'),
(385, 'Windows APT Warfare：惡意程式前線戰術指南(第二版)', 1200, 'aaaddress1（馬聖豪）', 999, 2, '2023-05-23 03:17:00', '2023-08-25 02:40:00', '385.png', 14, '此書內容由淺入深，從基礎的C語言原始碼開始談及編譯器如何將它編譯，並且遵照可執行檔案格式（PE）封裝為靜態*.EXE檔案，接下來是作業系統如何解析*.EXE檔案並裝載為Process使其能真正的執行起來的完整流程。其中，除了介紹扎實的作業系統實現基礎外，並帶以各國網軍（如 CIA、海蓮花、APT41）曾玩轉這些基礎的惡意利用手段，使讀者能一窺網軍如何操作這些奇技淫巧來打擊防毒軟體。這本書的內容能讓無論是網軍、逆向工程愛好者甚至威脅研究員都能以紅隊視角打下對PE格式扎實的基礎！', 1, '博碩', '9784445424568'),
(386, 'Procreate超迷人畫畫課：用iPad輕鬆畫出我的生活風格', 200, '兔豆尼老師', 999, 2, '2023-04-08 07:45:00', '2023-08-25 02:40:00', '386.png', 14, 'Procreate是專為iPad打造的超人氣繪畫APP，功能強大、價格相當便宜，提供大量筆刷、先進的圖層系統，擁有極佳的繪畫表現、動畫製作功能，以及高畫質畫布…等許多簡單好用與強力的功能，受到國內外許多繪畫者的喜愛，在台灣也有專門討論的社群，擁有眾多粉絲。', 1, '碁峰', '9788277285022'),
(387, 'Google必修的圖表簡報術（修訂版）：Google總監首度公開絕活，教你做對圖表、說對話，所有人都聽你的！', 1400, '柯爾・諾瑟鮑姆・娜菲克', 999, 2, '2023-08-25 21:47:00', '2023-08-25 02:40:00', '387.png', 14, '曾任Google人力分析團隊總監6年的柯爾・諾瑟鮑姆・娜菲克，負責協助分析團隊和Google其他部門的溝通，她接收到的業務訊息都是最棘手、最難處理的資訊，像是「如何當個好主管」之類的主題，但她一向都能用這些資訊製造出最洗練、最好吸收的圖像，並用最有說服力的方式來說故事。她為Google開發出一套資料視覺化的訓練課程，不僅教全體Google人，還曾至各地開課五十次以上。', 1, '商業周刊', '9788050151716'),
(388, '在異世界獲得超強能力的我，在現實世界照樣無敵 3～等級提升改變人生命運～', 400, '美紅', 998, 1, '2023-05-08 08:52:00', '2023-08-25 22:58:14', '87opl.png', 10, '　此外，現實世界的王星學園舉辦了球技大會！盯上了優夜的眾多媒體也前來密集採訪……在這種情況下，優夜不小心使出了真正的力量！想當然，學園也因此陷入了一陣大騷動!!\n', 1, '東立', '9785418903823'),
(389, '【我推的孩子】(03)', 1800, '赤坂アカ', 999, 1, '2023-05-08 05:19:00', '2023-08-25 23:36:27', 'f2KPunzg.png', 10, '升學進入設有演藝科的高中就讀的雙胞胎兄妹阿奎亞與露比。\n　　看著同學們都已投身演藝圈打拚奮鬥，露比不由得感到焦慮…\n　　於是也開始準備邁向偶像之路！！', 1, '青文', '9782944064273'),
(390, '【我推的孩子】(05)', 1700, '赤坂アカ', 998, 1, '2023-08-19 13:44:00', '2023-08-25 23:36:27', '8m0koaSF.png', 10, '升學進入設有演藝科的高中就讀的雙胞胎兄妹阿奎亞與露比。\n　　看著同學們都已投身演藝圈打拚奮鬥，露比不由得感到焦慮…\n　　於是也開始準備邁向偶像之路！！', 1, '青文', '9788463610204'),
(391, '【我推的孩子】(06)', 1200, '赤坂アカ', 999, 1, '2023-04-02 03:27:00', '2023-08-25 23:36:27', 'TBBBIPw5.png', 10, '升學進入設有演藝科的高中就讀的雙胞胎兄妹阿奎亞與露比。\n　　看著同學們都已投身演藝圈打拚奮鬥，露比不由得感到焦慮…\n　　於是也開始準備邁向偶像之路！！', 1, '青文', '9783485858508'),
(392, '進擊的巨人 (01)', 90, '諫山創', 999, 1, '2023-08-09 16:36:00', '2023-08-25 00:00:00', '817ytCqR.png', 11, '《進擊的巨人》是日本漫畫家諫山創創作的漫畫作品。漫畫於2009年9月至2021年4月間在講談社《別冊少年Magazine》上連載，單行本全34卷。故事建立在人類與巨人之間的衝突，人類居住在由高牆包圍的城市，對抗牆外會吃人的巨人，並尋找著關於巨人的答案', 1, '東立', '9782038462238'),
(393, '進擊的巨人 (02)', 90, '諫山創', 999, 1, '2023-08-26 15:28:00', '2023-08-25 23:36:27', '3eENuEYr.png', 11, '《進擊的巨人》是日本漫畫家諫山創創作的漫畫作品。漫畫於2009年9月至2021年4月間在講談社《別冊少年Magazine》上連載，單行本全34卷。故事建立在人類與巨人之間的衝突，人類居住在由高牆包圍的城市，對抗牆外會吃人的巨人，並尋找著關於巨人的答案', 1, '東立', '9789734735972'),
(394, '進擊的巨人 (03)', 90, '諫山創', 999, 1, '2023-06-25 01:36:00', '2023-08-25 23:36:27', 'Ysn9W4k6.png', 11, '《進擊的巨人》是日本漫畫家諫山創創作的漫畫作品。漫畫於2009年9月至2021年4月間在講談社《別冊少年Magazine》上連載，單行本全34卷。故事建立在人類與巨人之間的衝突，人類居住在由高牆包圍的城市，對抗牆外會吃人的巨人，並尋找著關於巨人的答案', 1, '東立', '9782558293456'),
(395, '進擊的巨人 (04)', 90, ' 諫山創', 999, 1, '2023-08-17 07:46:00', '2023-08-25 23:45:14', 'vNm9NQzF.png', 11, '《進擊的巨人》是日本漫畫家諫山創創作的漫畫作品。漫畫於2009年9月至2021年4月間在講談社《別冊少年Magazine》上連載，單行本全34卷。故事建立在人類與巨人之間的衝突，人類居住在由高牆包圍的城市，對抗牆外會吃人的巨人，並尋找著關於巨人的答案。', 1, '東立', '9783587259672'),
(396, '進擊的巨人 (05)', 90, ' 諫山創', 999, 1, '2023-08-13 08:22:00', '2023-08-25 23:45:14', 'TFNjkgXD.png', 11, '《進擊的巨人》是日本漫畫家諫山創創作的漫畫作品。漫畫於2009年9月至2021年4月間在講談社《別冊少年Magazine》上連載，單行本全34卷。故事建立在人類與巨人之間的衝突，人類居住在由高牆包圍的城市，對抗牆外會吃人的巨人，並尋找著關於巨人的答案。', 1, '東立', '9780261418298'),
(397, '進擊的巨人 (06)', 90, ' 諫山創', 999, 1, '2023-08-08 17:50:00', '2023-08-25 23:45:14', 'HoOmugrZ.png', 11, '《進擊的巨人》是日本漫畫家諫山創創作的漫畫作品。漫畫於2009年9月至2021年4月間在講談社《別冊少年Magazine》上連載，單行本全34卷。故事建立在人類與巨人之間的衝突，人類居住在由高牆包圍的城市，對抗牆外會吃人的巨人，並尋找著關於巨人的答案。', 1, '東立', '9780545312781'),
(398, '進擊的巨人 (07)', 90, ' 諫山創', 999, 1, '2023-04-15 12:09:00', '2023-08-25 23:45:14', 'EeoV0gBl.png', 11, '《進擊的巨人》是日本漫畫家諫山創創作的漫畫作品。漫畫於2009年9月至2021年4月間在講談社《別冊少年Magazine》上連載，單行本全34卷。故事建立在人類與巨人之間的衝突，人類居住在由高牆包圍的城市，對抗牆外會吃人的巨人，並尋找著關於巨人的答案。', 1, '東立', '9781942309319'),
(399, '進擊的巨人 (08)', 90, ' 諫山創', 999, 1, '2023-04-15 22:06:00', '2023-08-25 23:45:14', '9KFzv829.png', 11, '《進擊的巨人》是日本漫畫家諫山創創作的漫畫作品。漫畫於2009年9月至2021年4月間在講談社《別冊少年Magazine》上連載，單行本全34卷。故事建立在人類與巨人之間的衝突，人類居住在由高牆包圍的城市，對抗牆外會吃人的巨人，並尋找著關於巨人的答案。', 1, '東立', '9788075608562'),
(400, '進擊的巨人 (09)', 90, ' 諫山創', 999, 1, '2023-07-11 14:01:00', '2023-08-25 23:45:14', 'ZH5vfC4U.png', 11, '《進擊的巨人》是日本漫畫家諫山創創作的漫畫作品。漫畫於2009年9月至2021年4月間在講談社《別冊少年Magazine》上連載，單行本全34卷。故事建立在人類與巨人之間的衝突，人類居住在由高牆包圍的城市，對抗牆外會吃人的巨人，並尋找著關於巨人的答案。', 1, '東立', '9784551115161'),
(401, '進擊的巨人(10)', 90, '諫山創', 999, 1, '2023-05-05 02:05:00', '2023-08-25 23:50:23', 'DxUhzXD7.png', 11, '《進擊的巨人》是日本漫畫家諫山創創作的漫畫作品。漫畫於2009年9月至2021年4月間在講談社《別冊少年Magazine》上連載，單行本全34卷。故事建立在人類與巨人之間的衝突，人類居住在由高牆包圍的城市，對抗牆外會吃人的巨人，並尋找著關於巨人的答案。', 1, '東立', '9788528750425'),
(402, '進擊的巨人(11)', 90, '諫山創', 998, 1, '2023-04-01 23:45:00', '2023-08-25 23:50:23', '62SP56dW.png', 11, '《進擊的巨人》是日本漫畫家諫山創創作的漫畫作品。漫畫於2009年9月至2021年4月間在講談社《別冊少年Magazine》上連載，單行本全34卷。故事建立在人類與巨人之間的衝突，人類居住在由高牆包圍的城市，對抗牆外會吃人的巨人，並尋找著關於巨人的答案。', 1, '東立', '9788990406951'),
(403, '進擊的巨人(12)', 90, '諫山創', 999, 1, '2023-08-02 15:08:00', '2023-08-25 23:50:23', 'RTM1DF31.png', 11, '《進擊的巨人》是日本漫畫家諫山創創作的漫畫作品。漫畫於2009年9月至2021年4月間在講談社《別冊少年Magazine》上連載，單行本全34卷。故事建立在人類與巨人之間的衝突，人類居住在由高牆包圍的城市，對抗牆外會吃人的巨人，並尋找著關於巨人的答案。', 1, '東立', '9789365783789'),
(405, '進擊的巨人 (13)', 90, '諫山創', 998, 1, '2023-07-26 09:18:00', '2023-08-25 23:52:20', 'qhQ6cXWj.png', 11, '《進擊的巨人》是日本漫畫家諫山創創作的漫畫作品。漫畫於2009年9月至2021年4月間在講談社《別冊少年Magazine》上連載，單行本全34卷。故事建立在人類與巨人之間的衝突，人類居住在由高牆包圍的城市，對抗牆外會吃人的巨人，並尋找著關於巨人的答案。', 1, '東立', '9789857698399'),
(406, '進擊的巨人 (14)', 90, '諫山創', 999, 1, '2023-05-19 08:51:00', '2023-08-25 23:52:20', 'KCD78DoH.png', 11, '《進擊的巨人》是日本漫畫家諫山創創作的漫畫作品。漫畫於2009年9月至2021年4月間在講談社《別冊少年Magazine》上連載，單行本全34卷。故事建立在人類與巨人之間的衝突，人類居住在由高牆包圍的城市，對抗牆外會吃人的巨人，並尋找著關於巨人的答案。', 1, '東立', '9781191140935'),
(407, '進擊的巨人 (15)', 90, '諫山創', 999, 1, '2023-04-12 10:54:00', '2023-08-25 23:52:20', '0m35ZMRH.png', 11, '《進擊的巨人》是日本漫畫家諫山創創作的漫畫作品。漫畫於2009年9月至2021年4月間在講談社《別冊少年Magazine》上連載，單行本全34卷。故事建立在人類與巨人之間的衝突，人類居住在由高牆包圍的城市，對抗牆外會吃人的巨人，並尋找著關於巨人的答案。', 1, '東立', '9786382609788'),
(408, '進擊的巨人 (16)', 90, '諫山創', 999, 1, '2023-05-18 08:49:00', '2023-08-25 23:52:20', 'xKDUfYnP.png', 11, '《進擊的巨人》是日本漫畫家諫山創創作的漫畫作品。漫畫於2009年9月至2021年4月間在講談社《別冊少年Magazine》上連載，單行本全34卷。故事建立在人類與巨人之間的衝突，人類居住在由高牆包圍的城市，對抗牆外會吃人的巨人，並尋找著關於巨人的答案。', 1, '東立', '9788339626442'),
(409, '進擊的巨人 (17)', 90, '諫山創', 999, 1, '2023-04-03 02:11:00', '2023-08-25 23:52:20', 'CibiREC6.png', 11, '《進擊的巨人》是日本漫畫家諫山創創作的漫畫作品。漫畫於2009年9月至2021年4月間在講談社《別冊少年Magazine》上連載，單行本全34卷。故事建立在人類與巨人之間的衝突，人類居住在由高牆包圍的城市，對抗牆外會吃人的巨人，並尋找著關於巨人的答案。', 1, '東立', '9782550303156'),
(410, '進擊的巨人 (18)', 90, '諫山創', 999, 1, '2023-07-23 22:24:00', '2023-08-25 23:52:20', 'lznRXJ2O.png', 11, '《進擊的巨人》是日本漫畫家諫山創創作的漫畫作品。漫畫於2009年9月至2021年4月間在講談社《別冊少年Magazine》上連載，單行本全34卷。故事建立在人類與巨人之間的衝突，人類居住在由高牆包圍的城市，對抗牆外會吃人的巨人，並尋找著關於巨人的答案。', 1, '東立', '9787732636758'),
(411, '進擊的巨人 (19)', 90, '諫山創', 999, 1, '2023-04-15 03:07:00', '2023-08-25 23:58:01', 'bZTplPgW.png', 11, '《進擊的巨人》是日本漫畫家諫山創創作的漫畫作品。漫畫於2009年9月至2021年4月間在講談社《別冊少年Magazine》上連載，單行本全34卷。故事建立在人類與巨人之間的衝突，人類居住在由高牆包圍的城市，對抗牆外會吃人的巨人，並尋找著關於巨人的答案。', 1, '東立', '9781012274633'),
(412, '進擊的巨人 (20)', 90, '諫山創', 999, 1, '2023-05-20 20:07:00', '2023-08-25 23:58:01', 'wtEQLXov.png', 11, '《進擊的巨人》是日本漫畫家諫山創創作的漫畫作品。漫畫於2009年9月至2021年4月間在講談社《別冊少年Magazine》上連載，單行本全34卷。故事建立在人類與巨人之間的衝突，人類居住在由高牆包圍的城市，對抗牆外會吃人的巨人，並尋找著關於巨人的答案。', 1, '東立', '9781863463196'),
(413, '進擊的巨人 (21)', 90, '諫山創', 999, 1, '2023-04-07 19:16:00', '2023-08-25 23:58:01', 'XhxSLFAy.png', 11, '《進擊的巨人》是日本漫畫家諫山創創作的漫畫作品。漫畫於2009年9月至2021年4月間在講談社《別冊少年Magazine》上連載，單行本全34卷。故事建立在人類與巨人之間的衝突，人類居住在由高牆包圍的城市，對抗牆外會吃人的巨人，並尋找著關於巨人的答案。', 1, '東立', '9786280492391'),
(414, '進擊的巨人 (22)', 90, '諫山創', 999, 1, '2023-08-01 04:52:00', '2023-08-25 23:58:01', '8XPSx0cd.png', 11, '《進擊的巨人》是日本漫畫家諫山創創作的漫畫作品。漫畫於2009年9月至2021年4月間在講談社《別冊少年Magazine》上連載，單行本全34卷。故事建立在人類與巨人之間的衝突，人類居住在由高牆包圍的城市，對抗牆外會吃人的巨人，並尋找著關於巨人的答案。', 1, '東立', '9785812072675'),
(416, '進擊的巨人 (23)', 90, '諫山創', 999, 1, '2023-08-16 05:31:00', '2023-08-25 23:58:01', '9NO7b3bq.png', 11, '《進擊的巨人》是日本漫畫家諫山創創作的漫畫作品。漫畫於2009年9月至2021年4月間在講談社《別冊少年Magazine》上連載，單行本全34卷。故事建立在人類與巨人之間的衝突，人類居住在由高牆包圍的城市，對抗牆外會吃人的巨人，並尋找著關於巨人的答案。', 1, '東立', '9780218886509'),
(417, '進擊的巨人 (24)', 90, '諫山創', 999, 1, '2023-08-02 12:24:00', '2023-08-26 00:02:17', '878724.png', 11, '《進擊的巨人》是日本漫畫家諫山創創作的漫畫作品。漫畫於2009年9月至2021年4月間在講談社《別冊少年Magazine》上連載，單行本全34卷。故事建立在人類與巨人之間的衝突，人類居住在由高牆包圍的城市，對抗牆外會吃人的巨人，並尋找著關於巨人的答案。', 1, '東立', '9783658214829'),
(418, '進擊的巨人 (25)', 90, '諫山創', 999, 1, '2023-06-09 22:46:00', '2023-08-26 00:02:57', 'zCQd59AN.png', 11, '《進擊的巨人》是日本漫畫家諫山創創作的漫畫作品。漫畫於2009年9月至2021年4月間在講談社《別冊少年Magazine》上連載，單行本全34卷。故事建立在人類與巨人之間的衝突，人類居住在由高牆包圍的城市，對抗牆外會吃人的巨人，並尋找著關於巨人的答案。', 1, '東立', '9787634414925'),
(419, '進擊的巨人 (26)', 90, '諫山創', 999, 1, '2023-04-06 17:00:00', '2023-08-26 00:02:57', 'vB9HoiMz.png', 11, '《進擊的巨人》是日本漫畫家諫山創創作的漫畫作品。漫畫於2009年9月至2021年4月間在講談社《別冊少年Magazine》上連載，單行本全34卷。故事建立在人類與巨人之間的衝突，人類居住在由高牆包圍的城市，對抗牆外會吃人的巨人，並尋找著關於巨人的答案。', 1, '東立', '9787197430447'),
(420, '進擊的巨人 (27)', 90, '諫山創', 999, 1, '2023-08-12 07:26:00', '2023-08-26 00:02:57', 'lHXgoUCn.png', 11, '《進擊的巨人》是日本漫畫家諫山創創作的漫畫作品。漫畫於2009年9月至2021年4月間在講談社《別冊少年Magazine》上連載，單行本全34卷。故事建立在人類與巨人之間的衝突，人類居住在由高牆包圍的城市，對抗牆外會吃人的巨人，並尋找著關於巨人的答案。', 1, '東立', '9783083907769'),
(421, '進擊的巨人 (28)', 90, '諫山創', 999, 1, '2023-04-20 19:04:00', '2023-08-26 00:02:57', 'ppCUc07l.png', 11, '《進擊的巨人》是日本漫畫家諫山創創作的漫畫作品。漫畫於2009年9月至2021年4月間在講談社《別冊少年Magazine》上連載，單行本全34卷。故事建立在人類與巨人之間的衝突，人類居住在由高牆包圍的城市，對抗牆外會吃人的巨人，並尋找著關於巨人的答案。', 1, '東立', '9783827247809'),
(422, '進擊的巨人 (29)', 90, '諫山創', 999, 1, '2023-08-11 01:10:00', '2023-08-26 00:02:57', '4TRyGQYD.png', 11, '《進擊的巨人》是日本漫畫家諫山創創作的漫畫作品。漫畫於2009年9月至2021年4月間在講談社《別冊少年Magazine》上連載，單行本全34卷。故事建立在人類與巨人之間的衝突，人類居住在由高牆包圍的城市，對抗牆外會吃人的巨人，並尋找著關於巨人的答案。', 1, '東立', '9789884516047'),
(423, '進擊的巨人 (30)', 90, '諫山創', 999, 1, '2023-07-02 02:20:00', '2023-08-26 00:02:57', 'YtAjaJL9.png', 11, '《進擊的巨人》是日本漫畫家諫山創創作的漫畫作品。漫畫於2009年9月至2021年4月間在講談社《別冊少年Magazine》上連載，單行本全34卷。故事建立在人類與巨人之間的衝突，人類居住在由高牆包圍的城市，對抗牆外會吃人的巨人，並尋找著關於巨人的答案。', 1, '東立', '9787940837114'),
(424, '進擊的巨人 (31)', 90, '諫山創', 997, 1, '2023-06-06 15:41:00', '2023-08-26 00:08:03', 'gAGGd4PC.png', 11, '《進擊的巨人》是日本漫畫家諫山創創作的漫畫作品。漫畫於2009年9月至2021年4月間在講談社《別冊少年Magazine》上連載，單行本全34卷。故事建立在人類與巨人之間的衝突，人類居住在由高牆包圍的城市，對抗牆外會吃人的巨人，並尋找著關於巨人的答案。', 1, '東立', '9780050637740'),
(425, '進擊的巨人 (32)', 90, '諫山創', 997, 1, '2023-06-07 17:58:00', '2023-08-26 00:08:03', '7Lalhr2O.png', 11, '《進擊的巨人》是日本漫畫家諫山創創作的漫畫作品。漫畫於2009年9月至2021年4月間在講談社《別冊少年Magazine》上連載，單行本全34卷。故事建立在人類與巨人之間的衝突，人類居住在由高牆包圍的城市，對抗牆外會吃人的巨人，並尋找著關於巨人的答案。', 1, '東立', '9786430677665'),
(426, '進擊的巨人 (33)', 90, '諫山創', 997, 1, '2023-07-18 01:20:00', '2023-08-26 00:08:03', 'O4MSdFYd.png', 11, '《進擊的巨人》是日本漫畫家諫山創創作的漫畫作品。漫畫於2009年9月至2021年4月間在講談社《別冊少年Magazine》上連載，單行本全34卷。故事建立在人類與巨人之間的衝突，人類居住在由高牆包圍的城市，對抗牆外會吃人的巨人，並尋找著關於巨人的答案。', 1, '東立', '9782001475414'),
(427, '進擊的巨人(34)', 90, '諫山創', 991, 1, '2023-06-25 15:31:00', '2023-08-18 01:19:33', '026.png', 11, '', 1, '東立', '9780715344381'),
(428, '如何讓人改變想法：關於信念、觀點與說服技巧', 400, 'David McRaney', 999, 1, '2023-07-05 14:32:00', '2023-08-26 00:49:13', 'QjfPmOp4.png', 6, '美國在2012年還是以反對同性婚姻合法化者居多，\n　　英國在2020年底仍有86%拒絕接種新冠疫苗，\n　　但不到一年即情勢互換，\n　　顯然人的想法是能夠改變的，\n　　而且改變的速度奇快無比，\n　　就像骨牌效應一樣瞬間翻轉。', 1, '天下文化', '9787572295970'),
(429, '英文語感輕鬆ge', 1600, ' 船津 洋', 999, 2, '2023-08-19 17:42:00', '2023-08-26 00:49:13', '687axc.png', 12, '憑感覺，就能說英文！\n　　只要學會80個英語單字，立刻內建母語人士語感\n　　馬上就會用！開口就能說！', 1, '野人', '9785715447017'),
(430, '如果這樣，會怎樣？2：千奇百怪的問題　嚴肅精確的回答', 800, ' Randall Munroe', 998, 2, '2023-05-16 17:55:00', '2023-08-26 00:49:13', 'yvMmD2OA.png', 6, '　●用消防員滑桿從月球滑到地球？最困難的環節在於著陸時要堅持住。\n　　●同時打開所有冰箱門來替地球降溫？也許是時候簡介一下熱力學。\n　　●人吊掛在直升機的葉片上會怎樣？能建造十億層樓的建築嗎？以熔岩製作熔岩燈可行嗎？假如在間歇泉噴發時跳上去，又會發生什麼？', 1, '天下文化 ', '9785860347483'),
(431, '我的人生簡史：全世界最著名的科學家的獨特自傳霍金本人現身說法-絕無僅有的個人簡史', 1300, 'Stephen Hawking', 997, 2, '2023-06-18 18:54:00', '2023-08-26 00:49:13', 'ElDV8vTO.png', 6, '霍金以獨樹一幟的幽默詼諧和真情至性，暢談二十一歲被診斷患有漸凍人症之後所面臨的人生挑戰。最早，他剛出現漸凍症病徵，行動變笨拙，曾經因為爬樓梯摔跤，醫生竟然只是告誡他：「少喝點啤酒吧！」回首成爲舉世最知名的科學家的歷程，', 1, '大塊文化', '9782155396670'),
(432, '造局者：思考框架的威力', 2000, ' Kenneth Cukier, Viktor Mayer-Schönberger, Francis de Véricourt', 999, 1, '2023-05-14 16:00:00', '2023-08-26 01:04:58', 'EFJuAEgM.png', 2, '　Framer原意是起草美國憲法的那群人，\n　　他們建立了聯邦政府的「框架」，他們正是「造局者」的典型——\n　　運用腦中的思考框架，在現實社會構建了可以實現夢想的體制框架，\n　　他們展現腦中的思維格局，雙手締造了壯闊的新局。\n', 1, '東立', '9783195941209'),
(433, '輝夜姬想讓人告白~天才們的戀愛頭腦戰~(1)', 200, ' 赤坂アカ', 999, 1, '2023-08-21 18:42:00', '2023-08-26 01:04:58', 'NhFu9h1m.png', 11, '學生會會長．白銀御行與副會長．四宮輝夜在精英雲集的秀知院學園學生會相遇…。雖然這２個天才兩情相悅，彼此卻一直設法要讓對方愛上自己、主動向自己告白，他們將在日常生活中使出渾身解數鉤心鬥角，演出全新感覺的愛情喜劇！\n', 1, '東立', '9789513516341'),
(434, '看漫畫了解腦神經科學', 900, ' Hana Roš', 999, 1, '2023-05-01 09:00:00', '2023-08-26 01:04:58', 'fsLzNeji.png', 6, 'The Sky of Gene格主／泛科學專欄作家 Gene Ng\n　　BBC Knowledge總編輯 辜雅穗\n　　泛科學總編輯 鄭國威\n　　認知神經科學／腦科學家 謝伯讓\n　　阿簡生物筆記作者 簡志祥老師\n　　聯合推薦（依姓氏筆畫序）\n', 1, '商周出版', '9787979758389'),
(435, '科學詭案調查局：離奇現象與噁爛實驗的科學研究報告', 1800, ' Erika Engelhaupt', 996, 1, '2023-08-28 12:36:00', '2023-08-26 01:04:58', 'oE1wKBGW.png', 6, '世界上總有那麼一些事情，有些噁心、有點血腥甚至病態、卻似乎沒那麼重要，所以始終沒有人探討。這當中有些涉及死亡，有些挑戰禁忌，有些讓人渾身不舒服，但共同的特點就是背後都存在著某種可以用科學解釋的', 1, '大石國際文化', '9781358243228'),
(436, '為什麼要睡覺？：睡出健康與學習力、夢出創意的新科學', 400, ' Matthew Walker', 999, 1, '2023-06-22 05:57:00', '2023-08-26 01:04:58', 'C7IEQqzv.png', 6, '學習之前的睡眠，幫助腦準備形成新記憶；\n　　　學習之後的睡眠，可以鞏固記憶、避免遺忘。\n　　．夢提供虛擬實境，讓過去與現在的知識融合，激發創意。\n　　．夢還能撫慰痛苦的記憶，幫助我們走出創傷。', 1, '天下文', '9782851941280'),
(437, '海洋解剖書：超過650幅海洋博物繪，帶你深入淺出，全方位探索洋流、地形、鯨豚等自然知識', 400, ' Julia Rothman', 999, 1, '2023-04-08 05:17:00', '2023-08-26 01:04:58', '9EiRrNxc.png', 6, '　大翅鯨是一種擁有複雜合作意識的生物，牠們會共同合作，從噴氣孔吐出氣泡，製造出一張大型泡泡「網」困住魚群，然後吃掉在泡泡網裡迷路的魚群。', 1, '漫遊者文化', '9780184977026'),
(438, '辣妹因為懲罰遊戲才向我這個邊緣人告白', 900, '結石 ', 995, 1, '2023-08-09 01:20:00', '2023-08-26 01:12:50', 'XkB315hz.png', 10, '邊緣人氣質的少年‧簾舞陽信和班上金字塔最頂端的清純系辣妹‧茨戶七海開始交往了。自從兩人的交往獲得茨戶家承認後，他們的關係變得更加親密，成為一對似漆如膠的情侶！在這情況下，七海偶然遇見陽信的父母，得知陽信將因父母出差而獨自看家', 1, '東立', '9782369061598'),
(439, '把班上的孤單辣妹帶回家改造成清純美女的故事', 1200, '柚本悠斗', 999, 1, '2023-06-17 07:50:00', '2023-08-26 01:12:50', 'aDTHPKhy.png', 10, '進入第二學期，學校開始籌備學園祭。在泉的事前交涉之下，晃的班級決定推出「和風金髮辣妹咖啡廳」這個不可思議的主題，並且以在轉學前留下回憶的名義，讓晃和葵一起擔任學園祭執行委員。\n就在葵忙於學習接待客人和選定菜單等準備工作的時候，曾經消失得不見人影的母親突然出現在葵的面前。葵決定再次面對表示還想一起生活的母親，事態卻出現意想不到的發展──', 1, '東立', '9781290377221'),
(440, '那天，我綁架了一隻蘿莉', 1300, '午夜藍', 999, 1, '2023-05-21 20:09:00', '2023-08-26 01:12:50', 'Pc0yIVT3.png', 10, '　貝兒領著我們前往黑山羊之星，\n　　執行史詩級的超困難任務——弒神。\n　　想要達成目標，關鍵就在安塔莉絲身上，\n　　首先——「我們來練習合體吧！現在！」\n　　「合合合合合合合體？」\n　　看著一言不合就哭紅雙眼的銀毛蘿莉，\n　　以及在一旁大肆嘲笑的灰膚幼女，\n　　我不禁懷疑……這群問題兒童真的能成功嗎？', 1, '東立', '9789344701617'),
(441, '有機化學天堂秘笈I+II(套書)', 600, 'David R. Klein', 998, 1, '2023-05-16 04:17:00', '2023-08-26 01:12:50', 'j0Lx631c.png', 10, '　有機化學是化學中重要的一個分支，是專門講含碳分子的化學，事實上所有與生命有關的分子，都是有機分子。你如果翻開高中化學課本中教有機化學的那一些章節，甚至是大學的有機化學課本，會發現裡面介紹了多得嚇人的化合物，背不完的方程式。但對學生而言，背到昏天暗地也一定有沒背到的化學反應，記不起來的化合物，很多人就是如此敗在有機化學的手裡。', 1, '天下文化 ', '9782852376730'),
(442, '霍金大見解：留給世人的十個大哉問與解答', 1300, 'Stephen Hawking', 999, 1, '2023-08-15 23:23:00', '2023-08-26 01:12:50', 'xJQOMIpD.png', 6, '大哉問之一：上帝存在嗎？\n　　大哉問之二：宇宙是怎麼開始的？\n　　大哉問之三：宇宙中還有其他智慧生命嗎？\n　　大哉問之四：我們能預測未來嗎？\n　　大哉問之五：黑洞裡面是什麼？\n　　大哉問之六：時間旅行有可能嗎？\n　　大哉問之七：我們能在地球上存活下來嗎？\n　　大哉問之八：我們應該殖民太空嗎？\n　　大哉問之九：人工智慧將會比我們聰明嗎？\n　　大哉問之十：我們如何形塑未來？', 1, '天下文化 ', '9786227779105'),
(443, '超級感官：人類的32種感覺和運用技巧', 400, 'Emma Young', 999, 1, '2023-08-23 22:21:00', '2023-08-26 01:17:36', 'MEVZddCQ.png', 6, '亞里斯多德提出的五感，早就不足以描述生活在二十一世紀的人體感受\n　　屢獲殊榮的科學記者艾瑪．楊恩蒐羅完整豐富的科學研究\n　　補足暢銷書《人類大歷史》未提及的演化細節', 1, '天下文化', '9782581765644'),
(444, '青春期的腦內風暴：腦神經科學家教你如何面對衝動、易怒、難溝通、陰陽怪氣的青春期孩子', 100, ' Frances E. Jensen MD, Amy Ellis Nutt', 999, 1, '2023-08-22 20:06:00', '2023-08-26 01:17:36', 'jy0h36sc.png', 8, '所有經歷孩子青春期的家長，心中一定都有這樣的困惑與訝異。\n　　然而，青少年絕對不是什麼外星生物，他們只是被誤解罷了。\n　　情緒不穩、愛唱反調、常做蠢事、魯莽衝動，這些都是有原因的！\n　　身為一位母親的美國腦神經學家，透過彙整研究數據，結合個人的育兒經驗，提出大腦科學的全新論點，帶你透視青少年腦袋裡的祕密！', 1, '高寶', '9784225491214'),
(445, '新時間簡史', 1300, 'Stephen Hawking、Leonard Mlodinow', 998, 1, '2023-08-05 02:04:00', '2023-08-26 01:17:36', 'Ps2RYosf.png', 6, '在重新整理組織下，作者擴大讀者特別關注的範疇，並介紹了弦論與完全統一理論等最新的研究進展。比起之前的版本，《新時間簡史》更能帶領科學門外漢翱遊寰宇，藉由最新的科學研究，直探最扣人心弦的時空奧祕。本書包含三十七張全彩插圖，讓《新時間簡史》更添精彩，在科學文學史上屹立不搖。', 1, '大塊文化', '9783382159446'),
(446, '瘟疫與人：傳染病對人類歷史的衝擊', 300, ' William H. McNeill', 998, 1, '2023-04-27 14:07:00', '2023-08-26 01:17:36', 'Q3o1XR1r.png', 6, '瘟疫，是人類最深的恐懼，\n　　病菌，是塑造人類歷史的推手，\n　　槍砲、鋼鐵也擋不住這股力量！', 1, '天下文化', '9784234323896'),
(447, '把班上的孤單辣妹帶回家改造成清純美女的故事', 1600, ' 柚本悠斗', 999, 1, '2023-08-25 19:32:00', '2023-08-26 01:21:08', 'Rm4RHthz.png', 10, '距離轉學只剩下三個月的某一天，晃和葵等人決定提前來一趟『畢業旅行』。\n　　自從學園祭結束後，意識到自己對葵的感情是『戀愛』的晃，期待在旅行中與葵的關係能夠有所進展。\n　　一如既往的成員，住進深山裡的溫泉旅館，享受著溫泉、雪祭、聖誕派對等樂趣。\n　　然而，晃看見葵有時會露出情緒不穩定的神情，心中不禁升起一絲不安。\n　　「只有回憶還是不夠……」', 1, '東立 ', '9781025141450'),
(448, '兩人距離的概算', 700, '米澤穗信(Honobu YONEZAWA)', 999, 1, '2023-04-11 07:22:00', '2023-08-26 01:21:08', 'G2s4mnSQ.png', 10, '新學期新開始！一年一度的社團招生活動「贏新祭」上，\n千反田和奉太郎為了點心社團「製?研」而起的謎團爭論不休，\n這時，大日向友子悄悄加入戰局，還動了加入古籍研究社的念頭……\n', 1, '獨步文化', '9782422735870'),
(449, '有趣到不可思議的樹木果實圖鑑：300種果實驚人的機能美和造形美，前所未有的鑑賞級寫真', 1000, ' 小林智洋, 山東智紀', 998, 1, '2023-08-19 11:22:00', '2023-08-26 01:21:08', 'jEoT6I4A.png', 6, '「樹木果實」的形態可是遠比我們以為的更加多元，也更加精巧美麗。這都是為了維繫下一代展開異地求生機會，所發展出來的。透過長出鱗翅、羽毛甚至是絨毛，讓果實可以飛翔、浮在河流或是海面上進行海空之旅、使用彈跳或扭動方式將種子彈飛、用爪勾黏住動物毛髮被帶走，被鳥類或螞蟻吞下肚而移動，甚至對人類而言是天大災難的野火，對耐火的果實來說卻是繁衍下一代的大好機會。\n', 1, '遠流 ', '9789038255306'),
(450, '異世界最強貴族', 600, '三木なずな', 999, 1, '2023-06-06 14:22:00', '2023-08-26 01:21:08', 'XIiNOmxd.png', 10, '「　悠人抵達他持有的莊園後，突然出現了一位身穿兔女郎裝的美女，而且還主動過來誘惑悠人。發現這名自稱柯奈莉亞的美女「有不得已的苦衷」，悠人運用技能和力量協助她實現心願！\n', 1, '東立', '9787923069231'),
(451, '燒杯君和他的夥伴：愉快的實驗器材圖鑑', 1800, ' 上谷夫婦 ', 999, 1, '2023-04-06 19:24:00', '2023-08-26 01:21:08', 'HymxH4jH.png', 6, '對中小學生來說，本書雖然不是參考書，但期望他們可以快樂地記住實驗器材，讓理科的課程變得比平時更有趣。希望平時有在做實驗的理科人閱讀本書後，會有「是的，是的！」以及「以前不知道這個！」的感覺。讓讀者輕鬆閱讀，笑著感受趣味，再三細讀了解化學或進一步成為化學專家。這是一本充滿世界觀、讀來愉快的實驗器材小書。可讓讀者試著以身在實驗室的思維，一方面回憶理科教室，一方面閱讀本書。\n', 1, '遠流', '9782500580542'),
(452, '奈大嬸變XS小姐!!：大食女49天甩肉排毒奇蹟變身全搞定', 1400, '貴婦奈奈', 999, 1, '2023-07-26 14:23:00', '2023-08-26 01:28:14', 'XSjhwtU0.png', 8, '　在一次『大屁屁炸爆牛仔褲事件』的打擊之後，貴婦奈奈終於認清自己不但不是個瘦子、而且還胖的很不知不覺！於是她展開一連串爆笑又真實的減肥大作戰！從網路流傳極廣的榮總三日減肥餐開始她的減肥初體驗，', 1, '趨勢文化', '9788733695325'),
(453, '在異世界獲得超強能力的我，在現實世界照樣無敵12～等級提升改變人生命運～ ', 1500, ' 美紅', 999, 1, '2023-04-14 00:38:00', '2023-08-26 01:28:14', 'TIrMmQHL.png', 10, '亞爾塞里亞王國第一公主‧蕾克希雅和護衛路娜一同從異世界來到毫不知情的優夜身邊。優夜這才驚訝得知兩人決定到王星學園留學，莫非波瀾萬丈的校園生活即將開始了嗎！？', 1, '趨勢文化', '9786166735306'),
(455, '聖劍學院的魔劍使 ', 1300, '遠坂あさぎ', 999, 1, '2023-04-21 08:29:00', '2023-08-26 01:28:14', 'AtbegNFz.png', 10, '『──我等你等得好苦啊。你終於來兌現你的承諾了呢，雷歐尼斯。』雷歐尼斯粉碎了〈影之女王〉入侵埃琉席翁學院的陰謀，並且一舉擊破了復活', 1, '東立', '9784632590864'),
(456, '家裡蹲吸血姬的鬱悶', 2000, '小林湖底', 999, 1, '2023-06-20 04:53:00', '2023-08-26 01:31:00', '2RK8cRQ6.png', 10, '　天照樂土，那是永遠都有櫻花飄舞的王國。\n　　可瑪莉受到六國大戰盟友迦流羅招待，得知那裡將會舉辦確立下一任君主的儀式「天舞祭」。\n　　可瑪莉原本還覺得事不關己，不料身為候選人的迦流羅對外高調宣稱。\n', 1, '尖端', '9784662748709'),
(457, '位於戀愛光譜極端的我們', 200, ' 長岡マキ子', 999, 1, '2023-08-18 12:47:00', '2023-08-26 01:31:00', 'MSqgyzJd.png', 10, '●本集小說With特別設計書衣\n　　●滿滿月愛 ♥ 電競滑鼠墊(尺寸：L30cm×W78cm)\n　　★以龍斗與月愛這對反差情侶為中心的「常見青春群像劇」來到第五集！\n　　★邊緣人男友×萬人迷女友！\n　　★戀愛經驗差距如此之大的兩人真的能交往嗎!?\n　　★大相逕庭的高中生們所譜出的純愛戀曲！\n　　★動畫預定 2023 年內開播！。\n', 1, '台灣角川', '9789415971263'),
(458, '家裡蹲吸血姬的鬱悶', 700, '小林湖底', 999, 1, '2023-05-10 16:21:00', '2023-08-26 01:31:00', '2RK8cRQ6.png', 10, '　天照樂土，那是永遠都有櫻花飄舞的王國。\n　　可瑪莉受到六國大戰盟友迦流羅招待，得知那裡將會舉辦確立下一任君主的儀式「天舞祭」。\n　　可瑪莉原本還覺得事不關己，不料身為候選人的迦流羅對外高調宣稱。\n', 1, '尖端', '9783091610496'),
(459, 'React 學習手冊 第二版', 900, ' Alex Banks, Eve Porcello', 999, 1, '2023-07-23 16:57:00', '2023-08-26 13:35:01', 'jo12m8jE.png', 14, '本書將傳授您如何建構高效能的React應用。我們預設的讀者是那些已經掌握了JavaScript、CSS與HTML基礎知識，但卻未必了解React與函式導向JavaScript的網頁工程師。換言之，即使您尚未使用過React，也能從本書中得到充分指引，熟悉當代最佳化的React實作模式。', 1, '歐萊禮', '9787210138996'),
(460, '網頁應用程式設計：使用 Node 和 Express(第二版)', 500, ' Alex Banks, Eve Porcello', 999, 1, '2023-07-25 04:17:00', '2023-08-26 13:55:32', 'getI141mage.png', 14, 'Express在穩健的框架和完全不使用框架之間取得巧妙的平衡，讓你可以自由地選擇架構。熟悉JavaScript的前端與後端工程師也可以學會使用Express最佳實踐法，建構多頁和混合式web app。現在就翻開這本書，探索新的web開發方法吧！', 1, '歐萊禮', '9786775863800'),
(555, '從 Hooks 開始，讓你的網頁 React 起來', 600, '陳柏融', 999, 1, '2023-09-03 21:44:35', '2023-09-03 21:44:35', 'sWZptLuK.png', 14, '　☛ 第一本整合線下內容與線上社群的 React 實體書，再也不怕沒人解惑(www.facebook.com/groups/274607427104369/)\n　　☛ 從 Hooks 開始上手 React，大幅降低陡峭的 React 學習曲線\n　　☛ 透過專案實作到最終發布上線，讓所有人都可以看到你的作品\n \n　　Q：買書後碰到問題卻沒人問怎麼辦？\n　　A：第一本同時整合線下文字與線上社群的 React 實體書籍，不只是一本書，更提供專業線上討論與協助，免除讀者在學習新技術上的焦慮與不安！\n ', 1, '博碩', '9782248902322'),
(556, '哎呀！不小心刻了一套 React UI 元件庫 : 從無到有輕鬆上手', 300, ' 陳泰銘', 998, 1, '2023-09-03 21:52:44', '2023-09-03 21:52:44', '25MxwDYQ.png', 14, '本書中幾乎從頭開始打造了所有常見的元件，每一個都有講解設計理念、考量點以及範例程式碼，並且很重要的一點是他參考了 MUI 跟 Ant Design 這些熱門的 library，從中學習它們的設計理念以及 HTML 結構或是 React 的寫法。\n　　推薦這本書給所有想要打造 UI library 的新手，如果你對怎麼做出一套 UI library 毫無概念，那這本書很適合你。\n　　技術部落格 Huli\'s blog 站長 Huli', 1, '博碩', '9780916920519'),
(584, '名偵探柯南(101)', 9, '青山剛昌', 999, 1, '2023-09-07 15:06:54', '2023-09-07 00:00:00', 'CPNBpaH3.png', 11, '一個被埋在國小的時光膠囊，提示其所在處的…居然是宮野明美留下的暗號柯南與灰原等人決定挑戰這個暗號在知名法式餐廳響起了槍聲柯南追趕被擄走的博士出現在他眼前的風之女神其真實身分是然後與覬覦祕寶的怪盜小子對峙的是安室透', 1, '青文出版社', '9786263405257');

-- --------------------------------------------------------

--
-- 資料表結構 `bookgg`
--

CREATE TABLE `bookgg` (
  `book_id` int(11) NOT NULL,
  `b_title` varchar(30) NOT NULL,
  `e_title` varchar(100) DEFAULT NULL,
  `book_price` int(11) NOT NULL,
  `book_quantity` int(11) DEFAULT 0,
  `author` varchar(30) NOT NULL,
  `translator` varchar(30) DEFAULT NULL,
  `isbn` int(11) NOT NULL,
  `blurb` text DEFAULT NULL,
  `catalog` text DEFAULT NULL,
  `publisher_date` date NOT NULL,
  `book_img_id` int(11) DEFAULT NULL,
  `publisher_id` int(11) NOT NULL,
  `b_language_id` int(11) NOT NULL,
  `b_type_id` int(11) NOT NULL,
  `b_genre_id` int(11) NOT NULL,
  `book_status_id` int(11) NOT NULL
) ENGINE=InnoDB DEFAULT CHARSET=utf8mb4 COLLATE=utf8mb4_general_ci;

--
-- 傾印資料表的資料 `bookgg`
--

INSERT INTO `bookgg` (`book_id`, `b_title`, `e_title`, `book_price`, `book_quantity`, `author`, `translator`, `isbn`, `blurb`, `catalog`, `publisher_date`, `book_img_id`, `publisher_id`, `b_language_id`, `b_type_id`, `b_genre_id`, `book_status_id`) VALUES
(1, '不便利的便利店', NULL, 400, 5, '金浩然', '陳品芳', 2147483647, '<strong>人生就是會有很多不便利、不舒服，<br>這間有點慘澹的便利店，卻為我們撐起了閃閃發光的空間……<br><br>艱難時刻的光亮之書<br>一間便利店，接通了我們的幸福人生</strong></div><br>韓國年度最受歡迎小說<br>銷售破70萬冊，25個都市特選年度之書<br>Yes24年度之書，韓國各大書店排行榜總冠軍，口碑直追《歡迎光臨夢境百貨》', '便當就要吃山珍海味<br>奧客中的奧客<br>三角飯糰的用途<br>買一送一<br>不便利的便利店<br>四罐一萬韓元<br>雖是報廢食品，但還可以吃<br>ALWAYS<br>致謝', '2022-09-01', 1, 0, 1, 1, 1, 1),
(2, '海風酒店', '', 420, 5, '吳明益', '', 2147483647, '我們到達的是曾經離開的，我們失去的就是我們想追求的。<br>\n	<br>\n	　　追逐白狗的太魯閣族少年、不願被父親賣掉而逃家的漢人少女，各自從不同的村落進入了洞穴裡——他們並不知道，自己進入的是巨人的「內底」（lāi-tué）。<br>\n	<br>\n	　　一隻遭捕獸夾鉗斷腳掌的食蟹獴，在命懸一線之際躲到了巨人的眼睫毛底下而逐漸痊癒。倖存的三隻腳食蟹獴，穿梭在巨人與部落之時，發現了一些祕密。<br>\n	<br>\n	　　位於島嶼東部群山之中的克尼布（Knibu），也叫海豐村，在這個原住民與漢人、祖靈及上帝各自在不同時間移棲至此的小村落，一個女子牽著稚齡的女兒，站在「海風卡拉OK」的門口；而在村落的另一頭山腰，預備把山鑿出豎井，開採水泥的機具已經架好。<br>\n	<br>\n	　　在這個兩大板塊、神話與人間、誕生與消亡交界的縱谷村落，因為命運而聚集於此的眾人一隻眼看著山，一隻眼看著海——他們的決定會是什麼呢？<br>\n	<br>\n	　　吳明益說：「這本小說不是用歷史現場構築的，當然，它的建材如此真實，並非全屬夢境。只是我刻意讓它和現實保持距離，希望讀者享受到小說裡的敘事時空，然後形成自己的想法。」小說的情節、人物、場景或許和真實對應，或許如夢似幻，讓人無法按圖索驥；故事的旅程並不是春夏秋冬，也可能處於不是春天不是夏天不是秋天不是冬天的季節裡。每個人、每件事，每座山，每條溪流與建築，都是一個節點，一個可以摺疊的箭頭，帶著小說中的人，與身為讀者的我們，通往未來與未知的洞穴出口。<br>\n	<br>\n	　　時隔七年，繼《單車失竊記》後，吳明益為讀者帶來這本長篇小說，當你打開書頁之時，或許對作者而言，也是一個新季節的開始。<br>\n	<br>\n	　　＊獲得法國島嶼文學獎小說獎（Prix du Livre Insulaire）、入選德國柏林影展Books at Berlinale（Berlinale - Berlin International Film Festival）、日本星雲獎（Seiun Awards Nominees）海外長編部門候補的《複眼人》，入圍英國曼布克國際獎（Man Booker International Prize）長書單的《單車失竊記》後，吳明益最新長篇小說。<br>\n</div><div class=\"type02_gradient\" style=\"display:none;\"></div>\n</div></div><div class=\"mod_b type02_m057 clearfix\">\n<a name=\"AuthorP00a400020009\">&nbsp;</a>\"', '\"<div class=\"content more_off\" id=\"M201105_0_getProdTextInfo_P00a400020009_h2\">\r\n<strong>第一章 初秋</strong><br>\r\n女孩這才發現，會醒來是因為遠遠地，像細小的蜂鳴聲一樣，傳來呼喚名字的聲音。仔細聽的話就會發現，一邊傳來的是男孩的名字，一邊是自己的名字。<br>\r\n<strong> <br>\r\n第二章 雨季</strong><br>\r\n只是無論是善良的巨人、醜惡的巨人、愛惡作劇的巨人，好色的巨人，都是人類的感受。巨人只是任性地做他們想做的，就像樹到了季節落葉，雨後出現彩虹，森林因為酷熱乾燥而引發大火……。<br>\r\n <br>\r\n<strong>第三章 冬春</strong><br>\r\n如果在山腰間從白天待到黃昏，當夜晚來臨之前，就會看到零星稀微的燈火亮起。這些燈火在眼前把克尼布偽裝成一艘夜航歸港的船，那些光亮在局部聚集，然後星點四散。如果仔細一看就會發現光的核心，是一家招牌上只寫著「立OK」的小店。<br>\r\n <br>\r\n<strong>第四章 仲秋</strong><br>\r\n洗腳的時候，他注意到了麵包樹上有一隻Puurung（貓頭鷹）「呼，呼，呼呼——呼，呼，呼呼——」地叫著。那聲音像是透過雙手握成的圓弧傳出，透過風產生的回音，讓人聽起來心生疑惑，心生徬徨。督砮對牠說：「你是巨人派來的對嗎？」<br>\r\n <br>\r\n<strong>第五章 乾季</strong><br>\r\n想到這裡，巨人的心臟突地跳了一下，他聽見一個聲音：「我們到達的是曾經離開的，我們失去的就是我們想追求的。」<br>\r\n<strong> <br>\r\n第六章 暖冬</strong><br>\r\nTama好像從他的眼神裡看出疑惑。Tama說：「我只是喜歡上教堂。」然後Tama頓了一下，補充說：「年輕的時候，發現有些信上帝的人認為自己比其他人更好，我覺得很奇怪。我喜歡上教堂是因為教堂是一群有信念的人蓋起來的。」<br>\r\n <br>\r\n<strong>第七章 雨夏</strong><br>\r\n「大雨怎麼會跟大火一樣。」毛蟹問。<br>\r\n「很多東西到變成很厲害的時候，都是一樣的，太大的雨就像大火，太大的火就像大雨。」<br>\r\n <br>\r\n<strong>第八章 旱季</strong><br>\r\n巨人之心會依循著日昇日落，每天會有一次和緩又激烈的律動，說是和緩是因為一切是無聲無息地進行的，說是激烈則是因為每片葉子都會凋落，並且在附近萌生新葉。因此，每天可能都有數千萬個聲音在巨人之心處出生或死亡，周而復始，從蓊鬱到枯黃，再從枯黃回到蓊鬱。<br>\r\n <br>\r\n<strong>第九章 夏秋</strong><br>\r\n尤道已經習慣了Bubu沒有回答，他預計她不會回答，只是自己有點徬徨、有點迷惑。但這一次她竟然眼睛閉著回答了：「山可能分成兩個。」她吸了一口氣，鼻子裡好像有鼻涕：「而且中間沒有河流。」<br>\r\n <br>\r\n<strong>第十章 深秋</strong><br>\r\n只是很多村民都以為自己視力減退了，有時候他們連對街都看不清楚；衣服不能拿到外邊曬，因為乾的時候同時會積上很厚的一層灰，好像上了漿一樣粗粗硬硬的。他們有的人以前曾經在附近的幾條河淘過金，現在他們恍然大悟覺得自己愚昧無比，因為金就是土，土就是金哪。<br>\r\n <br>\r\n<strong>第十一章 第五季</strong><br>\r\n我可以摸嗎？<br>\r\n噓，可以。<br>\r\n她把手放在樹上。她喜歡用手去摸各種東西，再把它畫下來。但她從來沒有摸過一棵溫暖的樹，雖然她不知道那溫度是從自己的手傳過去，還是樹本身就有的。<br>\r\n <br>\r\n<strong>第十二章 颱風季</strong><br>\r\n如果這世界上○神，那神就不可能會騙我們。祂賜給我們各種○○，就是讓我們從破碎、痛苦裡找到一條路。如果我們學會使用它們，就一定能通達○○，而不是像○們說的那樣。因為上帝自有○○。<br>\r\n<strong> <br>\r\n第十三章 成為沉積層</strong><br>\r\n季節並不是秋天、冬天、春天、夏天這樣，像一個圈圈。<br>\r\n <br>\r\n從沖積扇到沉積層—海風酒店後記<br>\r\n旅程很長，但並不是秋天、冬天、春天、夏天這樣形成一個圈圈，而是碰上B，於是走向C，但並不是毫無理由的，很有可能是因為X的緣故。<br>\r\n \r\n</div>\"', '2023-06-27', 2, 0, 1, 1, 1, 1),
(3, '生命中不能承受之輕', 'Nesnesitelná lehkost bytí', 350, 5, '米蘭‧昆德拉', '尉遲秀', 2147483647, '<div style=\"text-align: center;\"><strong>這本書奠定了米蘭‧昆德拉作為世界上最偉大的在世作家的地位！</strong></div><br>\n<strong>文壇大師昆德拉最膾炙人口的代表作\n二十世紀最動人的小說\n此生必讀的文學經典</strong><br><br>\n★本書曾在華文世界掀起一股昆德拉熱潮，暢銷逾百萬冊！<br><br>\n★全新版書封以昆德拉早期親手繪製的書中小狗「卡列寧」珍貴插畫做設計，並採用200g維納斯麗綺紙，書名燙藍，極具珍藏價值！<br><br>\n★改編拍成電影「布拉格的春天」，由影帝丹尼爾戴路易斯、影后茱麗葉畢諾許主演！<br><br>\n如果生命的每一秒鐘都得重複無數次，我們就會像耶穌基督釘在十字架上那樣，被釘在永恆之上。在永劫回歸的世界裡，每一個動作都負荷著讓人不能承受的重責大任，但在這片背景布幕上，我們的生命依然可以在它輝煌燦爛的輕盈之中展現出來。<br><br>\n可「重」真是殘酷？而「輕」真是美麗？<br><br>\n最沉重的負擔壓垮我們，讓我們屈服，把我們壓倒在地。可是在世世代代的愛情詩篇裡，女人渴望的卻是承受男性肉體的重擔。於是，最沉重的負擔同時也是最激越的生命實現的形象。負擔越沉重，我們的生命就越貼近地面，生命就越寫實也越真實。<br><br>\n相反的，完全沒有負擔會讓人的存在變得比空氣還輕，會讓人的存在飛起，遠離地面，遠離人世的存在，變得只是似真非真，一切動作都變得自由自在，卻又無足輕重。<br><br>\n那麼，我們該選哪一個呢？重，還是輕？<br><br>\n《生命中不能承受之輕》以「布拉格之春」為背景，蘇聯軍隊入侵捷克後，知識分子逃往海外。昆德拉透過一男兩女交織的愛情故事，帶出了對政治、文化、人類生命的省思與嘲諷。<br><br>\n托馬斯和特麗莎的愛情是「重」，特麗莎不惜用盡全身全靈去愛托馬斯，她不願愛情僅限一夜，而渴望日日夜夜，但這樣的重卻反而成為托馬斯的負擔。<br><br>\n托馬斯和薩賓娜的關係則是「輕」，他們只願片刻歡愉，不願永世承諾。但當薩賓娜選擇離開愛情、離開祖國，一身輕盈卻也是一片空無，成為不能承受的生命之輕。<br><br>\n由此看來，誰還能說「重」即是殘酷，而「輕」則是美麗？我們應該選擇背負特麗莎過去肩上的重擔，還是追求輕盈卻失去根基的薩賓娜？昆德拉藉由故事、夢境、散文、詩歌、歷史，以音樂般的旋律變化呈現出一齣糅合了甜美、憂傷與殘酷的生命鬧劇，也讓「輕」與「重」的辯證成為昆德拉小說中永恆的命題。<br><br>\n各界好評<br><br>\n成功地展現出勝於嘲諷的智慧與超越絕望的希望！——時代雜誌<br><br>\n令人驚異的是，一本與其時代背景如此緊密連結的作品，在二十年後卻依然沒有過時。僅管自從1984年以來，整個世界，特別是所謂的東歐地區，歷經了重大的改變，但是昆德拉的小說在今日讀來，卻依然和它首次出版時一樣深入人心！——衛報<br><br>\n一部眼界開闊又複雜細緻的作品，交織著政治與哲思、肉慾和靈性、趣味和深度……當今寫作男女之間多樣關係的作者中，沒有人比得上昆德拉的智慧觀察。——華爾街日報<br><br>\n《生命中不能承受之輕》是一部愛情故事，也是一本概念小說……機智、誘人、嚴肅……充滿情感，對於性愛與政治之間巧妙的交互作用有極為嫺熟的描述。——華盛頓郵報<br><br>\n托馬斯與特麗莎是這本小說的兩極。我們應該選擇背負特麗莎過去肩上的重擔，她即使在「布拉格之春」發生後離開，也永遠無法捨棄捷克斯洛伐克，一如無法離開讓她飽嚐嫉妒的丈夫托馬斯，而嫉妒，或許正是讓她永遠無法滿足的原因?薩賓娜可以理解風流醫生探索女性，宛如用手術刀仔細研究物品，而我們又否該選擇托馬斯與薩賓娜體現的生命之輕？我們並不知道何種是最能讓人承受的方式，而這本小說提供了不同角色的面貌，連狗兒卡列寧都是其中一章的主題。這場無常的芭蕾混合了虛幻，以辯證形式的質問，在深思熟慮與帶有詩意的混亂中做出結論，輕與重，兩者同樣令人難以承受，也無法出自於真實的決定。——【書評家】薩娜‧唐-李歐珀‧沃蝶斯', '', '2018-10-15', 3, 0, 1, 1, 1, 1),
(4, '原子習慣：細微改變帶來巨大成就的實證法則', 'Atomic Habits: An Easy & Proven Way to Build Good Habits & Break Bad Ones', 330, 5, '詹姆斯‧克利爾', '蔡世偉', 2147483647, '<div class=\"content\" style=\"height:auto;\">每天都進步1%，一年後，你會進步37倍；<br>\n每天都退步1%，一年後，你會弱化到趨近於0！<br>\n你的一點小改變、一個好習慣，將會產生複利效應，<br>\n如滾雪球般，為你帶來豐碩的人生成果！<br><br>\n一出版立刻風行全球，<br>\n企業界、運動界、教育界、瘦身界都在用的習慣養成實作指南！<br><br>\n★Amazon、《紐約時報》《華爾街日報》《今日美國報》《出版人週刊》暢銷書！<br>\n★商業雜誌《Fast Company》評為2018年7本最佳商業書之一！<br>\n★《商業內幕》（Business Insider）網站選為2018年最佳自我成長書籍！<br>\n★職涯網站The Muse推薦：最能幫助你增進工作效率的書！<br><br>\n善用「複利」效應，讓小小的原子習慣利滾利，滾出生命的大不同！<br>\n天天細微改變，會累積成巨大差異，這就是原子習慣的驚人力量！<br><br>\n本書作者詹姆斯‧克利爾在高二的一場棒球賽中意外被球棒擊中臉，嚴重受傷，甚至被實施人工昏迷。經過好幾個月的治療，雖然痊癒出院，可以重新踏上球場，後來也進入大學棒球隊，卻只能坐在板凳席，幾乎沒有上場機會。<br><br>\n然而，在頭部嚴重受傷之後的第六年，他被選為他所就讀大學的最佳男性運動員，並且入選ESPN的全美明星陣容——整個美國僅有33人獲得這項殊榮。<br><br>\n從運動生涯幾乎結束，到入選全美明星陣容，甚至在畢業時獲得學業方面的總統獎章，他是怎麼做到的？一切只因他認識且善用了「原子習慣」的力量！<br><br>\n◎有效建立永久良好習慣的系統化「行為改變四法則」<br>\n雖然知道習慣很重要，但你經常為了自己的壞習慣苦惱，想要戒除卻力不從心？或者，你想養成好習慣，卻老是半途而廢？其實，問題不在你身上，而是你遵循的行為改變系統出了問題！<br><br>\n作者從生物學、心理學及神經科學中擷取菁華，結合自己親身實踐的經驗，創造出簡單易懂、容易執行的「行為改變四法則」。這套法則可運用於學業、工作、家庭、健康、財富、人際關係等人生各個面向，有效幫助你打造好習慣、戒除壞習慣。<br><br>\n◎風行各界的習慣養成指南<br>\n本書作者是世界知名的習慣養成專家，經常受邀到各界演講，例如NFL、NBA、MLB的球隊，以及美國運通、麥肯錫、美林證券、奇異公司、本田汽車、思科系統、IKEA等知名企業。<br><br>\n本書提供的系統性方法不只適用於個人，還能運用在……<br>\n‧商業：讓顧客養成購買你的產品或服務的習慣<br>\n‧親子教養：讓孩子養成良好的生活習慣<br>\n‧教育：讓學生建立良好的讀書習慣<br><br>\n◎你可以在這本書中學到的10件事：<br>\n‧建立一套每天進步1%的系統<br>\n‧戒除壞習慣，保持好習慣<br>\n‧避免多數人在改變習慣時常犯的錯<br>\n‧克服「缺乏動機和意志力」的問題<br>\n‧建立更強大的身分認同與信心<br>\n‧騰出時間建立新習慣（即使你忙瘋了）<br>\n‧設計讓你更容易成功的環境<br>\n‧做出可以造就巨大成果的微小改變<br>\n‧在養成好習慣的路上走偏時回到正軌<br>\n‧將本書中提到的概念運用在實際生活中<br><br>\n名人推薦<br><br>\n艾爾文（理財與勵志暢銷作家）、溫美玉（知名作家／全臺最大教師社群「溫老師備課趴」創辦人）、宋怡慧（知名作家／新北市丹鳳高中圖書館主任）、艾蜜莉（財經作家）、Carol凱若（知名作家／居家創業社團「HomeCEO」創辦人）、艾兒莎（知名作家／「放棄22K，蹦跳新加坡」版主）、謝文憲（知名講師、作家、主持人）、黃大米（職場作家）、許景泰（SmartM世紀智庫創辦人）、鄭國威（泛科知識公司知識長）　激賞推薦！<br><br>\n好評推薦<br><br>\n「2007年4月，我成功戒除20年的菸癮，直到今天看到這本書，我才體會原子習慣的威力。<br><br>\n本書與我戒菸成功的契合處：<br>\n提示（使其隱而不現）：我開始不去超商買菸，家裡的菸、打火機、菸灰缸全都送給朋友。<br>\n渴望（使其毫無吸引力）：菸癮來時，開始想像那些吸菸者的恐怖嘴臉，與身上奇臭無比的異味。<br>\n回應（使其困難無比）：加上離開外商職場，遠離可以拿伸手牌的機會，買菸更顯不便（環境很重要）。<br>\n獎賞（使其令人不滿）：看見街道、馬路布滿菸蒂，公共場所充斥似有若無的菸味，開始顯得不悅。<br><br>\n當年花了3個月的時間戒菸成功，維持至今已有12年。<br><br>\n好友郭昇（臺師大景美拔河隊教練，同時也是三鐵選手）於2018年7月遭酒駕撞擊，四肢癱瘓已有9個月，復元狀況已有大幅進步。我一定要把本書作者的親身故事告訴他，希望可以延續他的復健意志與運動生涯。<br><br>\n想要養成好習慣，我推薦這本書。」——謝文憲<br><br>\n「詹姆斯‧克利爾花了好幾年研究習慣的科學，並磨練自身技巧。想要破除惡習並建立好習慣的你一定要擁有這本引人入勝的實用指南。」——亞當‧葛蘭特（《給予》作者，華頓商學院教授）<br><br>\n「超級實際且實用的一本書。詹姆斯‧克利爾提煉出習慣養成的本質，讓你可以專注於更少，卻成就更多。」——馬克‧曼森（《管他的》作者）<br><br>\n「這本特別的書能改變你過日子的方法。」——萊恩‧霍利得（《失控的自信》作者）\n</div>', '<div class=\"content more_off\" id=\"M201105_0_getProdTextInfo_P00a400020009_h2\">〈推薦序〉一本可以實際運用的習慣改變指南　　艾爾文<br>\n〈推薦序〉別挑戰人性，培養好習慣不靠「意志力」！　　溫美玉<br>\n〈前言〉原子習慣改變了我的人生<br><br>\n基本原理：為何細微改變會帶來巨大差異？<br>\n1　原子習慣的驚人力量<br>\n2　改變習慣最有效的方法，是改變身分認同<br>\n3　四個簡單的步驟，讓你建立更好的習慣<br><br>\n法則1：讓提示顯而易見<br>\n4　行為改變的過程始於覺察<br>\n5　開始一個新習慣最好的方法<br>\n6　激勵被高估了，環境往往更重要<br>\n7　自制力的祕密<br><br>\n法則2：讓習慣有吸引力<br>\n8　如何讓習慣變得難以抗拒<br>\n9　家人與朋友如何形塑你的習慣<br>\n10　如何找出並解決壞習慣的成因<br><br>\n法則3：讓行動輕而易舉<br>\n11　精通習慣由重複開始，而非完美<br>\n12　最小努力原則<br>\n13　如何運用「兩分鐘法則」停止拖延<br>\n14　如何讓好習慣變得無可避免，讓壞習慣不可能發生<br><br>\n法則4：讓獎賞令人滿足<br>\n15　行為改變的基本原則<br>\n16　如何每天堅持好習慣<br>\n17　問責夥伴作用大<br><br>\n進階策略：如何從「A」到「A+」<br>\n18　基因如何影響習慣的養成<br>\n19　金髮女孩原則：如何在生活與工作中維持動力<br>\n20　建立好習慣的壞處<br><br>\n〈結語〉讓成果永續的祕訣<br>\n〈附錄〉來自行為改變四法則的一些啟示\n</div>', '2019-06-01', 4, 0, 1, 1, 2, 1),
(5, '逆思維：華頓商學院最具影響力的教授，突破人生盲點的全局思考', 'Think Again: The Power of Knowing What You Don’t Know', 420, 5, '亞當．格蘭特', '簡秀如', 2147483647, '<strong>想法轉個彎，人生路更寬！</strong><br>\n<br>\n<strong>全世界狂銷突破100萬冊！</strong></div><div style=\"text-align: center;\">\n<div>\n<strong>2023年博客來Q1暢銷總榜NO.1熱銷書！</strong></div>\n<div>\n   </div>\n</div><div style=\"text-align: center;\">\n<strong>《給予：華頓商學院最啟發人心的一堂課》暢銷作家、</strong></div><div style=\"text-align: center;\">\n<strong>「正向心理學」權威亞當．格蘭特 重量級代表作！</strong></div><div style=\"text-align: center;\">\n  </div><div style=\"text-align: center;\">\n<strong>如果正門進不去，就尋找側門，</strong></div><div style=\"text-align: center;\">\n<strong>假使計畫行不通，就改變作法。</strong></div><div style=\"text-align: center;\">\n<strong>翻轉危局的解答並不一定在前方，</strong></div><div style=\"text-align: center;\">\n<strong>而在你的每一個「想不到」裡。</strong></div><div>\n  </div><div>\n 　　● 面對無法撲滅的森林大火，最好的逃生方式竟然是「放火」？</div><div>\n 　　● 一旦水溫變熱，青蛙就會受不了跳出去，所以「溫水煮青蛙」永遠不可能發生？</div><div>\n 　　● 為什麼皮克斯不延續《玩具總動員》的成功經驗，反而希望團隊「唱反調」？</div><div>\n 　　● 沒有任何證據顯示星座影響性格，但為何我們還是對星座分析著迷不已？</div><div>\n 　　● 五年內從全美一半的市占率暴跌到1 %，黑莓機到底做錯了什麼？</div><div>\n  </div><div>\n 　　每個人都習慣以最舒適的方式思考，不願懷疑或挑戰自我，因為「質疑」會讓世界變得難以預期，甚至威脅到自我認同，於是，我們的成見不斷延續，聰明成為盲點，害怕改變的「順思維」讓我們選擇劃地自限。</div><div>\n  </div><div>\n 　　若想要突破自我限制，就必須建立「科學家」的「逆思維」，打破成規，大膽反思。不同於信仰堅定的「牧師」，或是巧舌如簧的「政客」，「科學家」不會讓自己的想法成為意識形態，也不會妄下定論，而是會讓問題帶領我們前進，關鍵不在於誰對誰錯，而是明白自己的欠缺與不足。</div><div>\n  </div><div>\n 　　從自己到他人，從他人到群體，從群體到社會。「逆思維」幫助我們用開放的心態，提升心智的彈性，建立良性的衝突，在瞬息萬變的世界中找到平衡點。真正的「知道」，就是承認自己的「不知道」。只要謹慎思考，凡事再想一下，就能掙脫成見枷鎖，突破認知盲點，掌握永不被淘汰的核心競爭力！</div>', '<div class=\"content more_off\" id=\"M201105_0_getProdTextInfo_P00a400020009_h2\">\n        序言<br>\n<br>\n<strong>第一部 個人的重新思考：更新我們自己的觀點</strong><br>\n第一章 傳教士、檢察官、政治人物及科學家走進你的心裡<br>\n第二章 紙上談兵及冒牌貨：找出信心的甜蜜點<br>\n第三章 想法有誤的喜悅：不相信你所想的一切的快感<br>\n第四章 正向吵架俱樂部：建設性衝突的心理學<br>\n<br>\n<strong>第二部 人際的重新思考：開啟他人的思維</strong><br>\n第五章 與敵人共舞：如何贏得辯論並影響他人<br>\n第六章 棒球場上的仇恨：動搖刻板印象以消弭偏見<br>\n第七章 疫苗溝通者及溫和的質問者：正確的聆聽方式如何帶給人們動機去改變<br>\n<br>\n<strong>第三部 集體的重新思考：打造終生學習者社群</strong><br>\n第八章 劍拔弩張的對話：為我們的分歧討論消除對立<br>\n第九章 重寫教科書：教導學生質疑知識<br>\n第十章 這不是我們一貫的做法：建立職場學習文化<br>\n<br>\n<strong>第四部 結論</strong><br>\n第十一章 逃離狹窄視野：重新思考我們規劃最完善的職場及人生計畫<br>\n<br>\n後記 帶來影響力的行動<br>\n<br>\n致謝</div>', '2022-07-04', 5, 0, 1, 1, 2, 1),
(6, '持續買進：資料科學家的投資終極解答，存錢及致富的實證方法', 'Just Keep Buying: Proven Ways to Save Money And Build Your Wealth', 400, 497, '尼克．馬朱利', '李芳齡', 2147483647, '本書特色\n\n1.資料科學家／投資專家二刀流！用數據破解似是而非的投資觀念謬誤\n投資不能靠直覺，更不能道聽途說！資料科學家用數據說話，以機智風趣的文章挑戰根深柢固的投資假設（包括要存錢、抄底、買／租房等迷思），引導讀者客觀思考、一改舊思維，建立正確投資心態和習慣。\n\n2. 資料科學家的投資終極解答——無論牛市、熊市，「持續買進」才能穩紮穩打累積財富！\n用數據探索投資的終極答案，跟我們想的不一樣！如果你擁有神一般的預測牛市、熊市能力，似乎應該「逢低買進」，很遺憾，數據告訴我們，逢低買進的績效不如「立刻買、持續買」，因為即早投資、參與股市，複利會發揮想像不到的力量。普通人的致富之路，本來就是這麼簡單。\n\n3.新鮮角度＋完整架構，充滿洞見與智慧\n本書完整帶出投資觀念與工具，且給予各種財務狀況建議，指出累積財富立即可行的道路，每位投資人都能獲得啟發。', '前言\n第1章∣你該從何處開始？\n‧研判你目前的財務處境\n\n第1部∣儲蓄\n第2章∣你應該存多少錢？\n‧多數儲蓄建議的問題‧決定你能存多少錢‧為什麼你需要存的錢比你以為的還要少？\n第3章∣如何存更多錢？\n‧個人理財領域的最大謊言‧如何增加你的收入\n‧1. 出售你的時間╱專長‧2. 出售一種技能╱服務‧3. 教導他人‧4. 銷售一種產品‧5. 攀爬職場階梯‧想存更多錢，就要像業主一樣思考\n第4章∣如何無罪惡感地花錢？\n‧1. 兩倍規則‧2. 聚焦於滿足感最大化‧花錢的唯一正確方式\n第5章∣生活方式膨脹多少無傷大雅？\n‧為什麼儲蓄率高的人必須把更多的加薪額存起來？‧你應該把加薪額的多少部分存起來？‧為何你應該把存下加薪額的50%？\n第6章∣你該不該舉債？\n‧為什麼負債（甚至是信用卡卡債）未必是壞事？‧何時應該考慮舉債？‧為什麼取得大學文憑多半是值得的？‧舉債的非財務性成本‧舉債作為一種選擇\n第7章∣你該租屋還是買房？\n‧買屋的成本‧租屋的成本‧購屋作為投資‧購屋的重點不是要不要買，而是何時買‧購屋的適當時間\n第8章∣如何存錢以支付頭期款（及其他的大額購買）？\n‧債券形式的儲蓄優於現金形式嗎？‧若存錢的時程得超過兩年呢？‧股票形式的儲蓄優於債券形式的儲蓄嗎？‧為什麼時程是最重要的因素？\n第9章∣你何時可以退休？\n‧4%法則‧為什麼退休後的支出減少？‧跨越點法則‧退休後更大的煩惱\n\n第2部∣投資\n第10章∣為何你應該投資？\n‧1. 為將來的你自己而儲蓄‧2. 抗通膨，維持你的財富的購買力‧3. 以財務資本取代你的人力資本\n第11章∣你應該投資什麼？\n‧股票‧債券‧投資性房地產‧不動產投資信託‧農地‧小型企業╱加盟店╱天使投資‧權利金‧你自己的產品‧黃金、加密貨幣、藝術品等等呢？‧最後總結\n第12章∣為什麼你不該買個股？\n‧不建議挑選個股的財務論證‧不建議挑選個股的存在論證‧追蹤你的選股績效（或純粹為了好玩而這麼做）\n第13章∣你應該多早開始投資？\n‧多數市場在大多數時候是走揚的‧何以未來可能出現更好的價格（以及為何你不該等待它們）？‧現在投資，抑或分批漸進投資？‧非股票的其他種類資產呢？‧風險呢？‧把尚待投資的錢拿來投資國庫券，有差嗎？‧需要理會估值嗎？‧最後總結\n第14章∣為何你不該等到逢低才買進？\n‧了解逢低買進如何奏效‧總結‧上帝仍是最終的贏家\n第15章∣為何投資靠運氣？\n‧你的出生年如何影響你的投資報酬‧為什麼報酬順序也有影響‧結尾最重要‧身為投資人，如何減輕壞運氣造成的影響？\n第16章∣為何你不該害怕市場波動？\n‧入場費‧沒有神奇的精靈\n第17章∣如何在危機時期買進？\n‧為什麼市場崩盤是買進的機會？‧改變對於漲勢的思考方式‧那些不快速復原的市場呢？\n第18章∣你應該在何時賣出？\n‧馬上賣，或是漸進賣？‧再平衡投資資產組合有何好處？‧你應該多久做一次再平衡？‧更好的再平衡方法‧擺脫一個集中（或持續虧損）部位‧投資的目的\n第19章∣你的投資資產應該放在何處？\n稅務的多變性質‧Roth 401(k)，抑或傳統401(k) ？‧簡化選擇傳統401(k)抑或Roth 401(k)的決定‧思考未來的稅率‧什麼情況下較宜選擇傳統401(k) ？‧什麼情況下較宜選擇Roth 401(k) ？‧為何不兩者皆用？‧量化分析使用退休儲蓄帳戶來進行投資的稅負利益‧為何你或許不該把你的401(k)最大化？‧投資資產歸屬帳戶的最佳安排\n第20章∣為何你永遠都不覺得自己有錢？\n‧我不富有，他們才富有‧為何就連億萬富翁也不覺得自己有錢？\n第21章∣最重要的資產\n‧愚公移山‧我們以成長股展開人生，以價值股終結人生\n結論∣持續買進法則\n致謝\n註釋', '2023-05-30', 6, 0, 1, 1, 2, 1),
(7, '我還能再看到幾次滿月？', '', 450, 5, '坂本龍一', '謝仲庭', 2147483647, '♯藝術千秋，人生朝露\n「如果什麼都不做的話，壽命就只剩半年。」二○二○年十二月，坂本龍一發現癌細胞轉移時，醫師告訴他這句話。但是在那一天來臨前，他還有些話必須要說。無論是支撐著他創作活動與社會運動的哲學思想、對坂本家歷史與家族的感情，還有關於自己離去後的世界……\n\n♯工作、思想回顧，親校參與的最後作品\n二○二二年七月開始，由日本資深媒體人鈴木正文採訪坂本龍一，在日本文學刊物《新潮》開始主筆專欄。雜誌專欄以二○○九年出版的《音樂使人自由》續集為出發點，回顧這十多年來的人生經歷：與癌症共存、參與震災活動、對戰爭及核能的觀察，也講到旅行與創意，在工作上從能樂講到指揮，也有提到二○一九年來台灣參與活動、研究原住民音樂的所見所聞。\n\n♯記錄生命最後一段日子的日記\n坂本龍一曾說：「夏目漱石因為罹患胃潰瘍而死的時候也才四十九歲。相比之下，即使我在發現癌症時的二○一四年就以六十二歲身亡，也算是非常長壽……我所尊敬的音樂家們直到臨終前都持續寫著曲子。我希望能像敬愛的巴哈和德布西一樣創作音樂，直至最後一刻。」書末收錄鈴木正文代坂本龍一撰寫的後記，公開坂本龍一大量手寫、打字的最後隻字片語，都能感受得到其對音樂與生命的濃烈情感。', '1　與癌共生\n\n貝托魯奇與鮑爾斯／手術前／譫妄體驗／被愛拯救／所謂朋友／懷疑時間／兒子帶給我的歌／突如其來的破壞衝動／對於〈戰場上的聖誕節〉的想法／雙親之死／生命的本來面貌／死後的世界\n\n2　給母親的輓歌\n\n《音樂使人自由》／北極圈之旅／《out of noise》／接受法國政府的表揚／搭乘臥鋪巴士的巡迴／演奏從此改變的一夜／「空即是色」的世界／電視節目的可能性與極限／繩文時代的音樂／與大貫妙子的回憶／如向日葵的母親／四季更迭\n\n3　敵不過自然\n\n與韓國的交流／東日本大地震／在受災地體會到的無力感／More Trees的活動／孩童音樂重建基金／夏季音樂節的事蹟／吉永小百合與美智子皇后／再次見到吉本隆明／此生最棒的禮物／與電力站樂團的情誼／「不過就是電」發言的真意／賑災音樂會\n\n4　旅行與創造\n\n向冰島學習／中東公主／生性討厭觀光／白南準與凱吉／影展這種空間／親近能樂／指揮的作風／在談山神社看到的《翁》／札幌國際藝術節／原本想像的開幕典禮\n\n5　初次受挫\n\n野口整體與長壽飲食／美國的醫療／生活在紐約／夏威夷的歷史／被創造的傳統／真正意義的「療癒」／回歸工作／《神鬼獵人》／《我的長崎母親》／Trust me!\n\n6　邁向更高的山峰\n\n期間限定的一日「教授」／「物派」與塔可夫斯基／《async》／在日本無法達成的表現形式／在亞洲的計畫／《CODA》／向顧爾德報恩／與貝托魯奇告別／自己的根／舅舅在幼少期的玩樂\n\n7　遇見新世代人才\n\n早餐俱樂部／在玻璃屋的經驗／為「嘉日」選曲／與年輕樂手的緣分／李老師的委託／京都會議／台灣的少數民族／創設「大島渚獎」／與山下洋輔嬉遊／邊野古基地問題／新冠疫情爆發／奇妙的時間感／癌症復發\n\n8　留給未來的\n\nMR計畫／向孩子們坦白／中國的大規模展覽／《TIME》／最強的支援陣容／烏克蘭的伊利亞／東北青年管弦樂團／D2021／Dumb Type新成員／久違回到自己住家／坂本圖書／最後的鋼琴獨奏／《12》', '2023-06-22', 7, 0, 1, 1, 3, 1),
(8, 'LOGO設計研究所：更有亮點的60個技巧', '', 390, 5, '施博瀚', '', 2147483647, '從基礎概念到 LOGO 商業設計，讓初心者快速掌握核心技巧\n\n本書分為兩個部分，第一部分介紹LOGO設計的基礎知識，包括常見的LOGO類別和組合形式，以及歐文和漢字設計的基礎概念。第二部分是作者從求學到工作與教學的歷程中整理出的60個LOGO設計技巧，透過圖文演示，讓設計思維的創意發想與遞進一目了然。\n\n系統性整理了象徵圖形 × 漢字設計 × 歐文設計 × 排版技巧\n作者身為平面設計師，同時也是字型創作者，使他對文字的觀察更加敏銳，運用在LOGO設計上也更細膩出色。同時，透過不同元素的風格分析，系統性整理了各元素的設計技巧，讓讀者可以自行組合運用，做出兼具細節、記憶點、設計脈絡的好LOGO。', '第一章 LOGO設計基礎知識\n一、LOGO的組成\n常見的LOGO的類別／常見的組合標誌形式\n\n二、歐文的設計\n歐文設計的參考線／歐文字體的兩大類別／歐文設計專有名詞／襯線體／無襯線體／調距設定／歐文字母的寬度／字重／視覺修正\n\n三、漢字的設計\n漢字設計的參考線／常見的漢字字體風格／字重／重心與中宮／主筆與副筆／筆形設計／視覺修正／漢字的圖形化／明體、宋體／黑體\n\n第二章 60個技巧，讓LOGO更好\n歐文\n01 更顯典雅與隆重的羅馬比例 02 大器而隆重的既視感\n03 串連鄰近的OCQ等字母 04 延伸筆畫創造包覆感\n05 降低x高度增強典雅感 06 更具立體感的隱線文字設計\n07 幾何粗襯線體 08 共筆設計\n09 切換大小寫字母 10 切換字重\n11 加入橢圓形的骨架設計 12 方中帶圓的骨架設計\n13 幾何造型字母設計 14 造型更加俐落的R與Ｋ的設計\n15 歐文中的舊風格數字 16 創始年分的呈現方式\n17 更具設計感的「數字符號」 18「花押字」的設計技巧──穿插\n19「花押字」的設計技巧──共筆 20「花押字」的設計技巧──圖地反轉\n21 改造特定字母進行替換 22 偽西里爾文字\n漢字', '2023-07-01', 8, 0, 1, 1, 3, 1),
(9, '南方，寂寞鐵道：我們在時光列車上相遇', 'On the Train', 599, 4, '蕭菊貞', '', 2147483647, '2017年，台灣環島鐵路最後一段南迴線電氣化工程前，金馬獎導演蕭菊貞帶著團隊前進島嶼南方，用影像為即將消逝的鐵道地景和即將停駛的火車留下紀錄。更因此挖掘出台灣這條最美麗又最危險的鐵道興建故事，和前線鐵道員不為人知的生死挑戰。\\n\\n六年前的那一夜，蕭菊貞導演就是在這一堆碎石堆上拿起了攝影機，開啟了鐵道紀錄片的拍攝因緣。\\n\\n南迴鐵道是台灣環島鐵路中最美麗、最寂寞、也最危險的鐵道路線，因為路線貫穿中央山脈南段，連通屏東與台東，進入山區僅有少數部落散居，也少有公路系統支援，因此它是台灣環島系統最後完成的一段。\\n\\n民國69年到80年的工程，整整花了十一年南迴鐵路才通車，其中有21位工程人員罹難，多因隧道相關工程事故。火車從屏東枋山到大武上台東間，幾乎都是隧道和高架橋，幾無平地。至今三十年過去，蕭菊貞導演的團隊在拍攝期間沿著枋山溪走，為了跟上鐵道的路線，有許多地段甚至還要穿越芒果園，走進溪邊便道，橫過西瓜田……', '第一章：一個人的孤單，一群人的不寂寞\\n1.在火車上\\n2.帶我走向南迴的人\\n3.鐵漢柔情\\n4.南迴有故事嗎？\\n5.寂寞鐵道\\n6.啟程,出發All Right\\n7.在黑夜微光下潛行\\n8.追上火車\\n9.南迴鐵道員\\n10.一個人的孤單，一群人的不寂寞\\n\\n第二章  看見與看不見\\n1.認識意外的朋友\\n2.開火車的人\\n3.迷人的3671、3672\\n4.認識第一組司機員師徒\\n5.父親的帽子\\n6.鐵道員身邊的女人\\n7.想拍火車嗎？我可以帶你們去\\n8.司機員的生死關\\n9.一定要拍嗎？\\n10.陸上擺渡人\\n11. 看見與看不見\\n12. 再給我半小時就好\\n13. 解構\\n14. 獨一無二的存在\\n15. 火車是有生命的\\n16. 黑金剛\\n\\n第三章  我們的鐵道時光\\n1.枋寮站的第一個女站員\\n2.十次規劃才定線的南迴鐵路\\n3.很難回家的工作\\n4.南迴與我\\n5.我們的鐵道時光\\n6.徵收土地\\n7.瀧溪站的午後時光\\n8.挖隧道的人\\n9.皇后商號\\n10.我把回憶交給妳\\n11.搶救南迴全線大圖\\n12.感動的眼淚\\n13.詩人的大武情懷\\n14.火車，不只是火車\\n15.享受孤獨', '2023-06-02', 9, 0, 1, 1, 3, 1),
(10, '紅色賭盤：令中共高層害怕，直擊現代中國金權交易背後的腐敗內幕', 'Red Roulette: An Insider’s Story of Wealth, Power, Corruption, and Vengeance in Today’s China', 420, 5, '沈棟', 'Zhou Jian', 2147483647, '第二次國共內戰之後，沈棟身為律師的祖父有機會離開中國，但他選擇留下。不久，共產黨關掉他的律師事務所，查封他的房子。共產黨將他的家庭列為「黑五類」（地主、富農、反革命分子、壞分子及右派分子）之一，這代表他們永遠無法進入好學校、找到好工作。這意味著，沈棟也被迫要在歧視和貧困中長大。生在這樣不光彩的貧窮人家，沈棟倒有一個優勢，那就是「野心」。回顧這段歷程，沈棟的人生與中國蛻變為超級強權的過程，竟是如此相似。\\n\\n沈棟在美國完成大學學業後，為了成就一番事業，以及抱持著建設祖國之理想，選擇回到中國經商。後來，他結識了聰慧過人、有強大事業心的段偉紅──一位在父權社會中，敢衝敢做的女企業家。同樣出身清貧、擁有相同目標的兩人隨後憑藉頑強毅力和傑出的商業手腕，成功與中共前總理溫家寶的夫人張培莉結為商業夥伴，使他們晉升為現代中國的富豪階級。他們不僅重新形塑北京的城市風貌，也在北京機場蓋了一座超大型的航空貨運物流中心。', '【導讀】驚心動魄地將一個時代抽絲剝繭呈現眼前的真實故事／范疇\\n【前言】一位父親，為失去母親的孩子而寫的一本書\\n\\n第1章   我是「黑五類」的兒子\\n第2章   香港少年時\\n第3章   負笈美國\\n第4章   外派北京\\n第5章   段偉紅\\n第6章   神祕的張阿姨\\n第7章   為溫家服務\\n第8章   平安保險公司股票\\n第9章   一個由「關係」構成的社會\\n第10章 北京首都機場航空貨運物流中心\\n第11章 瘋狂的亞洲富人\\n第12章 政治棋盤下的哈佛及清華\\n第13章 「你知道沈棟嗎？」──張阿姨宴請習近平\\n第14章 紅色血脈，非常人所能理解\\n第15章 啟皓北京──夫妻關係中的父母關係陰影\\n第16章 《紐約時報》披露溫氏家族巨額財產\\n第17章 萬能主席──中國插手前，香港一直過得很好\\n第18章 冷血國度、兩線作戰\\n\\n【結語】中華帝國，共產本質\\n【後記】本書出版後，所發生的那些事\\n\\n致謝', '2023-01-17', 10, 0, 1, 1, 4, 1),
(11, '開箱臺灣史：一本制霸中小學108課綱臺灣史學習內容！', '', 350, 5, '吳宜蓉', '', 2147483647, '一本制霸中小學108課綱臺灣史學習內容！\\n\\n●鄭成功「抗清唯一品牌」、「臺灣價值守護者」名號，只是人設？\\n●「臺灣現代化之父」劉銘傳以撫番之名，行屠殺之實？\\n●英國駐臺外交官投資眼光獨到，打造了輝煌的「茶金歲月」？\\n●後藤新平積極改善公共衛生，讓臺灣人的平均壽命提升六.四歲？\\n●蔣渭水醫師創立「臺灣文化協會」，講演會盛況媲美巨星演唱會？\\n●戰後臺灣每年獲得四十億美援大禮包，能不叫一聲「美國爸爸」嗎？\\n\\n長年站在教學現場的吳宜蓉老師認為，歷史是一門關於「人與時間」的學科，不同人物在不同時空下所做的決定與行動，是影響歷史的關鍵要素。臺灣有兩千三百萬人、四十七種語言，四百多年來，被困在複雜的族群關係裡，陷在糾結的國際角力之中，這些歷史縱深不是教科書可以一語道盡。從史前時代的原住民傳說到中華民國政府遷臺，從殖民經濟到轉型正義，作者以生動有趣的筆法、多元思考的觀點，將曾經發生的歷史事件以及背後的來龍去脈，以深入淺出的方式娓娓道來，讓你彷彿置身歷史傳送門，一口氣快速通關！', '推薦序 讓你一口氣讀完的臺灣史  文藻外語大學師資培育中心講座教授、前教育部政務次長蔡清華\\n自序 這麼遠、那麼近\\n第一篇  多的是你不知道的事─原住民族創世神話\\n第二篇  從大海登入的帳號們─東亞海域各方勢力\\n第三篇  歡迎來到國姓爺的多重宇宙─鄭成功\\n第四篇  您的偷渡客已出發─清代的移墾漢人\\n第五篇  小孩子才做選擇，這些我都拜─漢人的宗教信仰\\n第六篇  Made in Taiwan賺爛了─茶、糖、樟腦\\n第七篇  煤氣燈操縱者─清帝國時期的原漢關係\\n第八篇  十九世紀來臺福音戰士─西方傳教士們\\n第九篇  如果能重來，我要選清朝嗎？─日本帝國來了！\\n第十篇  阿伊屋耶喔─新式教育在臺灣\\n第十一篇 一起粗乃玩：一百年前的休閒娛樂\\n第十二篇 按讚訂閱開啟小鈴鐺─臺灣文化協會\\n第十三篇  天黑請閉眼，狼人請睜眼─戒嚴時代下的人們\\n第十四篇  我的邦交國不定時斷線無法聯絡，怎麼辦？─中華民國外交史\\n第十五篇  成長沒有極限─戰後臺灣的經濟奇蹟\\n第十六篇  誰也抓不住的流量密碼─當代社會文化的轉變', '2023-05-09', 11, 0, 1, 1, 4, 1),
(12, '晶片戰爭（博客來獨家書衣款）：矽時代的新賽局，解析地緣政治下', 'CHIP WAR: The Fight for the World’s Most Critical Technology', 720, 5, '克里斯．米勒', '洪慧芳', 2147483647, '一個70年前還不存在的產業，決定了今日世界的樣貌。從玩具到汽車、從微波爐到導彈、從手機到股市，無所不在的晶片，是21世紀的新石油，是現代世界最依賴的稀缺資源。美國靠半導體成為軍事強權，矽谷仍是設計先進晶片的重鎮，掌握大半關鍵技術，但中國正在急起直追，大動作投資半導體產業，爭奪霸主地位。位居供應鏈重要位置的台灣，夾在兩大強權之間，更要面對日韓競爭，應該守住哪些優勢，又要考量哪些風險？\n\n作者克里斯・米勒在塔夫茨大學的弗萊徹學院教授國際史，特別專長美國與俄國歷史，他在研究冷戰武力競賽的過程中，發現半導體扮演了最關鍵的角色，因此決定以晶片為題展開龐大研究，橫跨三大洲，從台北到莫斯科，採訪上百位晶片業相關科學家、政府官員、工程師、企業家，首次為晶片業的發展提供了難得的歷史縱深，這段比電影更驚心動魄的真實歷史，台灣更是故事的核心角色。', '第一部  冷戰晶片\n1.    從鋼到矽\n2.    開關\n3.    諾伊斯、基爾比，以及積體電路\n4.    登月\n5.    迫擊炮與量產\n6.    「我—要—去—賺—大—錢」\n\n第二部  美國世界的電路\n7.    蘇聯矽谷\n8.    「給我抄！」\n9.    電晶體推銷員\n10.    電晶體女孩\n11.    精準打擊\n12.    供應鏈布局\n13.    英特爾的改革者\n14.    國防部的抵銷策略\n\n第三部  失去領導地位？\n15.    競爭激烈\n16.    與日本開戰\n17.    「出產垃圾」\n18.    1980年代的原油\n19.    死亡螺旋\n20.    一個可以說NO的日本\n\n第四部  美國的復興\n21.    薯片大王\n22.    顛覆英特爾\n23.    我的敵人的敵人──韓國崛起\n24.    「這就是未來」\n25.    蘇聯KGB技術局\n26.    抵銷策略的影響\n27.    戰爭英雄\n28.    「冷戰結束，你們贏了」\n\n第五部  積體電路，整合世界？\n29.    在臺灣建立半導體產業\n30.    「所有人都必須製造半導體」\n31.    「與中國人分享上帝的愛」\n32.    微影製程戰\n33.    創新者的兩難\n34.    跑得更快？\"', '2023-03-01', 12, 0, 1, 1, 4, 1),
(13, '生活是一場熱情的遊戲', '', 380, 5, '吳家德', '', 2147483647, '微笑、樂觀、積極，\r\n讓吳家德轉變為全台灣最熱情的男人！\r\n用心生活，享受工作，樂在公益\r\n每天都用快樂的心情與世界對話\r\n超級業務＋經理人　吳家德\r\n最真摯熱心新作\r\n\r\n他說：「不是我人脈廣，是我對人好。」\r\n他說：「生活是一場熱情的遊戲，每天都要用快樂的心情與世界對話。」', '輯一、成為一位熱情者\n熱情沒有奇蹟，只有累積\n熱情者的三大特質\n熱情，從哪裡來？\n問問自己想成為怎樣的人？\n方向是一種選擇，夢想是一種能量\n你會回顧你的人生嗎？\n可以請你說說你的夢想嗎？\n你快樂嗎？\n夢想，是我換工作的關鍵\n樂觀是一項競爭優勢\n\n輯二、生活是一場熱情的遊戲\n生活是一場熱情的遊戲\n跑步哲學——與自我對話\n你的好習慣，是否讓你成為想要成為的人呢？\n熱情的好服務才是王道\n人際破冰——在電話兩頭開啟新友誼\n機會不只留給準備好的人，也給「敢」的人\n先嘗試，先行動\n人生的「時間價值」\n失敗根本沒什麼大不了\n一位熱情老爸寫給兒女的家書\n\n輯三、不做最厲害的專家，做最自在的玩家\n人生不僅好玩，還能快樂做自己\n人生的偶陣雨，只是陪襯\n閱讀是複利的成長回報\n助人，成為彼此的光\n你退休後，要規劃如何過生活？\n人生不用到處較勁\n能夠「給予」是幸福\n心中有愛，生活就會更幸福\n做一個喜歡自己的人\n為這世界點一盞小小的光明燈\"', '2023-06-09', 13, 0, 1, 1, 5, 1),
(14, '我可能錯了：森林智者的最後一堂人生課', 'Jag kan ha fel och andra visdomar från mitt liv som buddhistmunk', 450, 5, '比約恩．納提科．林德布勞', '郭騰堅', 2147483647, '達賴喇嘛：這本書能使所有人受益\n\n瑞典最暢銷心靈書，連續三年獲獎不斷！\n隱居山林的經濟學家，最動人的生命體悟\n17年的森林寺院修行、返鄉後的憂鬱巨浪、與漸凍症並肩走向死亡的日子，\n這句話，成了他一生的金言，\n也將帶你擺脫焦慮風暴、生命備受鼓舞！\n\n※心能量管理中心執行長 許瑞云醫師、主持人 曾寶儀、阿迪亞香提──專文推薦\n身心靈導師 賴佩霞博士──好評推薦\n※封面圖《崇敬》（Adoración），是當今古巴重量級且身價最高的藝術家托馬斯．桑切斯所繪，諾貝爾文學獎得主馬奎斯也是托馬斯的忠實粉絲。\n\n瑞典每30個人就有1個人看過這本書！\n一句簡單又神奇的箴言，\n為你在困頓中找到撫慰與前進的勇氣！', '前 言 我的超能力\n第1章 覺察\n第2章 成功，但不快樂\n第3章 多呼吸，少思考\n第4章 卡拉馬助夫兄弟們\n第5章 初探寺院\n第6章 不要相信你的每個念頭\n第7章 媽媽，我要去森林當僧人\n第8章 Natthiko──在智慧中成長的人\n第9章 當下的智慧\n第10章 古怪的群體生活\n第11章 森林寺院的節奏\n第12章 自媚的智慧\n第13章 有魔法的箴言\n第14章 可能是，可能不是\n第15章 鬼魂、苦行生活與悲傷\n第16章 自願的心理痛苦\n第17章 一個隱士能喝下多少百事可樂？\n第18章 握緊的拳頭，張開的手掌\n第19章 去找份該死的工作，老兄！\n第20章 別忘記為奇蹟留下空間\n第21章 人生只有一件事可以確定\n第22章 臀部不說謊\n第23章 我從未懷疑自己的僧人身分\n第24章 道別信\n第25章 黑暗\n第26章 這也會過去\n第27章 就從自己開始\n第28章 走進為我敞開的每扇大門\n第29章 生命的意義是找到與分享你天賦的禮物\n第30章 信任給我的來回票\n第31章 宣告\n第32章 這就是結局嗎？\n第33章 一切都會離你而去\n第34章 成為你在世界上最想見到的樣子\n第35章 爸爸\n第36章 寬恕\n第37章 從膚淺到真誠\n第38章 就在這裡結束\"', '2023-02-01', 14, 0, 1, 1, 5, 1),
(15, '蛤蟆先生去看心理師', 'Counselling for Toads: A Psychological Adventure', 400, 499, '羅伯．狄保德', '張美惠', 2147483647, '這本老少咸宜、令人愉悅的作品，角色取材自英國經典童話《柳林中的風聲》，作者將心理治療過程運用在動物主角們身上：主角蛤蟆先生因為憂鬱症而離群索居，好友河鼠、鼴鼠和老獾擔憂他可能會做傻事，大力慫恿他去找心理諮商師蒼鷺。蒼鷺運用溝通分析（Transactional Analysis）協助蛤蟆先生面對內在小孩和成人，學會分析自己的感覺，發展情緒智商。到了書末，他恢復了以前的開朗，展開全新的旅程。\n\n故事中涵蓋憤怒、潛意識、自我審判、兒童的自我狀態、父母的自我狀態、成人的自我狀態，適應性兒童、挑剔型父母、共謀、情商等心理學理論。將心理知識巧妙融入故事情節，解析20多個心理學專業名詞、可說是展現心理諮商療程的標準範本。', 'Chapter1  我感覺精神不太好\nChapter2  友誼萬歲\nChapter3  蒼鷺小屋\nChapter4  你這個麻煩的傢伙！\nChapter5  成長的寓言\nChapter6  探索童年\nChapter7  仁慈的獨裁者\nChapter8  意外訪客\nChapter9  祕密協議\nChapter10  午餐約會\nChapter11  蛤蟆先生的選擇\nChapter12  蛤蟆的人生故事\nChapter13  心理遊戲\nChapter14  贏了遊戲輸了自己\nChapter15  最後一次按門鈴\nChapter16  道別與新生', '2022-01-26', 15, 0, 1, 1, 5, 1),
(16, '真的假的！奇怪知識又增加了：自說自話的總裁顛覆認知的科學奇想', '', 420, 5, '自說自話的總裁', '', 2147483647, '本書特色\n\n．打敗人工智慧的超展開提問，不可思議的故事科普。\n．地球日常怎麼可能這麼好笑，抽絲剝繭找出生活中的無限延伸。\n．課本上沒教的奇怪知識，打敗無聊的唯一處方。', '──PART 1     動物哪有這麼可愛！──\n01雞．可能是地球真正的霸主\n雞，改變地球／遠古BUG／明日之雞／是龍，還是鳥？／雞，接管地球\n02進擊的章魚：被小看的軟體學霸\n大預言家──章魚哥保羅／章魚的一生／軟體資優生的超高效學習法／逃脫大師／九頭章魚／完美的眼睛\n03殺人蜂 ，人造怪物入侵\n蜂狂事故／美夢還是惡夢／放虎歸山／蠢蠢欲動／馴化殺人蜂／\n04放屁蟲，連達爾文都擋不住\n噴爆進化論／天賦異稟／人間大炮／從火箭到三味書屋\n05貓奴注意！喵星人的變乖開關\n捉住貓貓的後脖頸／裝死專家／石化的貓咪／變乖的嬰兒\n06大自然的炸彈，如何正確處理鯨的屍體？\n一鯨落，萬物生／鯨式襲擊／鯨魚炸彈怎麼煉成的／人工爆破／另一種「重生」', '2023-07-05', 16, 0, 1, 1, 6, 1),
(17, '為什麼要睡覺？：睡出健康與學習力、夢出創意的新科學', 'Why We Sleep： The New Science of Sleep and Dreams', 500, 5, '沃克', '姚若潔', 2147483647, '沃克博士用《為什麼要睡覺？》這本書照亮了夜晚，解釋睡眠如何讓我們更健康、更安全、更聰明、更有生產力。他用清楚且可靠的方式提供知識與策略，讓我們克服這個喜歡剝奪睡眠的社會中存在的致命危機。我們都需要睡眠，每一位讀者都能從沃克博士的見解中找到實用建議。──羅斯金（Mark R. Rosekind），美國國家公路交通安全管理局前局長\n\n《為什麼要睡覺？》是一本必讀之作。沃克是名聞世界的神經科學家暨睡眠專家，帶領我們進入迷人的必經旅程，了解最新的睡眠科學。這本書不僅滿足了求知的好奇心，還探討了我們的睡眠品質和睡眠量遭到破壞之後，對認知、健康、安全和企業帶來的後果；這些洞見可能會改變你過生活的方式。在這種充斥各類活動、令人分心的時刻，很難找到比這本書更值得一讀的書。──葛扎利（Adam Gazzaley），加州大學舊金山分校神經學、心理學暨精神病學教授', '第一部睡眠是什麼？\n\n第1章睡吧……\n當睡眠缺乏成為一種流行病\n\n第2章咖啡因、時差、褪黑激素\n那些影響睡眠節律的因子\n\n第3章在你睡著時，大腦依然忙碌\n非快速動眼睡眠、快速動眼睡眠、夢中時間變長了\n\n第4章誰會睡覺？我們該怎麼睡？\n猩猩會搭床、用半顆腦袋睡覺、午睡是長壽的祕訣\n\n第5章我們一生中的睡眠變化\n從胎兒到老年，每個時期的睡眠都不同\n\n第二部為什麼我們該睡覺？\n\n第6章你媽媽和莎士比亞早就知道\n睡眠提升大腦的學習力\n\n第7章超越金氏世界紀錄的極限\n睡眠剝奪對腦的可怕影響\n\n第8章癌症、心臟病，以及壽命變短\n睡眠不足對身體的各種危害\n\n結語睡，還是不睡\n這是個好問題\n\n附錄健康睡眠的十二項守則', '2023-05-26', 17, 0, 1, 1, 6, 1),
(18, '多巴胺國度：在縱慾年代找到身心平衡', 'DOPAMINE NATION: Finding Balance in the Age of Indulgence', 450, 5, '安娜‧蘭布克醫師', '鄭煥昇', 2147483647, '多巴胺是一種神經傳導物質，又稱為「腦內啡」，要讓大腦釋放多巴胺很簡單，只要你做一件事情能讓自己開心就行了，像是上網、吃喝玩樂、盡情購物。不過，多巴胺會逐漸減少，需要更多的慾望、更強的刺激才行，也因此讓人愈來愈痛苦。\n\n如果我們發現自己上網時間愈來愈長、暴飲暴食的次數愈來愈多、喝下肚的酒愈來愈烈、購物次數愈來愈頻繁，很有可能已經成癮。\n\n安娜‧蘭布克醫師（Dr. Anna Lembke）是史丹佛大學醫學院精神科暨成癮醫學教授，也是史丹佛戒癮診所的主任，她以協助成癮者戒癮的多年經驗，在徵得病患同意之下，將她協助酒癮者、毒癮者、性成癮者如何戒癮的案例納入本書，詮釋慾望的來源、成癮的問題和戒癮的過程。', '【前言】真正的問題\n\n第一部：追求快感\n\n第一章：我們的自慰機器\n\n第二章：逃離痛苦\n\n第三章：爽與痛的平衡\n\n第二部：自縛\n\n第四章：多巴胺的齋戒\n\n第五章：空間、時間與意義\n\n第六章：壞掉的天平？\n\n第三部：自討苦吃\n\n第七章：朝痛端往下壓\n\n第八章：徹底的誠實\n\n第九章：利社會的羞恥\n\n結論：爽痛平衡教會我們的事', '2023-03-04', 18, 0, 1, 1, 6, 1),
(19, '12經絡人格解密：身心共振的中醫之道', '', 780, 2, '沈邑穎', '', 2147483647, '台灣針灸四大派「古典針灸派」傳人，以《黃帝內經》為依歸，專長於中醫經絡研究與臨床應用，並結合現代醫學與跨領域學科研究，展現中醫成為「經典醫學」的價值。\n\n秉持周左宇老師「救人之事，不必保密」理念，以傳承中醫和發揚經絡為終身職志。歷年來講授諸多中醫課程，包括「經絡學苑」、「十二經絡」系列課程、「經絡十四講」、以經絡分析張仲景經方的「解構經方」，以及「搶救心臟」實務課程、「經絡解密臨床實作」線上課等。期能引導年輕醫師進入中醫經絡之門，體會經絡的精要與奧秘。已出版的中醫書籍有《古典經絡針灸大家：周左宇醫道精要》、《中醫護好心》、《經絡解密》系列等書。', '【第一章】中醫對於身心共振的看法——身心共振的中醫理論\n・身體與情緒的和諧平衡，是健康長壽的要件\n・身心共振結構的形成——情志管理分工的四個層級\n・本章重點回顧\n\n【第二章】十二經絡人格特質（上）：總論、火形人與金形人\n・〖總論〗 透過經絡系統，掌握身心共振狀態\n・火形人：心經、小腸經的經絡人格特質\n・金形人：肺經、大腸經的經絡人格特質\n・本章重點回顧\n\n【第三章】十二經絡人格特質（中）：土形人與木形人\n・土形人：脾經、胃經的經絡人格特質\n・木形人：肝經、膽經的經絡人格特質\n・本章重點回顧', '2023-05-08', 19, 0, 1, 1, 7, 1),
(20, '飢餓細胞：疾病的引爆點', '', 250, 5, '曾坤章', '', 2147483647, '本書特色\n１．對目前醫學作了革命性的突破，建立一套完整的營養醫學體系。\n２．對世界衛生組織（WHO）的隱性飢餓提出了一套解決的方案。\n３．「中毒加上隱性飢餓是引爆各種慢性病的主因」是一項對慢性病的新的看法。\n４．難以逆轉的慢性病，以優質營養素加以干預，是可逆轉並獲得突破性的改善。\n５．以主流科學－量子力學詮釋DNA的功能，並建立量子細胞的運作，是前所未見的。\n６．癌症發生的主要原因是細胞骨架受到壓擠而產生的物理現象，不是基因的突變。', '隱藏的細胞殺手\n第一章　每一個人都中毒了\n第二章　我們都在吃空的食物\n\n飢餓細胞\n第三章　細胞吃什麼\n第四章　對抗疾病的勇士們\n\n細胞修護五步驟\n第五章　細胞修護第一步：解毒\n第六章　細胞修護第二步：維生素與礦物質\n第七章　細胞修護第三步：清除自由基\n第八章　細胞修護第四步：血管暢通\n第九章　細胞修護第五步：保持年輕\n\n知識能救你一命\n第十章　如何選擇優質營養素\n第十一章　細胞大逆轉\n第十二章　細胞的另一樂章\n\n開啓細胞的另一扇窗\n第十三章　垃圾DNA價值連城\n第十四章　量子細胞\n第十五章　祝福也是一種療癒', '2016-03-28', 20, 0, 1, 1, 7, 1),
(21, '與牙共舞：那些病人留在診療椅上的故事', '', 380, 5, '林峰丕', '', 2147483647, '一百個病人，就有一百個故事。\n一次的診間相遇，就可擦撞出一次不同的火花。\n時而驚喜，時而驚嚇；時而溫馨，時而惱怒；\n前一刻還被病患莫名怪罪，下一刻卻被溫暖大讚……\n這不是人格分裂，而是牙醫師的日常。', '〔專文推薦〕診間一隅思何事？口裡如何吐芬芳！  ／楊斯棓\n〔作 者 序〕關於這一路走來的晴雨\n\n老爺爺的假牙\n口福幸福\n愛唱歌的大男孩\n不粗魯的專業\n好好過，才能過得好\n一個溫暖假期\n醫病緣\n醫病也醫心\n勇敢穿越寒冬\n遲到，小心遲掉人生\n從小禮物看人性\n溫柔又殘酷的改變\n小妹妹，請加油\n幽閉恐懼症患者\n從牙齒看性格\n黃湯下肚別看牙\n老太太的內心小劇場\n不要自己當醫生', '2023-06-10', 21, 0, 1, 1, 7, 1);

-- --------------------------------------------------------

--
-- 資料表結構 `book_genre`
--

CREATE TABLE `book_genre` (
  `b_genre_id` int(11) NOT NULL,
  `b_genre_name` varchar(10) NOT NULL
) ENGINE=InnoDB DEFAULT CHARSET=utf8mb4 COLLATE=utf8mb4_general_ci;

--
-- 傾印資料表的資料 `book_genre`
--

INSERT INTO `book_genre` (`b_genre_id`, `b_genre_name`) VALUES
(1, '文學小說'),
(2, '商業理財'),
(3, '藝術設計'),
(4, '人文社科'),
(5, '心理勵志'),
(6, '自然科普'),
(7, '醫療保健'),
(8, '生活風格'),
(9, '旅遊'),
(10, '輕小說'),
(11, '漫畫/圖文書'),
(12, '語言學習'),
(13, '考試用書'),
(14, '電腦資訊'),
(15, '其他');

-- --------------------------------------------------------

--
-- 資料表結構 `book_img`
--

CREATE TABLE `book_img` (
  `book_img_id` int(11) NOT NULL,
  `book_img_url` text NOT NULL
) ENGINE=InnoDB DEFAULT CHARSET=utf8mb4 COLLATE=utf8mb4_general_ci;

--
-- 傾印資料表的資料 `book_img`
--

INSERT INTO `book_img` (`book_img_id`, `book_img_url`) VALUES
(1, 'bookimgs/不便利的便利店1.webp'),
(1, 'bookimgs/不便利的便利店2.webp'),
(1, 'bookimgs/不便利的便利店3.webp'),
(2, 'bookimgs/海風酒店1.webp'),
(3, 'bookimgs/生命中不能承受之輕1.webp'),
(4, 'bookimgs/原子習慣：細微改變帶來巨大成就的實證法則1.webp'),
(4, 'bookimgs/原子習慣：細微改變帶來巨大成就的實證法則2.webp'),
(4, 'bookimgs/原子習慣：細微改變帶來巨大成就的實證法則3.webp'),
(5, 'bookimgs/逆思維：華頓商學院最具影響力的教授，突破人生盲點的全局思考1.webp'),
(6, 'bookimgs/持續買進：資料科學家的投資終極解答，存錢及致富的實證方法1.webp'),
(6, 'bookimgs/持續買進：資料科學家的投資終極解答，存錢及致富的實證方法2.webp'),
(6, 'bookimgs/持續買進：資料科學家的投資終極解答，存錢及致富的實證方法3.webp'),
(7, 'bookimgs/我還能再看到幾次滿月？1.webp'),
(7, 'bookimgs/我還能再看到幾次滿月？2.webp'),
(7, 'bookimgs/我還能再看到幾次滿月？3.webp'),
(8, 'bookimgs/LOGO設計研究所：更有亮點的60個技巧1.webp'),
(8, 'bookimgs/LOGO設計研究所：更有亮點的60個技巧2.webp'),
(8, 'bookimgs/LOGO設計研究所：更有亮點的60個技巧3.webp'),
(9, 'bookimgs/南方，寂寞鐵道：我們在時光列車上相遇1.webp'),
(9, 'bookimgs/南方，寂寞鐵道：我們在時光列車上相遇2.webp'),
(9, 'bookimgs/南方，寂寞鐵道：我們在時光列車上相遇3.webp'),
(10, 'bookimgs/紅色賭盤：令中共高層害怕，直擊現代中國金權交易背後的腐敗內幕1.webp'),
(11, 'bookimgs/開箱臺灣史：一本制霸中小學108課綱臺灣史學習內容！1.webp'),
(11, 'bookimgs/開箱臺灣史：一本制霸中小學108課綱臺灣史學習內容！2.webp'),
(11, 'bookimgs/開箱臺灣史：一本制霸中小學108課綱臺灣史學習內容！3.webp'),
(12, 'bookimgs/晶片戰爭（博客來獨家書衣款）：矽時代的新賽局，解析地緣政治下全球最關鍵科技的創新、商業模式與台灣的未來1.webp'),
(12, 'bookimgs/晶片戰爭（博客來獨家書衣款）：矽時代的新賽局，解析地緣政治下全球最關鍵科技的創新、商業模式與台灣的未來2.webp'),
(12, 'bookimgs/晶片戰爭（博客來獨家書衣款）：矽時代的新賽局，解析地緣政治下全球最關鍵科技的創新、商業模式與台灣的未來3.webp'),
(13, 'bookimgs/生活是一場熱情的遊戲1.webp'),
(13, 'bookimgs/生活是一場熱情的遊戲2.webp'),
(13, 'bookimgs/生活是一場熱情的遊戲3.webp'),
(14, 'bookimgs/我可能錯了：森林智者的最後一堂人生課1.webp'),
(14, 'bookimgs/我可能錯了：森林智者的最後一堂人生課2.webp'),
(14, 'bookimgs/我可能錯了：森林智者的最後一堂人生課3.webp'),
(15, 'bookimgs/蛤蟆先生去看心理師1.webp'),
(15, 'bookimgs/蛤蟆先生去看心理師2.webp'),
(15, 'bookimgs/蛤蟆先生去看心理師3.webp'),
(16, 'bookimgs/真的假的！奇怪知識又增加了：自說自話的總裁顛覆認知的科學奇想1.webp'),
(16, 'bookimgs/真的假的！奇怪知識又增加了：自說自話的總裁顛覆認知的科學奇想2.webp'),
(16, 'bookimgs/真的假的！奇怪知識又增加了：自說自話的總裁顛覆認知的科學奇想3.webp'),
(17, 'bookimgs/為什麼要睡覺？：睡出健康與學習力、夢出創意的新科學1.webp'),
(18, 'bookimgs/多巴胺國度：在縱慾年代找到身心平衡1.webp'),
(18, 'bookimgs/多巴胺國度：在縱慾年代找到身心平衡2.webp'),
(18, 'bookimgs/多巴胺國度：在縱慾年代找到身心平衡3.webp'),
(19, 'bookimgs/12經絡人格解密：身心共振的中醫之道1.webp'),
(19, 'bookimgs/12經絡人格解密：身心共振的中醫之道2.webp'),
(19, 'bookimgs/12經絡人格解密：身心共振的中醫之道3.webp'),
(20, 'bookimgs/飢餓細胞：疾病的引爆點1.webp'),
(21, 'bookimgs/與牙共舞：那些病人留在診療椅上的故事1.webp'),
(21, 'bookimgs/與牙共舞：那些病人留在診療椅上的故事2.webp'),
(1, 'bookimgs/不便利的便利店1.webp'),
(1, 'bookimgs/不便利的便利店2.webp'),
(1, 'bookimgs/不便利的便利店3.webp'),
(2, 'bookimgs/海風酒店1.webp'),
(3, 'bookimgs/生命中不能承受之輕1.webp'),
(4, 'bookimgs/原子習慣：細微改變帶來巨大成就的實證法則1.webp'),
(4, 'bookimgs/原子習慣：細微改變帶來巨大成就的實證法則2.webp'),
(4, 'bookimgs/原子習慣：細微改變帶來巨大成就的實證法則3.webp'),
(5, 'bookimgs/逆思維：華頓商學院最具影響力的教授，突破人生盲點的全局思考1.webp'),
(6, 'bookimgs/持續買進：資料科學家的投資終極解答，存錢及致富的實證方法1.webp'),
(6, 'bookimgs/持續買進：資料科學家的投資終極解答，存錢及致富的實證方法2.webp'),
(6, 'bookimgs/持續買進：資料科學家的投資終極解答，存錢及致富的實證方法3.webp'),
(7, 'bookimgs/我還能再看到幾次滿月？1.webp'),
(7, 'bookimgs/我還能再看到幾次滿月？2.webp'),
(7, 'bookimgs/我還能再看到幾次滿月？3.webp'),
(8, 'bookimgs/LOGO設計研究所：更有亮點的60個技巧1.webp'),
(8, 'bookimgs/LOGO設計研究所：更有亮點的60個技巧2.webp'),
(8, 'bookimgs/LOGO設計研究所：更有亮點的60個技巧3.webp'),
(9, 'bookimgs/南方，寂寞鐵道：我們在時光列車上相遇1.webp'),
(9, 'bookimgs/南方，寂寞鐵道：我們在時光列車上相遇2.webp'),
(9, 'bookimgs/南方，寂寞鐵道：我們在時光列車上相遇3.webp'),
(10, 'bookimgs/紅色賭盤：令中共高層害怕，直擊現代中國金權交易背後的腐敗內幕1.webp'),
(11, 'bookimgs/開箱臺灣史：一本制霸中小學108課綱臺灣史學習內容！1.webp'),
(11, 'bookimgs/開箱臺灣史：一本制霸中小學108課綱臺灣史學習內容！2.webp'),
(11, 'bookimgs/開箱臺灣史：一本制霸中小學108課綱臺灣史學習內容！3.webp'),
(12, 'bookimgs/晶片戰爭（博客來獨家書衣款）：矽時代的新賽局，解析地緣政治下全球最關鍵科技的創新、商業模式與台灣的未來1.webp'),
(12, 'bookimgs/晶片戰爭（博客來獨家書衣款）：矽時代的新賽局，解析地緣政治下全球最關鍵科技的創新、商業模式與台灣的未來2.webp'),
(12, 'bookimgs/晶片戰爭（博客來獨家書衣款）：矽時代的新賽局，解析地緣政治下全球最關鍵科技的創新、商業模式與台灣的未來3.webp'),
(13, 'bookimgs/生活是一場熱情的遊戲1.webp'),
(13, 'bookimgs/生活是一場熱情的遊戲2.webp'),
(13, 'bookimgs/生活是一場熱情的遊戲3.webp'),
(14, 'bookimgs/我可能錯了：森林智者的最後一堂人生課1.webp'),
(14, 'bookimgs/我可能錯了：森林智者的最後一堂人生課2.webp'),
(14, 'bookimgs/我可能錯了：森林智者的最後一堂人生課3.webp'),
(15, 'bookimgs/蛤蟆先生去看心理師1.webp'),
(15, 'bookimgs/蛤蟆先生去看心理師2.webp'),
(15, 'bookimgs/蛤蟆先生去看心理師3.webp'),
(16, 'bookimgs/真的假的！奇怪知識又增加了：自說自話的總裁顛覆認知的科學奇想1.webp'),
(16, 'bookimgs/真的假的！奇怪知識又增加了：自說自話的總裁顛覆認知的科學奇想2.webp'),
(16, 'bookimgs/真的假的！奇怪知識又增加了：自說自話的總裁顛覆認知的科學奇想3.webp'),
(17, 'bookimgs/為什麼要睡覺？：睡出健康與學習力、夢出創意的新科學1.webp'),
(18, 'bookimgs/多巴胺國度：在縱慾年代找到身心平衡1.webp'),
(18, 'bookimgs/多巴胺國度：在縱慾年代找到身心平衡2.webp'),
(18, 'bookimgs/多巴胺國度：在縱慾年代找到身心平衡3.webp'),
(19, 'bookimgs/12經絡人格解密：身心共振的中醫之道1.webp'),
(19, 'bookimgs/12經絡人格解密：身心共振的中醫之道2.webp'),
(19, 'bookimgs/12經絡人格解密：身心共振的中醫之道3.webp'),
(20, 'bookimgs/飢餓細胞：疾病的引爆點1.webp'),
(21, 'bookimgs/與牙共舞：那些病人留在診療椅上的故事1.webp'),
(21, 'bookimgs/與牙共舞：那些病人留在診療椅上的故事2.webp');

-- --------------------------------------------------------

--
-- 資料表結構 `book_language`
--

CREATE TABLE `book_language` (
  `b_language_id` int(11) NOT NULL,
  `b_language_name` varchar(10) NOT NULL
) ENGINE=InnoDB DEFAULT CHARSET=utf8mb4 COLLATE=utf8mb4_general_ci;

--
-- 傾印資料表的資料 `book_language`
--

INSERT INTO `book_language` (`b_language_id`, `b_language_name`) VALUES
(1, '繁體中文'),
(2, '英文'),
(3, '其他外文');

-- --------------------------------------------------------

--
-- 資料表結構 `book_status`
--

CREATE TABLE `book_status` (
  `book_status_id` int(11) NOT NULL,
  `book_status_name` varchar(10) NOT NULL
) ENGINE=InnoDB DEFAULT CHARSET=utf8mb4 COLLATE=utf8mb4_general_ci;

--
-- 傾印資料表的資料 `book_status`
--

INSERT INTO `book_status` (`book_status_id`, `book_status_name`) VALUES
(1, '上架'),
(2, '下架');

-- --------------------------------------------------------

--
-- 資料表結構 `book_type`
--

CREATE TABLE `book_type` (
  `b_type_id` int(11) NOT NULL,
  `b_type_name` varchar(10) DEFAULT NULL
) ENGINE=InnoDB DEFAULT CHARSET=utf8mb4 COLLATE=utf8mb4_general_ci;

--
-- 傾印資料表的資料 `book_type`
--

INSERT INTO `book_type` (`b_type_id`, `b_type_name`) VALUES
(1, '實體書'),
(2, '二手書');

-- --------------------------------------------------------

--
-- 資料表結構 `cart`
--

CREATE TABLE `cart` (
  `cart_id` int(10) UNSIGNED NOT NULL,
  `client_id` int(11) NOT NULL,
  `book_id` int(11) NOT NULL,
  `book_price` int(10) NOT NULL,
  `book_count` int(10) NOT NULL,
  `cart_create_date` datetime NOT NULL DEFAULT current_timestamp(),
  `paymentCode` varchar(255) DEFAULT NULL
) ENGINE=InnoDB DEFAULT CHARSET=utf8mb4 COLLATE=utf8mb4_general_ci;

--
-- 傾印資料表的資料 `cart`
--

INSERT INTO `cart` (`cart_id`, `client_id`, `book_id`, `book_price`, `book_count`, `cart_create_date`, `paymentCode`) VALUES
(5, 25, 179, 360, 1, '2023-08-27 19:35:27', '1693137696529'),
(7, 25, 340, 480, 1, '2023-08-27 20:05:38', NULL),
(14, 240, 131, 580, 1, '2023-08-28 11:44:05', NULL),
(15, 240, 136, 360, 1, '2023-08-28 13:11:58', NULL),
(16, 240, 3, 199, 1, '2023-08-28 13:12:05', NULL),
(32, 2, 2, 299, 1, '2023-08-28 20:03:54', '1693224243997'),
(73, 217, 460, 500, 1, '2023-08-29 10:00:45', NULL),
(79, 16, 15, 111, 1, '2023-08-29 10:32:46', NULL),
(84, 34, 24, 50, 5, '2023-08-29 14:56:12', NULL),
(85, 34, 365, 350, 1, '2023-08-29 14:57:45', NULL),
(86, 34, 400, 100, 1, '2023-08-29 15:00:05', NULL),
(90, 2, 350, 240, 1, '2023-08-30 06:20:15', NULL),
(91, 2, 420, 100, 1, '2023-08-30 06:20:23', NULL),
(92, 2, 141, 420, 1, '2023-08-30 06:20:35', NULL),
(99, 100, 412, 100, 1, '2023-08-30 06:34:50', NULL),
(101, 23, 15, 111, 1, '2023-08-30 06:48:18', NULL),
(102, 100, 389, 100, 1, '2023-08-30 07:16:18', NULL),
(108, 270, 15, 111, 1, '2023-08-30 07:30:44', NULL),
(109, 27, 130, 360, 1, '2023-08-30 09:45:20', '1693360771081'),
(114, 19, 2, 27, 1, '2023-08-30 10:16:23', '1693361912873'),
(115, 474, 391, 100, 1, '2023-08-30 12:47:07', NULL),
(125, 280, 6, 245, 1, '2023-08-31 01:25:57', NULL),
(136, 281, 197, 280, 1, '2023-08-31 02:01:47', NULL),
(137, 210, 6, 245, 1, '2023-08-31 02:08:36', NULL),
(185, 486, 164, 500, 1, '2023-08-31 15:21:27', NULL),
(229, 50, 6, 245, 5, '2023-09-02 21:27:00', NULL),
(272, 1, 3, 199, 3, '2023-09-03 17:40:06', NULL),
(283, 494, 380, 500, 2, '2023-09-03 19:01:17', '1693739629445'),
(284, 494, 70, 111, 1, '2023-09-03 19:03:20', '1693739629445'),
(285, 494, 352, 380, 1, '2023-09-03 19:03:22', '1693739629445'),
(286, 494, 136, 360, 1, '2023-09-03 19:03:23', '1693739629445'),
(287, 494, 10, 488, 1, '2023-09-03 19:03:24', '1693739629445'),
(293, 17, 459, 900, 1, '2023-09-03 19:45:03', '1693819881277'),
(295, 25, 100, 1200, 1, '2023-09-03 19:54:45', NULL),
(313, 17, 392, 90, 1, '2023-09-04 17:35:15', NULL),
(351, 6, 4, 700, 1, '2023-09-05 10:40:56', '1693882106438'),
(354, 17, 44, 1200, 1, '2023-09-05 14:18:04', NULL),
(355, 17, 351, 700, 1, '2023-09-05 14:22:29', NULL),
(356, 17, 67, 1700, 1, '2023-09-05 14:23:28', NULL),
(357, 17, 40, 1200, 1, '2023-09-05 14:23:40', NULL),
(358, 17, 460, 500, 1, '2023-09-05 14:24:32', NULL),
(359, 17, 66, 200, 1, '2023-09-05 14:24:34', NULL),
(360, 17, 35, 1900, 1, '2023-09-05 14:25:32', NULL),
(377, 33, 198, 200, 1, '2023-09-06 10:27:11', NULL),
(387, 33, 10, 700, 3, '2023-09-07 10:01:07', NULL),
(390, 454, 3, 300, 16, '2023-09-07 16:01:32', NULL),
(391, 87, 338, 1300, 2, '2023-09-07 16:29:37', NULL);

-- --------------------------------------------------------

--
-- 資料表結構 `client`
--

CREATE TABLE `client` (
  `client_id` int(11) NOT NULL,
  `client_name` varchar(30) DEFAULT NULL,
  `email` varchar(30) DEFAULT NULL,
  `passwd` varchar(100) DEFAULT NULL,
  `google_uid` varchar(255) DEFAULT NULL,
  `photo_url` varchar(255) DEFAULT NULL,
  `birthday` date DEFAULT NULL,
  `gender` enum('男','女') DEFAULT NULL,
  `phone` varchar(10) DEFAULT NULL,
  `client_address` varchar(100) DEFAULT NULL,
  `avatar` varchar(255) DEFAULT NULL,
  `join_date` date DEFAULT current_timestamp(),
  `client_point` int(11) DEFAULT 0,
  `client_level` enum('root','admin','member','vip') DEFAULT 'member',
  `line_uid` varchar(255) DEFAULT NULL,
  `line_access_token` text DEFAULT NULL,
  `fb_uid` varchar(255) DEFAULT NULL
) ENGINE=InnoDB DEFAULT CHARSET=utf8mb4 COLLATE=utf8mb4_general_ci;

--
-- 傾印資料表的資料 `client`
--

INSERT INTO `client` (`client_id`, `client_name`, `email`, `passwd`, `google_uid`, `photo_url`, `birthday`, `gender`, `phone`, `client_address`, `avatar`, `join_date`, `client_point`, `client_level`, `line_uid`, `line_access_token`, `fb_uid`) VALUES
(1, '陳哲嘉', 'user01@test.com', '$2a$10$iugW3tB3Yhw0ZTLQtD3VDuVBjihVynx5iqDkT2bpURjIuMfuHeR6K', '', '', '1985-08-29', '女', '0912345678', '台北市中山區民生東路100號', '1693373137609smile.png', '2023-08-11', 998946, 'member', NULL, NULL, NULL),
(2, '劉佳霖', 'user02@test.com', '$2a$08$OjPb6RxHpfCSCCD/55ijyOa0BHVJYZ.4PQj6bhenLuLgmMIVkFUUW', '', '', '1992-11-03', '男', '0912345679', '新北市永和區中正路2號', '02.png', '2023-08-11', 80, 'member', NULL, NULL, NULL),
(3, '陳俊法', 'user03@test.com', '$2a$08$yCS07fAGzpewlsMJKomRO.ALXSGsBvTIx6prpU0P1jlxeZn.YBAfy', '', '', '1988-08-30', '女', '0912345680', '台中市西區民生南路3號', '03.png', '2023-08-11', 2139, 'member', NULL, NULL, NULL),
(4, '王建英', 'wl3436825@gmail.com', '$2a$08$OjPb6RxHpfCSCCD/55ijyOa0BHVJYZ.4PQj6bhenLuLgmMIVkFUUW', '', '', '1995-07-11', '男', '0912345681', '高雄市鹽埕區中山路4號', '04.png', '2023-08-11', 2959, 'member', NULL, NULL, NULL),
(5, '由阿傑', 'user05@test.com', '$2a$10$VrbbYJSinGDLYaabePZqeujrQBqyHU17rLBc3./kGnfAUNt/A0NJe', '', '', '1982-04-30', '女', '0912345682', '台南市北區民權路5號', '1693246173440shai.png', '2023-08-11', 2486, 'member', NULL, NULL, NULL),
(6, '黃大順', 'user06@test.com', '$2a$08$yCS07fAGzpewlsMJKomRO.ALXSGsBvTIx6prpU0P1jlxeZn.YBAfy', '', '', '1989-01-08', '男', '0912345683', '新竹市東區中央路6號', '06.png', '2023-08-11', 513, 'member', NULL, NULL, NULL),
(7, '張景羽', 'user07@test.com', '$2a$10$gbhTeMRblRhGL2M/6rBCK.u24KI9NOOs./HJu83j/G2rdnSScUxTK', '', '', '1997-10-18', '男', '0912345684', '桃園市中壢區中山東路7號', '07.png', '2023-08-11', 1059, 'member', NULL, NULL, NULL),
(8, '蘇志文', 'user08@test.com', '$2a$08$yCS07fAGzpewlsMJKomRO.ALXSGsBvTIx6prpU0P1jlxeZn.YBAfy', '', '', '1983-08-27', '男', '0912345685', '台北市信義區忠孝東路8號', '08.png', '2023-08-11', 785, 'member', NULL, NULL, NULL),
(9, '鄭韋廷', 'user09@test.com', '$2a$08$yCS07fAGzpewlsMJKomRO.ALXSGsBvTIx6prpU0P1jlxeZn.YBAfy', '', '', '1990-05-02', '女', '0912345686', '新北市新莊區中正路9號', '09.png', '2023-08-11', 738, 'member', NULL, NULL, NULL),
(10, '林靜怡', 'user10@test.com', '$2a$08$yCS07fAGzpewlsMJKomRO.ALXSGsBvTIx6prpU0P1jlxeZn.YBAfy', '', '', '1986-08-30', '男', '0912345687', '台中市南區大墩路10號', '1693374303568smile.png', '2023-08-11', 1337, 'member', NULL, NULL, NULL),
(11, '陳芳南', 'user11@test.com', '$2a$08$yCS07fAGzpewlsMJKomRO.ALXSGsBvTIx6prpU0P1jlxeZn.YBAfy', '', '', '1993-12-25', '女', '0912345688', '台南市永康區中山路11號', '11.png', '2023-08-11', 1419, 'member', NULL, NULL, NULL),
(12, '曹雅雯', 'user12@test.com', '$2a$08$yCS07fAGzpewlsMJKomRO.ALXSGsBvTIx6prpU0P1jlxeZn.YBAfy', '', '', '1980-08-03', '男', '0912345689', '新竹市北區光復路12號', '12.png', '2023-08-11', 114, 'member', NULL, NULL, NULL),
(13, '幸雅惠', 'user13@test.com', '$2a$08$yCS07fAGzpewlsMJKomRO.ALXSGsBvTIx6prpU0P1jlxeZn.YBAfy', '', '', '1987-06-17', '男', '0912345690', '桃園市中壢區中山西路13號', '13.png', '2023-08-11', 2285, 'member', NULL, NULL, NULL),
(14, '陳柏鈞', 'user14@test.com', '$2a$08$yCS07fAGzpewlsMJKomRO.ALXSGsBvTIx6prpU0P1jlxeZn.YBAfy', '', '', '1994-04-08', '男', '0912345691', '台北市大同區延平北路14號', '14.png', '2023-08-11', 2100, 'member', NULL, NULL, NULL),
(15, '洪耀勳', 'user15@test.com', '$2a$08$yCS07fAGzpewlsMJKomRO.ALXSGsBvTIx6prpU0P1jlxeZn.YBAfy', '', '', '1981-03-19', '女', '0912345692', '新北市三重區重新路15號', '15.png', '2023-08-11', 645, 'member', NULL, NULL, NULL),
(16, '陳信恩', 'user16@test.com', '$2a$08$yCS07fAGzpewlsMJKomRO.ALXSGsBvTIx6prpU0P1jlxeZn.YBAfy', '', '', '1988-10-31', '男', '0912345693', '台中市北區太平路16號', '16932755636464564867687678.jpg', '2023-08-11', 2896, 'member', NULL, NULL, NULL),
(17, '林安安', 'user17@test.com', '$2a$10$L2KUg8slirGi8hH1zrPdcOTIIeieNihHTUxN4R0/DuvQ2Z6lxMDXe', '', '', '1993-09-25', '女', '0998798787', '屏東市中正文化區', '1693359060837æ¸ç .png', '2023-08-11', 121, 'member', NULL, NULL, NULL),
(18, '王浩友', 'user18@test.com', '$2a$08$yCS07fAGzpewlsMJKomRO.ALXSGsBvTIx6prpU0P1jlxeZn.YBAfy', '', '', '1982-07-26', '男', '0912345695', '高雄市鳳山區鳳松路18號', '18.png', '2023-08-11', 139, 'member', NULL, NULL, NULL),
(19, '王怡江', 'user19@test.com', '$2a$08$yCS07fAGzpewlsMJKomRO.ALXSGsBvTIx6prpU0P1jlxeZn.YBAfy', '', '', '1989-05-09', '女', '0912345696', '新北市永和區文化路19號', '19.png', '2023-08-11', 1963, 'member', NULL, NULL, NULL),
(20, '李佩瑋', 'user20@test.com', '$2a$08$yCS07fAGzpewlsMJKomRO.ALXSGsBvTIx6prpU0P1jlxeZn.YBAfy', '', '', '1996-02-22', '男', '0912345697', '台中市南區工學路20號', '20.png', '2023-08-11', 416, 'member', NULL, NULL, NULL),
(21, '張玉雄', 'user21@test.com', '$2a$08$yCS07fAGzpewlsMJKomRO.ALXSGsBvTIx6prpU0P1jlxeZn.YBAfy', '', '', '1983-11-15', '男', '0912345698', '新竹市東區民生路21號', '16937368391614e21a342-192a-4c88-9394-0a5f0899d8f2.png', '2023-08-11', 20, 'member', NULL, NULL, NULL),
(22, '林振鳳', 'user22@test.com', '$2a$08$yCS07fAGzpewlsMJKomRO.ALXSGsBvTIx6prpU0P1jlxeZn.YBAfy', '', '', '1990-10-07', '女', '0912345699', '桃園市中壢區復興路22號', '22.png', '2023-08-11', 585, 'member', NULL, NULL, NULL),
(23, '林建宏', 'user23@test.com', '$2a$08$yCS07fAGzpewlsMJKomRO.ALXSGsBvTIx6prpU0P1jlxeZn.YBAfy', '', '', '1984-09-20', '男', '0912345700', '台北市大安區信義路23號', '23.png', '2023-08-11', 2411, 'member', NULL, NULL, NULL),
(24, '黃家佳', 'user24@test.com', '$2a$08$yCS07fAGzpewlsMJKomRO.ALXSGsBvTIx6prpU0P1jlxeZn.YBAfy', '', '', '1991-08-02', '女', '0912345701', '新北市三重區集美街24號', '24.png', '2023-08-11', 1315, 'member', NULL, NULL, NULL),
(25, '鄧玄志', 'user25@test.com', '$2a$08$yCS07fAGzpewlsMJKomRO.ALXSGsBvTIx6prpU0P1jlxeZn.YBAfy', '', '', '1985-07-14', '男', '0912345702', '台中市西屯區市政北路25號', '25.png', '2023-08-11', 2323, 'member', NULL, NULL, NULL),
(26, '王明柏', 'user26@test.com', '$2a$08$yCS07fAGzpewlsMJKomRO.ALXSGsBvTIx6prpU0P1jlxeZn.YBAfy', '', '', '1992-06-27', '女', '0912345703', '台南市南區建國北路26號', '26.png', '2023-08-11', 1680, 'member', NULL, NULL, NULL),
(27, '李巧達', 'user27@test.com', '$2a$08$yCS07fAGzpewlsMJKomRO.ALXSGsBvTIx6prpU0P1jlxeZn.YBAfy', '', '', '1986-05-09', '男', '0912345704', '高雄市左營區華夏路27號', '27.png', '2023-08-11', 1422, 'member', NULL, NULL, NULL),
(28, '詹奕辰', 'user28@test.com', '$2a$08$yCS07fAGzpewlsMJKomRO.ALXSGsBvTIx6prpU0P1jlxeZn.YBAfy', '', '', '1993-04-22', '女', '0912345705', '台北市中山區南京東路28號', '28.png', '2023-08-11', 2058, 'member', NULL, NULL, NULL),
(29, '趙琬婷', 'user29@test.com', '$2a$08$yCS07fAGzpewlsMJKomRO.ALXSGsBvTIx6prpU0P1jlxeZn.YBAfy', '', '', '1987-03-05', '男', '0912345706', '新北市蘆洲區長安街29號', '29.png', '2023-08-11', 32, 'member', NULL, NULL, NULL),
(30, '蔡明枝', 'user30@test.com', '$2a$08$yCS07fAGzpewlsMJKomRO.ALXSGsBvTIx6prpU0P1jlxeZn.YBAfy', '', '', '1994-02-18', '女', '0912345707', '桃園市中壢區高鐵路30號', '30.png', '2023-08-11', 2952, 'member', NULL, NULL, NULL),
(31, '詹欣怡', 'user31@test.com', '$2a$08$yCS07fAGzpewlsMJKomRO.ALXSGsBvTIx6prpU0P1jlxeZn.YBAfy', '', '', '1988-01-12', '男', '0912345708', '台中市北區建國北路31號', '31.png', '2023-08-11', 2688, 'member', NULL, NULL, NULL),
(32, '浦伶珮', 'user32@test.com', '$2a$08$yCS07fAGzpewlsMJKomRO.ALXSGsBvTIx6prpU0P1jlxeZn.YBAfy', '', '', '1995-02-23', '女', '0912345709', '台南市南區西門路32號', '32.png', '2023-08-11', 1586, 'member', NULL, NULL, NULL),
(33, '黃博鈞', 'user33@test.com', '$2a$08$yCS07fAGzpewlsMJKomRO.ALXSGsBvTIx6prpU0P1jlxeZn.YBAfy', '', '', '1989-09-07', '男', '0912345710', '高雄市左營區蓮池潭33號', '33.png', '2023-08-11', 2967, 'member', NULL, NULL, NULL),
(34, '江尚添', 'user34@test.com', '$2a$08$yCS07fAGzpewlsMJKomRO.ALXSGsBvTIx6prpU0P1jlxeZn.YBAfy', '', '', '1996-08-31', '女', '0912345711', '新竹市東區東門街34號', '34.png', '2023-08-11', 493, 'member', NULL, NULL, NULL),
(35, '陳信峰', 'user35@test.com', '$2a$08$yCS07fAGzpewlsMJKomRO.ALXSGsBvTIx6prpU0P1jlxeZn.YBAfy', '', '', '1990-05-28', '男', '0912345712', '新北市三重區中正北路35號', '35.png', '2023-08-11', 2887, 'member', NULL, NULL, NULL),
(36, '江惠君', 'user36@test.com', '$2a$08$yCS07fAGzpewlsMJKomRO.ALXSGsBvTIx6prpU0P1jlxeZn.YBAfy', '', '', '1997-06-09', '女', '0912345713', '台中市南區大墩路36號', '36.png', '2023-08-11', 982, 'member', NULL, NULL, NULL),
(37, '黃瓊東', 'user37@test.com', '$2a$08$yCS07fAGzpewlsMJKomRO.ALXSGsBvTIx6prpU0P1jlxeZn.YBAfy', '', '', '1991-07-20', '男', '0912345714', '桃園市中壢區環中東路37號', '37.png', '2023-08-11', 2221, 'member', NULL, NULL, NULL),
(38, '張佩珊', 'user38@test.com', '$2a$08$yCS07fAGzpewlsMJKomRO.ALXSGsBvTIx6prpU0P1jlxeZn.YBAfy', '', '', '1998-08-31', '女', '0912345715', '新北市板橋區民生路38號', '38.png', '2023-08-11', 2168, 'member', NULL, NULL, NULL),
(39, '趙威任', 'user39@test.com', '$2a$08$yCS07fAGzpewlsMJKomRO.ALXSGsBvTIx6prpU0P1jlxeZn.YBAfy', '', '', '1992-09-11', '男', '0912345716', '台北市中山區松江路39號', '39.png', '2023-08-11', 1178, 'member', NULL, NULL, NULL),
(40, '羅志成', 'user40@test.com', '$2a$08$yCS07fAGzpewlsMJKomRO.ALXSGsBvTIx6prpU0P1jlxeZn.YBAfy', '', '', '1999-10-22', '女', '0912345717', '高雄市三民區大昌路40號', '40.png', '2023-08-11', 2367, 'member', NULL, NULL, NULL),
(41, '謝浩玲', 'user41@test.com', '$2a$08$yCS07fAGzpewlsMJKomRO.ALXSGsBvTIx6prpU0P1jlxeZn.YBAfy', '', '', '1993-11-29', '男', '0912345718', '新竹市東區東門街41號', '41.png', '2023-08-11', 2309, 'member', NULL, NULL, NULL),
(42, '昝嘉書', 'user42@test.com', '$2a$08$yCS07fAGzpewlsMJKomRO.ALXSGsBvTIx6prpU0P1jlxeZn.YBAfy', '', '', '2000-12-15', '女', '0912345719', '台南市南區西門路42號', '42.png', '2023-08-11', 1444, 'member', NULL, NULL, NULL),
(43, '李佩怡', 'user43@test.com', '$2a$08$yCS07fAGzpewlsMJKomRO.ALXSGsBvTIx6prpU0P1jlxeZn.YBAfy', '', '', '1994-02-22', '男', '0912345720', '新北市三重區中正北路43號', '43.png', '2023-08-11', 282, 'member', NULL, NULL, NULL),
(44, '張明宇', 'user44@test.com', '$2a$08$yCS07fAGzpewlsMJKomRO.ALXSGsBvTIx6prpU0P1jlxeZn.YBAfy', '', '', '2001-04-06', '女', '0912345721', '台中市北區建國北路44號', '44.png', '2023-08-11', 69, 'member', NULL, NULL, NULL),
(45, '陳建民', 'user45@test.com', '$2a$08$yCS07fAGzpewlsMJKomRO.ALXSGsBvTIx6prpU0P1jlxeZn.YBAfy', '', '', '1995-06-18', '女', '0912345722', '台北市中山區松江路45號', '45.png', '2023-08-11', 2430, 'member', NULL, NULL, NULL),
(46, '林志玲', 'user46@test.com', '$2a$08$yCS07fAGzpewlsMJKomRO.ALXSGsBvTIx6prpU0P1jlxeZn.YBAfy', '', '', '2002-08-29', '男', '0912345723', '新竹市東區東門街46號', '46.png', '2023-08-11', 2992, 'member', NULL, NULL, NULL),
(47, '黃國昌', 'user47@test.com', '$2a$08$yCS07fAGzpewlsMJKomRO.ALXSGsBvTIx6prpU0P1jlxeZn.YBAfy', '', '', '1996-10-11', '女', '0912345724', '台南市南區西門路47號', '47.png', '2023-08-11', 1680, 'member', NULL, NULL, NULL),
(48, '王大明', 'user48@test.com', '$2a$08$yCS07fAGzpewlsMJKomRO.ALXSGsBvTIx6prpU0P1jlxeZn.YBAfy', '', '', '2003-12-23', '男', '0912345725', '新北市三重區中正北路48號', '48.png', '2023-08-11', 2405, 'member', NULL, NULL, NULL),
(49, '吳政儒', 'user49@test.com', '$2a$08$yCS07fAGzpewlsMJKomRO.ALXSGsBvTIx6prpU0P1jlxeZn.YBAfy', '', '', '1997-01-04', '女', '0912345726', '台中市北區建國北路49號', '49.png', '2023-08-11', 991, 'member', NULL, NULL, NULL),
(50, '蔡明宏', 'user50@test.com', '$2a$08$yCS07fAGzpewlsMJKomRO.ALXSGsBvTIx6prpU0P1jlxeZn.YBAfy', '', '', '1998-03-16', '女', '0912345727', '台北市中山區松江路50號', '50.png', '2023-08-11', 0, 'member', NULL, NULL, NULL),
(51, '李明憲', 'user51@test.com', '$2a$08$yCS07fAGzpewlsMJKomRO.ALXSGsBvTIx6prpU0P1jlxeZn.YBAfy', '', '', '1999-05-27', '男', '0912345728', '新竹市東區東門街51號', '51.png', '2023-08-11', 634, 'member', NULL, NULL, NULL),
(52, '賴明道', 'user52@test.com', '$2a$08$yCS07fAGzpewlsMJKomRO.ALXSGsBvTIx6prpU0P1jlxeZn.YBAfy', '', '', '2000-07-09', '男', '0912345729', '台南市南區西門路52號', '52.png', '2023-08-11', 989, 'member', NULL, NULL, NULL),
(53, '陳志偉', 'user53@test.com', '$2a$08$yCS07fAGzpewlsMJKomRO.ALXSGsBvTIx6prpU0P1jlxeZn.YBAfy', '', '', '1994-09-21', '男', '0912345730', '新北市三重區中正北路53號', '53.png', '2023-08-11', 45, 'member', NULL, NULL, NULL),
(54, '林青霞', 'user54@test.com', '$2a$08$yCS07fAGzpewlsMJKomRO.ALXSGsBvTIx6prpU0P1jlxeZn.YBAfy', '', '', '1996-11-03', '男', '0912345731', '台中市北區建國北路54號', '54.png', '2023-08-11', 241, 'member', NULL, NULL, NULL),
(55, '陳美鳳', 'user55@test.com', '$2a$08$yCS07fAGzpewlsMJKomRO.ALXSGsBvTIx6prpU0P1jlxeZn.YBAfy', '', '', '1998-01-15', '女', '0912345732', '台北市中山區松江路55號', '55.png', '2023-08-11', 1057, 'member', NULL, NULL, NULL),
(56, '蔡依林', 'user56@test.com', '$2a$08$yCS07fAGzpewlsMJKomRO.ALXSGsBvTIx6prpU0P1jlxeZn.YBAfy', '', '', '2002-03-27', '女', '0912345733', '新竹市東區東門街56號', '56.png', '2023-08-11', 1562, 'member', NULL, NULL, NULL),
(57, '王心凌', 'user57@test.com', '$2a$08$yCS07fAGzpewlsMJKomRO.ALXSGsBvTIx6prpU0P1jlxeZn.YBAfy', '', '', '1995-06-08', '男', '0912345734', '台南市南區西門路57號', '57.png', '2023-08-11', 1639, 'member', NULL, NULL, NULL),
(58, '李佳芬', 'user58@test.com', '$2a$08$yCS07fAGzpewlsMJKomRO.ALXSGsBvTIx6prpU0P1jlxeZn.YBAfy', '', '', '1997-08-20', '男', '0912345735', '新北市三重區中正北路58號', '58.png', '2023-08-11', 508, 'member', NULL, NULL, NULL),
(59, '張惠妹', 'user59@test.com', '$2a$08$yCS07fAGzpewlsMJKomRO.ALXSGsBvTIx6prpU0P1jlxeZn.YBAfy', '', '', '1999-10-02', '男', '0912345736', '台中市北區建國北路59號', '59.png', '2023-08-11', 605, 'member', NULL, NULL, NULL),
(60, '陳嘉玲', 'user60@test.com', '$2a$08$yCS07fAGzpewlsMJKomRO.ALXSGsBvTIx6prpU0P1jlxeZn.YBAfy', '', '', '2001-12-14', '女', '0912345737', '台北市中山區松江路60號', '60.png', '2023-08-11', 1490, 'member', NULL, NULL, NULL),
(61, '林潔玲', 'user61@test.com', '$2a$08$yCS07fAGzpewlsMJKomRO.ALXSGsBvTIx6prpU0P1jlxeZn.YBAfy', '', '', '1996-05-27', '女', '0912345738', '新竹市東區東門街61號', '61.png', '2023-08-11', 2636, 'member', NULL, NULL, NULL),
(62, '吳淡如', 'user62@test.com', '$2a$08$yCS07fAGzpewlsMJKomRO.ALXSGsBvTIx6prpU0P1jlxeZn.YBAfy', '', '', '1998-07-09', '女', '0912345739', '台南市南區西門路62號', '62.png', '2023-08-11', 2718, 'member', NULL, NULL, NULL),
(63, '黃婷婷', 'user63@test.com', '$2a$08$yCS07fAGzpewlsMJKomRO.ALXSGsBvTIx6prpU0P1jlxeZn.YBAfy', '', '', '1993-09-21', '男', '0912345740', '新北市三重區中正北路63號', '63.png', '2023-08-11', 2680, 'member', NULL, NULL, NULL),
(64, '王小華', 'user64@test.com', '$2a$08$yCS07fAGzpewlsMJKomRO.ALXSGsBvTIx6prpU0P1jlxeZn.YBAfy', '', '', '1995-11-03', '女', '0912345741', '台中市北區建國北路64號', '64.png', '2023-08-11', 2249, 'member', NULL, NULL, NULL),
(65, '李大紅', 'user65@test.com', '$2a$08$yCS07fAGzpewlsMJKomRO.ALXSGsBvTIx6prpU0P1jlxeZn.YBAfy', '', '', '1997-01-15', '男', '0912345742', '台北市中山區松江路65號', '65.png', '2023-08-11', 201, 'member', NULL, NULL, NULL),
(66, '劉大華', 'user66@test.com', '$2a$08$yCS07fAGzpewlsMJKomRO.ALXSGsBvTIx6prpU0P1jlxeZn.YBAfy', '', '', '2000-03-27', '男', '0912345743', '新竹市東區東門街66號', '66.png', '2023-08-11', 234, 'member', NULL, NULL, NULL),
(67, '陳小明', 'user67@test.com', '$2a$08$yCS07fAGzpewlsMJKomRO.ALXSGsBvTIx6prpU0P1jlxeZn.YBAfy', '', '', '1994-06-08', '男', '0912345744', '台南市南區西門路67號', '67.png', '2023-08-11', 556, 'member', NULL, NULL, NULL),
(68, '張大華', 'user68@test.com', '$2a$08$yCS07fAGzpewlsMJKomRO.ALXSGsBvTIx6prpU0P1jlxeZn.YBAfy', '', '', '1996-08-20', '男', '0912345745', '新北市三重區中正北路68號', '68.png', '2023-08-11', 2066, 'member', NULL, NULL, NULL),
(69, '林小明', 'user69@test.com', '$2a$08$yCS07fAGzpewlsMJKomRO.ALXSGsBvTIx6prpU0P1jlxeZn.YBAfy', '', '', '1999-10-02', '男', '0912345746', '台中市北區建國北路69號', '69.png', '2023-08-11', 2674, 'member', NULL, NULL, NULL),
(70, '王大雄', 'user70@test.com', '$2a$08$yCS07fAGzpewlsMJKomRO.ALXSGsBvTIx6prpU0P1jlxeZn.YBAfy', '', '', '2002-12-14', '男', '0912345747', '台北市中山區松江路70號', '70.png', '2023-08-11', 1180, 'member', NULL, NULL, NULL),
(71, '劉大紅', 'user71@test.com', '$2a$08$yCS07fAGzpewlsMJKomRO.ALXSGsBvTIx6prpU0P1jlxeZn.YBAfy', '', '', '1995-03-17', '男', '0912345748', '新竹市東區東門街71號', '71.png', '2023-08-11', 858, 'member', NULL, NULL, NULL),
(72, '陳小華', 'user72@test.com', '$2a$08$yCS07fAGzpewlsMJKomRO.ALXSGsBvTIx6prpU0P1jlxeZn.YBAfy', '', '', '1998-05-29', '女', '0912345749', '台南市南區西門路72號', '72.png', '2023-08-11', 739, 'member', NULL, NULL, NULL),
(73, '張大紅', 'user73@test.com', '$2a$08$yCS07fAGzpewlsMJKomRO.ALXSGsBvTIx6prpU0P1jlxeZn.YBAfy', '', '', '1994-08-10', '男', '0912345750', '新北市三重區中正北路73號', '73.png', '2023-08-11', 1114, 'member', NULL, NULL, NULL),
(74, '林小華', 'user74@test.com', '$2a$08$yCS07fAGzpewlsMJKomRO.ALXSGsBvTIx6prpU0P1jlxeZn.YBAfy', '', '', '1997-10-22', '女', '0912345751', '台中市北區建國北路74號', '74.png', '2023-08-11', 351, 'member', NULL, NULL, NULL),
(75, '王大紅', 'user75@test.com', '$2a$08$yCS07fAGzpewlsMJKomRO.ALXSGsBvTIx6prpU0P1jlxeZn.YBAfy', '', '', '2000-01-03', '男', '0912345752', '台北市中山區松江路75號', '75.png', '2023-08-11', 1395, 'member', NULL, NULL, NULL),
(76, '劉小華', 'user76@test.com', '$2a$08$yCS07fAGzpewlsMJKomRO.ALXSGsBvTIx6prpU0P1jlxeZn.YBAfy', '', '', '1993-03-15', '女', '0912345753', '新竹市東區東門街76號', '76.png', '2023-08-11', 2922, 'member', NULL, NULL, NULL),
(77, '陳大雄', 'user77@test.com', '$2a$08$yCS07fAGzpewlsMJKomRO.ALXSGsBvTIx6prpU0P1jlxeZn.YBAfy', '', '', '1996-05-27', '男', '0912345754', '台南市南區西門路77號', '77.png', '2023-08-11', 1443, 'member', NULL, NULL, NULL),
(78, '張小華', 'user78@test.com', '$2a$08$yCS07fAGzpewlsMJKomRO.ALXSGsBvTIx6prpU0P1jlxeZn.YBAfy', '', '', '1998-07-09', '女', '0912345755', '新北市三重區中正北路78號', '78.png', '2023-08-11', 1429, 'member', NULL, NULL, NULL),
(79, '林大雄', 'user79@test.com', '$2a$08$yCS07fAGzpewlsMJKomRO.ALXSGsBvTIx6prpU0P1jlxeZn.YBAfy', '', '', '1993-09-21', '男', '0912345756', '台中市北區建國北路79號', '79.png', '2023-08-11', 2807, 'member', NULL, NULL, NULL),
(80, '王小華', 'user80@test.com', '$2a$08$yCS07fAGzpewlsMJKomRO.ALXSGsBvTIx6prpU0P1jlxeZn.YBAfy', '', '', '1995-11-03', '女', '0912345757', '台北市中山區松江路80號', '80.png', '2023-08-11', 765, 'member', NULL, NULL, NULL),
(81, '劉大雄', 'user81@test.com', '$2a$08$yCS07fAGzpewlsMJKomRO.ALXSGsBvTIx6prpU0P1jlxeZn.YBAfy', '', '', '1999-03-17', '男', '0912345758', '新竹市東區東門街81號', '81.png', '2023-08-11', 1376, 'member', NULL, NULL, NULL),
(82, '陳小青', 'user82@test.com', '$2a$08$yCS07fAGzpewlsMJKomRO.ALXSGsBvTIx6prpU0P1jlxeZn.YBAfy', '', '', '1997-05-29', '女', '0912345759', '台南市南區西門路82號', '82.png', '2023-08-11', 1584, 'member', NULL, NULL, NULL),
(83, '張大雄', 'user83@test.com', '$2a$08$yCS07fAGzpewlsMJKomRO.ALXSGsBvTIx6prpU0P1jlxeZn.YBAfy', '', '', '1996-08-10', '男', '0912345760', '新北市三重區中正北路83號', '83.png', '2023-08-11', 793, 'member', NULL, NULL, NULL),
(84, '林小青', 'user84@test.com', '$2a$08$yCS07fAGzpewlsMJKomRO.ALXSGsBvTIx6prpU0P1jlxeZn.YBAfy', '', '', '2000-10-22', '女', '0912345761', '台中市北區建國北路84號', '84.png', '2023-08-11', 2193, 'member', NULL, NULL, NULL),
(85, '王大雄', 'user85@test.com', '$2a$08$yCS07fAGzpewlsMJKomRO.ALXSGsBvTIx6prpU0P1jlxeZn.YBAfy', '', '', '1995-01-03', '男', '0912345762', '台北市中山區松江路85號', '85.png', '2023-08-11', 2595, 'member', NULL, NULL, NULL),
(86, '劉小青', 'user86@test.com', '$2a$08$yCS07fAGzpewlsMJKomRO.ALXSGsBvTIx6prpU0P1jlxeZn.YBAfy', '', '', '1998-03-15', '女', '0912345763', '新竹市東區東門街86號', '86.png', '2023-08-11', 406, 'member', NULL, NULL, NULL),
(87, '黃小晴', 'user87@test.com', '$2a$08$yCS07fAGzpewlsMJKomRO.ALXSGsBvTIx6prpU0P1jlxeZn.YBAfy', '', '', '1993-05-27', '男', '0912345764', '台南市南區西門路87號', '87.png', '2023-08-11', 0, 'member', NULL, NULL, NULL),
(88, '張小青', 'user88@test.com', '$2a$08$yCS07fAGzpewlsMJKomRO.ALXSGsBvTIx6prpU0P1jlxeZn.YBAfy', '', '', '1994-07-09', '女', '0912345765', '新北市三重區中正北路88號', '88.png', '2023-08-11', 2846, 'member', NULL, NULL, NULL),
(89, '林大紅', 'user89@test.com', '$2a$08$yCS07fAGzpewlsMJKomRO.ALXSGsBvTIx6prpU0P1jlxeZn.YBAfy', '', '', '1996-09-21', '男', '0912345766', '台中市北區建國北路89號', '89.png', '2023-08-11', 1609, 'member', NULL, NULL, NULL),
(90, '王小青', 'user90@test.com', '$2a$08$yCS07fAGzpewlsMJKomRO.ALXSGsBvTIx6prpU0P1jlxeZn.YBAfy', '', '', '1999-11-03', '女', '0912345767', '台北市中山區松江路90號', '90.png', '2023-08-11', 2487, 'member', NULL, NULL, NULL),
(91, '劉大紅', 'user91@test.com', '$2a$08$yCS07fAGzpewlsMJKomRO.ALXSGsBvTIx6prpU0P1jlxeZn.YBAfy', '', '', '1997-01-15', '男', '0912345768', '新竹市東區東門街91號', '91.png', '2023-08-11', 1618, 'member', NULL, NULL, NULL),
(92, '陳小綠', 'user92@test.com', '$2a$08$yCS07fAGzpewlsMJKomRO.ALXSGsBvTIx6prpU0P1jlxeZn.YBAfy', '', '', '1996-02-27', '女', '0912345769', '台南市南區西門路92號', '92.png', '2023-08-11', 619, 'member', NULL, NULL, NULL),
(93, '張大紅', 'user93@test.com', '$2a$08$yCS07fAGzpewlsMJKomRO.ALXSGsBvTIx6prpU0P1jlxeZn.YBAfy', '', '', '1995-04-09', '男', '0912345770', '新北市三重區中正北路93號', '93.png', '2023-08-11', 1224, 'member', NULL, NULL, NULL),
(94, '林小綠', 'user94@test.com', '$2a$08$yCS07fAGzpewlsMJKomRO.ALXSGsBvTIx6prpU0P1jlxeZn.YBAfy', '', '', '1994-06-21', '女', '0912345771', '台中市北區建國北路94號', '94.png', '2023-08-11', 1259, 'member', NULL, NULL, NULL),
(95, '王大紅', 'user95@test.com', '$2a$08$yCS07fAGzpewlsMJKomRO.ALXSGsBvTIx6prpU0P1jlxeZn.YBAfy', '', '', '1993-08-03', '男', '0912345772', '台北市中山區松江路95號', '95.png', '2023-08-11', 2617, 'member', NULL, NULL, NULL),
(96, '劉小綠', 'user96@test.com', '$2a$08$yCS07fAGzpewlsMJKomRO.ALXSGsBvTIx6prpU0P1jlxeZn.YBAfy', '', '', '1992-10-15', '女', '0912345773', '新竹市東區東門街96號', '96.png', '2023-08-11', 323, 'member', NULL, NULL, NULL),
(97, '陳大紅', 'user97@test.com', '$2a$08$yCS07fAGzpewlsMJKomRO.ALXSGsBvTIx6prpU0P1jlxeZn.YBAfy', '', '', '1991-12-27', '男', '0912345774', '台南市南區西門路97號', '97.png', '2023-08-11', 2730, 'member', NULL, NULL, NULL),
(98, '張小綠', 'user98@test.com', '$2a$08$yCS07fAGzpewlsMJKomRO.ALXSGsBvTIx6prpU0P1jlxeZn.YBAfy', '', '', '1990-02-08', '女', '0912345775', '新北市三重區中正北路98號', '98.png', '2023-08-11', 706, 'member', NULL, NULL, NULL),
(99, '林大紅', 'user99@test.com', '$2a$08$yCS07fAGzpewlsMJKomRO.ALXSGsBvTIx6prpU0P1jlxeZn.YBAfy', '', '', '1989-04-21', '男', '0912345776', '台中市北區建國北路99號', '99.png', '2023-08-11', 1313, 'member', NULL, NULL, NULL),
(100, '王小綠', 'user100@test.com', '$2a$08$yCS07fAGzpewlsMJKomRO.ALXSGsBvTIx6prpU0P1jlxeZn.YBAfy', '', '', '1988-06-03', '女', '0912345777', '台北市中山區松江路100號', '100.png', '2023-08-11', 1445, 'member', NULL, NULL, NULL),
(101, '劉大紅', 'user101@test.com', '$2a$08$yCS07fAGzpewlsMJKomRO.ALXSGsBvTIx6prpU0P1jlxeZn.YBAfy', '', '', '1987-07-15', '男', '0912345778', '新竹市東區東門街101號', '1692589359911cartoon-lofi-young-manga-style-girl-studying-while-listening-music-raining-street-ai-generative (1).jpg', '2023-08-11', 285, 'member', NULL, NULL, NULL),
(102, '陳小綠', 'user102@test.com', '$2a$08$yCS07fAGzpewlsMJKomRO.ALXSGsBvTIx6prpU0P1jlxeZn.YBAfy', '', '', '1986-08-27', '女', '0912345779', '台南市南區西門路102號', '102.png', '2023-08-11', 74, 'member', NULL, NULL, NULL),
(103, '張大紅', 'user103@test.com', '$2a$08$yCS07fAGzpewlsMJKomRO.ALXSGsBvTIx6prpU0P1jlxeZn.YBAfy', '', '', '1985-10-09', '男', '0912345780', '新北市三重區中正北路103號', '103.png', '2023-08-11', 2494, 'member', NULL, NULL, NULL),
(104, '林小綠', 'user104@test.com', '$2a$08$yCS07fAGzpewlsMJKomRO.ALXSGsBvTIx6prpU0P1jlxeZn.YBAfy', '', '', '1984-12-21', '女', '0912345781', '台中市北區建國北路104號', '104.png', '2023-08-11', 276, 'member', NULL, NULL, NULL),
(105, '王大紅', 'user105@test.com', '$2a$08$yCS07fAGzpewlsMJKomRO.ALXSGsBvTIx6prpU0P1jlxeZn.YBAfy', '', '', '1983-02-03', '男', '0912345782', '台北市中山區松江路105號', '105.png', '2023-08-11', 2859, 'member', NULL, NULL, NULL),
(106, '劉小綠', 'user106@test.com', '$2a$08$yCS07fAGzpewlsMJKomRO.ALXSGsBvTIx6prpU0P1jlxeZn.YBAfy', '', '', '1982-04-15', '女', '0912345783', '新竹市東區東門街106號', '106.png', '2023-08-11', 1497, 'member', NULL, NULL, NULL),
(107, '陳大紅', 'user107@test.com', '$2a$08$yCS07fAGzpewlsMJKomRO.ALXSGsBvTIx6prpU0P1jlxeZn.YBAfy', '', '', '1981-06-27', '男', '0912345784', '台南市南區西門路107號', '107.png', '2023-08-11', 1888, 'member', NULL, NULL, NULL),
(108, '張小綠', 'user108@test.com', '$2a$08$yCS07fAGzpewlsMJKomRO.ALXSGsBvTIx6prpU0P1jlxeZn.YBAfy', '', '', '1980-08-08', '女', '0912345785', '新北市三重區中正北路108號', '108.png', '2023-08-11', 1948, 'member', NULL, NULL, NULL),
(109, '林大紅', 'user109@test.com', '$2a$08$yCS07fAGzpewlsMJKomRO.ALXSGsBvTIx6prpU0P1jlxeZn.YBAfy', '', '', '1979-10-20', '男', '0912345786', '台中市北區建國北路109號', '109.png', '2023-08-11', 1078, 'member', NULL, NULL, NULL),
(110, '王小綠', 'user110@test.com', '$2a$08$yCS07fAGzpewlsMJKomRO.ALXSGsBvTIx6prpU0P1jlxeZn.YBAfy', '', '', '1978-12-01', '女', '0912345787', '台北市中山區松江路110號', '110.png', '2023-08-11', 2524, 'member', NULL, NULL, NULL),
(111, '陳大紅', 'user111@test.com', '$2a$08$yCS07fAGzpewlsMJKomRO.ALXSGsBvTIx6prpU0P1jlxeZn.YBAfy', '', '', '1977-01-12', '男', '0912345788', '新竹市東區東門街111號', '111.png', '2023-08-11', 405, 'member', NULL, NULL, NULL),
(112, '張小綠', 'user112@test.com', '$2a$08$yCS07fAGzpewlsMJKomRO.ALXSGsBvTIx6prpU0P1jlxeZn.YBAfy', '', '', '1976-03-24', '女', '0912345789', '台南市南區西門路112號', '112.png', '2023-08-11', 426, 'member', NULL, NULL, NULL),
(113, '林大紅', 'user113@test.com', '$2a$08$yCS07fAGzpewlsMJKomRO.ALXSGsBvTIx6prpU0P1jlxeZn.YBAfy', '', '', '1975-05-05', '男', '0912345790', '新北市三重區中正北路113號', '113.png', '2023-08-11', 906, 'member', NULL, NULL, NULL),
(114, '王小綠', 'user114@test.com', '$2a$08$yCS07fAGzpewlsMJKomRO.ALXSGsBvTIx6prpU0P1jlxeZn.YBAfy', '', '', '1974-07-17', '女', '0912345791', '台中市北區建國北路114號', '114.png', '2023-08-11', 252, 'member', NULL, NULL, NULL),
(115, '劉大紅', 'user115@test.com', '$2a$08$yCS07fAGzpewlsMJKomRO.ALXSGsBvTIx6prpU0P1jlxeZn.YBAfy', '', '', '1973-09-29', '男', '0912345792', '台北市中山區松江路115號', '115.png', '2023-08-11', 1521, 'member', NULL, NULL, NULL),
(116, '陳小綠', 'user116@test.com', '$2a$08$yCS07fAGzpewlsMJKomRO.ALXSGsBvTIx6prpU0P1jlxeZn.YBAfy', '', '', '1972-11-10', '女', '0912345793', '新竹市東區東門街116號', '116.png', '2023-08-11', 861, 'member', NULL, NULL, NULL),
(117, '張大紅', 'user117@test.com', '$2a$08$yCS07fAGzpewlsMJKomRO.ALXSGsBvTIx6prpU0P1jlxeZn.YBAfy', '', '', '1971-01-22', '男', '0912345794', '台南市南區西門路117號', '117.png', '2023-08-11', 2721, 'member', NULL, NULL, NULL),
(118, '林小綠', 'user118@test.com', '$2a$08$yCS07fAGzpewlsMJKomRO.ALXSGsBvTIx6prpU0P1jlxeZn.YBAfy', '', '', '1970-03-04', '女', '0912345795', '新北市三重區中正北路118號', '118.png', '2023-08-11', 2038, 'member', NULL, NULL, NULL),
(119, '王大紅', 'user119@test.com', '$2a$08$yCS07fAGzpewlsMJKomRO.ALXSGsBvTIx6prpU0P1jlxeZn.YBAfy', '', '', '1969-05-16', '男', '0912345796', '台中市北區建國北路119號', '119.png', '2023-08-11', 2021, 'member', NULL, NULL, NULL),
(120, '劉小綠', 'user120@test.com', '$2a$08$yCS07fAGzpewlsMJKomRO.ALXSGsBvTIx6prpU0P1jlxeZn.YBAfy', '', '', '1968-07-28', '女', '0912345797', '台北市中山區松江路120號', '120.png', '2023-08-11', 989, 'member', NULL, NULL, NULL),
(121, '陳大紅', 'user121@test.com', '$2a$08$yCS07fAGzpewlsMJKomRO.ALXSGsBvTIx6prpU0P1jlxeZn.YBAfy', '', '', '1967-10-09', '男', '0912345798', '新竹市東區東門街121號', '121.png', '2023-08-11', 1864, 'member', NULL, NULL, NULL),
(122, '張小綠', 'user122@test.com', '$2a$08$yCS07fAGzpewlsMJKomRO.ALXSGsBvTIx6prpU0P1jlxeZn.YBAfy', '', '', '1966-12-21', '女', '0912345799', '台南市南區西門路122號', '122.png', '2023-08-11', 361, 'member', NULL, NULL, NULL),
(123, '林大紅', 'user123@test.com', '$2a$08$yCS07fAGzpewlsMJKomRO.ALXSGsBvTIx6prpU0P1jlxeZn.YBAfy', '', '', '1965-02-02', '男', '0912345800', '新北市三重區中正北路123號', '123.png', '2023-08-11', 2184, 'member', NULL, NULL, NULL),
(124, '王小綠', 'user124@test.com', '$2a$08$yCS07fAGzpewlsMJKomRO.ALXSGsBvTIx6prpU0P1jlxeZn.YBAfy', '', '', '1964-04-14', '女', '0912345801', '台中市北區建國北路124號', '124.png', '2023-08-11', 855, 'member', NULL, NULL, NULL),
(125, '劉大紅', 'user125@test.com', '$2a$08$yCS07fAGzpewlsMJKomRO.ALXSGsBvTIx6prpU0P1jlxeZn.YBAfy', '', '', '1963-06-26', '男', '0912345802', '台北市中山區松江路125號', '125.png', '2023-08-11', 705, 'member', NULL, NULL, NULL),
(126, '陳小綠', 'user126@test.com', '$2a$08$yCS07fAGzpewlsMJKomRO.ALXSGsBvTIx6prpU0P1jlxeZn.YBAfy', '', '', '1962-08-08', '女', '0912345803', '新竹市東區東門街126號', '126.png', '2023-08-11', 950, 'member', NULL, NULL, NULL),
(127, '張大紅', 'user127@test.com', '$2a$08$yCS07fAGzpewlsMJKomRO.ALXSGsBvTIx6prpU0P1jlxeZn.YBAfy', '', '', '1961-10-20', '男', '0912345804', '台南市南區西門路127號', '127.png', '2023-08-11', 2626, 'member', NULL, NULL, NULL),
(128, '林小綠', 'user128@test.com', '$2a$08$yCS07fAGzpewlsMJKomRO.ALXSGsBvTIx6prpU0P1jlxeZn.YBAfy', '', '', '1960-12-01', '女', '0912345805', '新北市三重區中正北路128號', '128.png', '2023-08-11', 1298, 'member', NULL, NULL, NULL),
(129, '王大紅', 'user129@test.com', '$2a$08$yCS07fAGzpewlsMJKomRO.ALXSGsBvTIx6prpU0P1jlxeZn.YBAfy', '', '', '1959-01-13', '男', '0912345806', '台中市北區建國北路129號', '129.png', '2023-08-11', 1592, 'member', NULL, NULL, NULL),
(130, '劉小綠', 'user130@test.com', '$2a$08$yCS07fAGzpewlsMJKomRO.ALXSGsBvTIx6prpU0P1jlxeZn.YBAfy', '', '', '1958-03-25', '女', '0912345807', '台北市中山區松江路130號', '130.png', '2023-08-11', 1068, 'member', NULL, NULL, NULL),
(131, '陳大紅', 'user131@test.com', '$2a$08$yCS07fAGzpewlsMJKomRO.ALXSGsBvTIx6prpU0P1jlxeZn.YBAfy', '', '', '1957-05-06', '男', '0912345808', '新竹市東區東門街131號', '131.png', '2023-08-11', 552, 'member', NULL, NULL, NULL),
(132, '張小綠', 'user132@test.com', '$2a$08$yCS07fAGzpewlsMJKomRO.ALXSGsBvTIx6prpU0P1jlxeZn.YBAfy', '', '', '1956-07-18', '女', '0912345809', '台南市南區西門路132號', '132.png', '2023-08-11', 2537, 'member', NULL, NULL, NULL),
(133, '林大紅', 'user133@test.com', '$2a$08$yCS07fAGzpewlsMJKomRO.ALXSGsBvTIx6prpU0P1jlxeZn.YBAfy', '', '', '1955-09-30', '男', '0912345810', '新北市三重區中正北路133號', '133.png', '2023-08-11', 2049, 'member', NULL, NULL, NULL),
(134, '王小綠', 'user134@test.com', '$2a$08$yCS07fAGzpewlsMJKomRO.ALXSGsBvTIx6prpU0P1jlxeZn.YBAfy', '', '', '1954-12-12', '女', '0912345811', '台中市北區建國北路134號', '134.png', '2023-08-11', 2623, 'member', NULL, NULL, NULL),
(135, '劉大紅', 'user135@test.com', '$2a$08$yCS07fAGzpewlsMJKomRO.ALXSGsBvTIx6prpU0P1jlxeZn.YBAfy', '', '', '1953-02-23', '男', '0912345812', '台北市中山區松江路135號', '135.png', '2023-08-11', 979, 'member', NULL, NULL, NULL),
(136, '陳小綠', 'user136@test.com', '$2a$08$yCS07fAGzpewlsMJKomRO.ALXSGsBvTIx6prpU0P1jlxeZn.YBAfy', '', '', '1952-05-07', '女', '0912345813', '新竹市東區東門街136號', '136.png', '2023-08-11', 2996, 'member', NULL, NULL, NULL),
(137, '張大紅', 'user137@test.com', '$2a$08$yCS07fAGzpewlsMJKomRO.ALXSGsBvTIx6prpU0P1jlxeZn.YBAfy', '', '', '1951-07-19', '男', '0912345814', '台南市南區西門路137號', '137.png', '2023-08-11', 71, 'member', NULL, NULL, NULL),
(138, '林小綠', 'user138@test.com', '$2a$08$yCS07fAGzpewlsMJKomRO.ALXSGsBvTIx6prpU0P1jlxeZn.YBAfy', '', '', '1950-09-30', '女', '0912345815', '新北市三重區中正北路138號', '138.png', '2023-08-11', 330, 'member', NULL, NULL, NULL),
(139, '王大紅', 'user139@test.com', '$2a$08$yCS07fAGzpewlsMJKomRO.ALXSGsBvTIx6prpU0P1jlxeZn.YBAfy', '', '', '1949-12-12', '男', '0912345816', '台中市北區建國北路139號', '139.png', '2023-08-11', 1428, 'member', NULL, NULL, NULL),
(140, '劉小綠', 'user140@test.com', '$2a$08$yCS07fAGzpewlsMJKomRO.ALXSGsBvTIx6prpU0P1jlxeZn.YBAfy', '', '', '1948-02-24', '女', '0912345817', '台北市中山區松江路140號', '140.png', '2023-08-11', 156, 'member', NULL, NULL, NULL),
(141, '陳大紅', 'user141@test.com', '$2a$08$yCS07fAGzpewlsMJKomRO.ALXSGsBvTIx6prpU0P1jlxeZn.YBAfy', '', '', '1947-05-06', '男', '0912345818', '新竹市東區東門街141號', '141.png', '2023-08-11', 2472, 'member', NULL, NULL, NULL),
(142, '張小綠', 'user142@test.com', '$2a$08$yCS07fAGzpewlsMJKomRO.ALXSGsBvTIx6prpU0P1jlxeZn.YBAfy', '', '', '1946-07-18', '女', '0912345819', '台南市南區西門路142號', '142.png', '2023-08-11', 2906, 'member', NULL, NULL, NULL),
(143, '林大紅', 'user143@test.com', '$2a$08$yCS07fAGzpewlsMJKomRO.ALXSGsBvTIx6prpU0P1jlxeZn.YBAfy', '', '', '1945-09-30', '男', '0912345820', '新北市三重區中正北路143號', '143.png', '2023-08-11', 1126, 'member', NULL, NULL, NULL),
(144, '王小綠', 'user144@test.com', '$2a$08$yCS07fAGzpewlsMJKomRO.ALXSGsBvTIx6prpU0P1jlxeZn.YBAfy', '', '', '1944-12-12', '女', '0912345821', '台中市北區建國北路144號', '144.png', '2023-08-11', 2883, 'member', NULL, NULL, NULL),
(145, '劉大紅', 'user145@test.com', '$2a$08$yCS07fAGzpewlsMJKomRO.ALXSGsBvTIx6prpU0P1jlxeZn.YBAfy', '', '', '1943-02-23', '男', '0912345822', '台北市中山區松江路145號', '145.png', '2023-08-11', 2055, 'member', NULL, NULL, NULL),
(146, '陳小綠', 'user146@test.com', '$2a$08$yCS07fAGzpewlsMJKomRO.ALXSGsBvTIx6prpU0P1jlxeZn.YBAfy', '', '', '1942-05-07', '女', '0912345823', '新竹市東區東門街146號', '146.png', '2023-08-11', 1617, 'member', NULL, NULL, NULL),
(147, '張大紅', 'user147@test.com', '$2a$08$yCS07fAGzpewlsMJKomRO.ALXSGsBvTIx6prpU0P1jlxeZn.YBAfy', '', '', '1941-07-19', '男', '0912345824', '台南市南區西門路147號', '147.png', '2023-08-11', 1911, 'member', NULL, NULL, NULL),
(148, '林小綠', 'user148@test.com', '$2a$08$yCS07fAGzpewlsMJKomRO.ALXSGsBvTIx6prpU0P1jlxeZn.YBAfy', '', '', '1940-09-30', '女', '0912345825', '新北市三重區中正北路148號', '148.png', '2023-08-11', 1702, 'member', NULL, NULL, NULL),
(149, '王大紅', 'user149@test.com', '$2a$08$yCS07fAGzpewlsMJKomRO.ALXSGsBvTIx6prpU0P1jlxeZn.YBAfy', '', '', '1939-12-12', '男', '0912345826', '台中市北區建國北路149號', '149.png', '2023-08-11', 2767, 'member', NULL, NULL, NULL),
(150, '劉小綠', 'user150@test.com', '$2a$08$yCS07fAGzpewlsMJKomRO.ALXSGsBvTIx6prpU0P1jlxeZn.YBAfy', '', '', '1938-02-25', '女', '0912345827', '台北市中山區松江路150號', '150.png', '2023-08-11', 2738, 'member', NULL, NULL, NULL),
(151, '陳大紅', 'user151@test.com', '$2a$08$yCS07fAGzpewlsMJKomRO.ALXSGsBvTIx6prpU0P1jlxeZn.YBAfy', '', '', '1937-05-06', '男', '0912345828', '新竹市東區東門街151號', '151.png', '2023-08-11', 2387, 'member', NULL, NULL, NULL),
(152, '張小綠', 'user152@test.com', '$2a$08$yCS07fAGzpewlsMJKomRO.ALXSGsBvTIx6prpU0P1jlxeZn.YBAfy', '', '', '1936-07-18', '女', '0912345829', '台南市南區西門路152號', '152.png', '2023-08-11', 723, 'member', NULL, NULL, NULL),
(153, '林大紅', 'user153@test.com', '$2a$08$yCS07fAGzpewlsMJKomRO.ALXSGsBvTIx6prpU0P1jlxeZn.YBAfy', '', '', '1935-09-30', '男', '0912345830', '新北市三重區中正北路153號', '153.png', '2023-08-11', 2427, 'member', NULL, NULL, NULL),
(154, '王小綠', 'user154@test.com', '$2a$08$yCS07fAGzpewlsMJKomRO.ALXSGsBvTIx6prpU0P1jlxeZn.YBAfy', '', '', '1934-12-12', '女', '0912345831', '台中市北區建國北路154號', '154.png', '2023-08-11', 983, 'member', NULL, NULL, NULL),
(155, '劉大紅', 'user155@test.com', '$2a$08$yCS07fAGzpewlsMJKomRO.ALXSGsBvTIx6prpU0P1jlxeZn.YBAfy', '', '', '1933-02-23', '男', '0912345832', '台北市中山區松江路155號', '155.png', '2023-08-11', 617, 'member', NULL, NULL, NULL),
(156, '陳小綠', 'user156@test.com', '$2a$08$yCS07fAGzpewlsMJKomRO.ALXSGsBvTIx6prpU0P1jlxeZn.YBAfy', '', '', '1932-05-07', '女', '0912345833', '新竹市東區東門街156號', '156.png', '2023-08-11', 123, 'member', NULL, NULL, NULL),
(157, '張大紅', 'user157@test.com', '$2a$08$yCS07fAGzpewlsMJKomRO.ALXSGsBvTIx6prpU0P1jlxeZn.YBAfy', '', '', '1931-07-19', '男', '0912345834', '台南市南區西門路157號', '157.png', '2023-08-11', 1748, 'member', NULL, NULL, NULL),
(158, '林小綠', 'user158@test.com', '$2a$08$yCS07fAGzpewlsMJKomRO.ALXSGsBvTIx6prpU0P1jlxeZn.YBAfy', '', '', '1930-09-30', '女', '0912345835', '新北市三重區中正北路158號', '158.png', '2023-08-11', 2381, 'member', NULL, NULL, NULL),
(159, '王大紅', 'user159@test.com', '$2a$08$yCS07fAGzpewlsMJKomRO.ALXSGsBvTIx6prpU0P1jlxeZn.YBAfy', '', '', '1929-12-12', '男', '0912345836', '台中市北區建國北路159號', '159.png', '2023-08-11', 667, 'member', NULL, NULL, NULL),
(160, '劉小綠', 'user160@test.com', '$2a$08$yCS07fAGzpewlsMJKomRO.ALXSGsBvTIx6prpU0P1jlxeZn.YBAfy', '', '', '1928-02-25', '女', '0912345837', '台北市中山區松江路160號', '160.png', '2023-08-11', 2167, 'member', NULL, NULL, NULL),
(161, '陳大青', 'user161@test.com', '$2a$08$yCS07fAGzpewlsMJKomRO.ALXSGsBvTIx6prpU0P1jlxeZn.YBAfy', '', '', '1927-04-06', '男', '0912345838', '新竹市東區東門街161號', '161.png', '2023-08-11', 2839, 'member', NULL, NULL, NULL),
(162, '張小青', 'user162@test.com', '$2a$08$yCS07fAGzpewlsMJKomRO.ALXSGsBvTIx6prpU0P1jlxeZn.YBAfy', '', '', '1926-06-18', '女', '0912345839', '台南市南區西門路162號', '162.png', '2023-08-11', 1705, 'member', NULL, NULL, NULL),
(163, '林大青', 'user163@test.com', '$2a$08$yCS07fAGzpewlsMJKomRO.ALXSGsBvTIx6prpU0P1jlxeZn.YBAfy', '', '', '1925-08-30', '男', '0912345840', '新北市三重區中正北路163號', '163.png', '2023-08-11', 2989, 'member', NULL, NULL, NULL),
(164, '王小青', 'user164@test.com', '$2a$08$yCS07fAGzpewlsMJKomRO.ALXSGsBvTIx6prpU0P1jlxeZn.YBAfy', '', '', '1924-11-12', '女', '0912345841', '台中市北區建國北路164號', '164.png', '2023-08-11', 846, 'member', NULL, NULL, NULL),
(165, '劉大青', 'user165@test.com', '$2a$08$yCS07fAGzpewlsMJKomRO.ALXSGsBvTIx6prpU0P1jlxeZn.YBAfy', '', '', '1923-02-22', '男', '0912345842', '台北市中山區松江路165號', '165.png', '2023-08-11', 1238, 'member', NULL, NULL, NULL),
(166, '陳小青', 'user166@test.com', '$2a$08$yCS07fAGzpewlsMJKomRO.ALXSGsBvTIx6prpU0P1jlxeZn.YBAfy', '', '', '1922-05-07', '女', '0912345843', '新竹市東區東門街166號', '166.png', '2023-08-11', 650, 'member', NULL, NULL, NULL),
(167, '張大青', 'user167@test.com', '$2a$08$yCS07fAGzpewlsMJKomRO.ALXSGsBvTIx6prpU0P1jlxeZn.YBAfy', '', '', '1921-07-19', '男', '0912345844', '台南市南區西門路167號', '167.png', '2023-08-11', 2519, 'member', NULL, NULL, NULL),
(168, '林小青', 'user168@test.com', '$2a$08$yCS07fAGzpewlsMJKomRO.ALXSGsBvTIx6prpU0P1jlxeZn.YBAfy', '', '', '1920-09-30', '女', '0912345845', '新北市三重區中正北路168號', '168.png', '2023-08-11', 1663, 'member', NULL, NULL, NULL),
(169, '王大青', 'user169@test.com', '$2a$08$yCS07fAGzpewlsMJKomRO.ALXSGsBvTIx6prpU0P1jlxeZn.YBAfy', '', '', '1919-12-12', '男', '0912345846', '台中市北區建國北路169號', '169.png', '2023-08-11', 747, 'member', NULL, NULL, NULL),
(170, '劉小青', 'user170@test.com', '$2a$08$yCS07fAGzpewlsMJKomRO.ALXSGsBvTIx6prpU0P1jlxeZn.YBAfy', '', '', '1918-02-24', '女', '0912345847', '台北市中山區松江路170號', '170.png', '2023-08-11', 1728, 'member', NULL, NULL, NULL),
(171, '陳大紅', 'user171@test.com', '$2a$08$yCS07fAGzpewlsMJKomRO.ALXSGsBvTIx6prpU0P1jlxeZn.YBAfy', '', '', '1965-04-06', '女', '0912345848', '新竹市東區東門街171號', '171.png', '2023-08-11', 410, 'member', NULL, NULL, NULL),
(172, '張大紅', 'user172@test.com', '$2a$08$yCS07fAGzpewlsMJKomRO.ALXSGsBvTIx6prpU0P1jlxeZn.YBAfy', '', '', '1963-06-18', '女', '0912345849', '台南市南區西門路172號', '172.png', '2023-08-11', 2835, 'member', NULL, NULL, NULL),
(173, '林大紅', 'user173@test.com', '$2a$08$yCS07fAGzpewlsMJKomRO.ALXSGsBvTIx6prpU0P1jlxeZn.YBAfy', '', '', '1961-08-30', '女', '0912345850', '新北市三重區中正北路173號', '173.png', '2023-08-11', 972, 'member', NULL, NULL, NULL),
(174, '王大紅', 'user174@test.com', '$2a$08$yCS07fAGzpewlsMJKomRO.ALXSGsBvTIx6prpU0P1jlxeZn.YBAfy', '', '', '1959-11-12', '女', '0912345851', '台中市北區建國北路174號', '174.png', '2023-08-11', 2328, 'member', NULL, NULL, NULL),
(175, '劉大紅', 'user175@test.com', '$2a$08$yCS07fAGzpewlsMJKomRO.ALXSGsBvTIx6prpU0P1jlxeZn.YBAfy', '', '', '1957-02-22', '女', '0912345852', '台北市中山區松江路175號', '175.png', '2023-08-11', 2734, 'member', NULL, NULL, NULL),
(176, '陳大橙', 'user176@test.com', '$2a$08$yCS07fAGzpewlsMJKomRO.ALXSGsBvTIx6prpU0P1jlxeZn.YBAfy', '', '', '1955-05-07', '男', '0912345853', '新竹市東區東門街176號', '176.png', '2023-08-11', 695, 'member', NULL, NULL, NULL),
(177, '張大橙', 'user177@test.com', '$2a$08$yCS07fAGzpewlsMJKomRO.ALXSGsBvTIx6prpU0P1jlxeZn.YBAfy', '', '', '1953-07-19', '男', '0912345854', '台南市南區西門路177號', '177.png', '2023-08-11', 1244, 'member', NULL, NULL, NULL),
(178, '林大橙', 'user178@test.com', '$2a$08$yCS07fAGzpewlsMJKomRO.ALXSGsBvTIx6prpU0P1jlxeZn.YBAfy', '', '', '1951-09-30', '男', '0912345855', '新北市三重區中正北路178號', '178.png', '2023-08-11', 1137, 'member', NULL, NULL, NULL),
(179, '王大橙', 'user179@test.com', '$2a$08$yCS07fAGzpewlsMJKomRO.ALXSGsBvTIx6prpU0P1jlxeZn.YBAfy', '', '', '1949-12-12', '男', '0912345856', '台中市北區建國北路179號', '179.png', '2023-08-11', 1940, 'member', NULL, NULL, NULL),
(180, '劉大橙', 'user180@test.com', '$2a$08$yCS07fAGzpewlsMJKomRO.ALXSGsBvTIx6prpU0P1jlxeZn.YBAfy', '', '', '1947-02-24', '男', '0912345857', '台北市中山區松江路180號', '180.png', '2023-08-11', 298, 'member', NULL, NULL, NULL),
(181, '黃大橙', 'user181@test.com', '$2a$08$yCS07fAGzpewlsMJKomRO.ALXSGsBvTIx6prpU0P1jlxeZn.YBAfy', '', '', '1982-05-15', '男', '0912345858', '新北市三重區民族路181號', '181.png', '2023-08-11', 1645, 'member', NULL, NULL, NULL),
(182, '蔡大橙', 'user182@test.com', '$2a$08$yCS07fAGzpewlsMJKomRO.ALXSGsBvTIx6prpU0P1jlxeZn.YBAfy', '', '', '1984-07-27', '男', '0912345859', '台中市南區建國南路182號', '182.png', '2023-08-11', 1338, 'member', NULL, NULL, NULL),
(183, '郭大橙', 'user183@test.com', '$2a$08$yCS07fAGzpewlsMJKomRO.ALXSGsBvTIx6prpU0P1jlxeZn.YBAfy', '', '', '1986-10-08', '男', '0912345860', '高雄市前鎮區中華五路183號', '183.png', '2023-08-11', 1747, 'member', NULL, NULL, NULL),
(184, '黃小紅', 'user184@test.com', '$2a$08$yCS07fAGzpewlsMJKomRO.ALXSGsBvTIx6prpU0P1jlxeZn.YBAfy', '', '', '1988-12-20', '女', '0912345861', '台北市信義區松壽路184號', '184.png', '2023-08-11', 1722, 'member', NULL, NULL, NULL),
(185, '陳小橙', 'user185@test.com', '$2a$08$yCS07fAGzpewlsMJKomRO.ALXSGsBvTIx6prpU0P1jlxeZn.YBAfy', '', '', '1990-02-01', '男', '0912345862', '新北市板橋區文化路185號', '185.png', '2023-08-11', 365, 'member', NULL, NULL, NULL),
(186, '王小紅', 'user186@test.com', '$2a$08$yCS07fAGzpewlsMJKomRO.ALXSGsBvTIx6prpU0P1jlxeZn.YBAfy', '', '', '1992-04-14', '女', '0912345863', '台中市北區健行路186號', '186.png', '2023-08-11', 2634, 'member', NULL, NULL, NULL),
(187, '劉小橙', 'user187@test.com', '$2a$08$yCS07fAGzpewlsMJKomRO.ALXSGsBvTIx6prpU0P1jlxeZn.YBAfy', '', '', '1994-06-26', '男', '0912345864', '高雄市三民區建國三路187號', '187.png', '2023-08-11', 101, 'member', NULL, NULL, NULL),
(188, '張小紅', 'user188@test.com', '$2a$08$yCS07fAGzpewlsMJKomRO.ALXSGsBvTIx6prpU0P1jlxeZn.YBAfy', '', '', '1996-09-07', '女', '0912345865', '台北市大同區承德路188號', '188.png', '2023-08-11', 1564, 'member', NULL, NULL, NULL),
(189, '李小橙', 'user189@test.com', '$2a$08$yCS07fAGzpewlsMJKomRO.ALXSGsBvTIx6prpU0P1jlxeZn.YBAfy', '', '', '1998-11-19', '男', '0912345866', '新北市新店區中正路189號', '189.png', '2023-08-11', 1529, 'member', NULL, NULL, NULL),
(190, '林小紅', 'user190@test.com', '$2a$08$yCS07fAGzpewlsMJKomRO.ALXSGsBvTIx6prpU0P1jlxeZn.YBAfy', '', '', '2000-01-31', '女', '0912345867', '台中市西屯區文心路190號', '190.png', '2023-08-11', 2941, 'member', NULL, NULL, NULL),
(191, '楊小藍', 'user191@test.com', '$2a$08$yCS07fAGzpewlsMJKomRO.ALXSGsBvTIx6prpU0P1jlxeZn.YBAfy', '', '', '1981-06-15', '男', '0912345868', '新北市永和區保生路191號', '191.png', '2023-08-11', 1134, 'member', NULL, NULL, NULL),
(192, '蔡小綠', 'user192@test.com', '$2a$08$yCS07fAGzpewlsMJKomRO.ALXSGsBvTIx6prpU0P1jlxeZn.YBAfy', '', '', '1983-08-27', '女', '0912345869', '台中市北區忠明路192號', '192.png', '2023-08-11', 2822, 'member', NULL, NULL, NULL),
(193, '陳小藍', 'user193@test.com', '$2a$08$yCS07fAGzpewlsMJKomRO.ALXSGsBvTIx6prpU0P1jlxeZn.YBAfy', '', '', '1985-10-08', '男', '0912345870', '高雄市三民區建國南路193號', '193.png', '2023-08-11', 1727, 'member', NULL, NULL, NULL),
(194, '張小綠', 'user194@test.com', '$2a$08$yCS07fAGzpewlsMJKomRO.ALXSGsBvTIx6prpU0P1jlxeZn.YBAfy', '', '', '1987-12-20', '女', '0912345871', '台北市信義區松壽路194號', '194.png', '2023-08-11', 157, 'member', NULL, NULL, NULL),
(195, '李小藍', 'user195@test.com', '$2a$08$yCS07fAGzpewlsMJKomRO.ALXSGsBvTIx6prpU0P1jlxeZn.YBAfy', '', '', '1989-02-01', '男', '0912345872', '新北市板橋區文化路195號', '195.png', '2023-08-11', 1578, 'member', NULL, NULL, NULL),
(196, '王小綠', 'user196@test.com', '$2a$08$yCS07fAGzpewlsMJKomRO.ALXSGsBvTIx6prpU0P1jlxeZn.YBAfy', '', '', '1991-04-14', '女', '0912345873', '台中市南區建國北路196號', '196.png', '2023-08-11', 1425, 'member', NULL, NULL, NULL),
(197, '林小藍', 'user197@test.com', '$2a$08$yCS07fAGzpewlsMJKomRO.ALXSGsBvTIx6prpU0P1jlxeZn.YBAfy', '', '', '1993-06-26', '男', '0912345874', '高雄市前鎮區中山路197號', '197.png', '2023-08-11', 2383, 'member', NULL, NULL, NULL),
(198, '黃小綠', 'user198@test.com', '$2a$08$yCS07fAGzpewlsMJKomRO.ALXSGsBvTIx6prpU0P1jlxeZn.YBAfy', '', '', '1995-09-07', '女', '0912345875', '台北市大同區承德路198號', '198.png', '2023-08-11', 1649, 'member', NULL, NULL, NULL),
(199, '劉小藍', 'user199@test.com', '$2a$08$yCS07fAGzpewlsMJKomRO.ALXSGsBvTIx6prpU0P1jlxeZn.YBAfy', '', '', '1997-11-19', '男', '0912345876', '新北市新莊區中正路199號', '199.png', '2023-08-11', 1088, 'member', NULL, NULL, NULL),
(200, '葉小綠', 'user200@test.com', '$2a$08$yCS07fAGzpewlsMJKomRO.ALXSGsBvTIx6prpU0P1jlxeZn.YBAfy', '', '', '1999-01-31', '女', '0912345877', '台中市西屯區文心路200號', '1693370044233LOGO1.png', '2023-08-11', 481, 'member', NULL, NULL, NULL),
(201, '周小橘', 'user201@test.com', '$2a$08$yCS07fAGzpewlsMJKomRO.ALXSGsBvTIx6prpU0P1jlxeZn.YBAfy', '', '', '1982-07-16', '男', '0912345878', '台北市大安區仁愛路201號', '201.png', '2023-08-11', 2123, 'member', NULL, NULL, NULL),
(202, '吳小紅', 'user202@test.com', '$2a$08$yCS07fAGzpewlsMJKomRO.ALXSGsBvTIx6prpU0P1jlxeZn.YBAfy', '', '', '1984-09-28', '女', '0912345879', '新北市新店區中正路202號', '202.png', '2023-08-11', 191, 'member', NULL, NULL, NULL),
(203, '劉小橘', 'user203@test.com', '$2a$08$yCS07fAGzpewlsMJKomRO.ALXSGsBvTIx6prpU0P1jlxeZn.YBAfy', '', '', '1986-12-10', '男', '0912345880', '台中市北區三民路203號', '203.png', '2023-08-11', 559, 'member', NULL, NULL, NULL),
(204, '林小紅', 'user204@test.com', '$2a$08$yCS07fAGzpewlsMJKomRO.ALXSGsBvTIx6prpU0P1jlxeZn.YBAfy', '', '', '1988-02-22', '女', '0912345881', '高雄市左營區明誠路204號', '204.png', '2023-08-11', 2211, 'member', NULL, NULL, NULL),
(205, '陳小橘', 'user205@test.com', '$2a$08$yCS07fAGzpewlsMJKomRO.ALXSGsBvTIx6prpU0P1jlxeZn.YBAfy', '', '', '1990-05-05', '男', '0912345882', '台北市中山區南京東路205號', '205.png', '2023-08-11', 398, 'member', NULL, NULL, NULL),
(206, '張小紅', 'user206@test.com', '$2a$08$yCS07fAGzpewlsMJKomRO.ALXSGsBvTIx6prpU0P1jlxeZn.YBAfy', '', '', '1992-07-17', '女', '0912345883', '新北市永和區得和路206號', '206.png', '2023-08-11', 1327, 'member', NULL, NULL, NULL),
(207, '王小橘', 'user207@test.com', '$2a$08$yCS07fAGzpewlsMJKomRO.ALXSGsBvTIx6prpU0P1jlxeZn.YBAfy', '', '', '1994-09-29', '男', '0912345884', '台中市西區民生路207號', '207.png', '2023-08-11', 2441, 'member', NULL, NULL, NULL),
(208, '黃小紅', 'user208@test.com', '$2a$08$yCS07fAGzpewlsMJKomRO.ALXSGsBvTIx6prpU0P1jlxeZn.YBAfy', '', '', '1996-12-11', '女', '0912345885', '高雄市前金區中山二路208號', '208.png', '2023-08-11', 2233, 'member', NULL, NULL, NULL),
(209, '林小橘', 'user209@test.com', '$2a$08$yCS07fAGzpewlsMJKomRO.ALXSGsBvTIx6prpU0P1jlxeZn.YBAfy', '', '', '1998-02-23', '男', '0912345886', '台北市大同區民權西路209號', '209.png', '2023-08-11', 843, 'member', NULL, NULL, NULL),
(210, '許小紅', 'user210@test.com', '$2a$08$yCS07fAGzpewlsMJKomRO.ALXSGsBvTIx6prpU0P1jlxeZn.YBAfy', '', '', '2000-05-06', '女', '0912345887', '新北市三峽區中正路210號', '210.png', '2023-08-11', 459, 'member', NULL, NULL, NULL),
(211, '蔡小橘', 'user211@test.com', '$2a$08$yCS07fAGzpewlsMJKomRO.ALXSGsBvTIx6prpU0P1jlxeZn.YBAfy', '', '', '1981-07-16', '男', '0912345888', '台北市士林區中正路211號', '1693242474896apynHf-E4fz.png', '2023-08-11', 2935, 'member', NULL, NULL, NULL),
(212, '曾小紅', 'user212@test.com', '$2a$08$yCS07fAGzpewlsMJKomRO.ALXSGsBvTIx6prpU0P1jlxeZn.YBAfy', '', '', '1983-09-28', '女', '0912345889', '新北市三重區重陽路212號', '212.png', '2023-08-11', 1214, 'member', NULL, NULL, NULL),
(213, '黃小橘', 'user213@test.com', '$2a$08$yCS07fAGzpewlsMJKomRO.ALXSGsBvTIx6prpU0P1jlxeZn.YBAfy', '', '', '1985-12-10', '男', '0912345890', '台中市南區南京東路213號', '213.png', '2023-08-11', 244, 'member', NULL, NULL, NULL),
(214, '林小紅', 'user214@test.com', '$2a$08$yCS07fAGzpewlsMJKomRO.ALXSGsBvTIx6prpU0P1jlxeZn.YBAfy', '', '', '1987-02-22', '女', '0912345891', '高雄市鼓山區美術東六路214號', '214.png', '2023-08-11', 561, 'member', NULL, NULL, NULL),
(215, '張小橘', 'user215@test.com', '$2a$08$yCS07fAGzpewlsMJKomRO.ALXSGsBvTIx6prpU0P1jlxeZn.YBAfy', '', '', '1989-05-05', '男', '0912345892', '台北市信義區忠孝東路215號', '215.png', '2023-08-11', 2062, 'member', NULL, NULL, NULL),
(216, '許小紅', 'user216@test.com', '$2a$08$yCS07fAGzpewlsMJKomRO.ALXSGsBvTIx6prpU0P1jlxeZn.YBAfy', '', '', '1991-07-17', '女', '0912345893', '新北市永和區中正路216號', '216.png', '2023-08-11', 2636, 'member', NULL, NULL, NULL),
(217, '陳小橘', 'user217@test.com', '$2a$08$yCS07fAGzpewlsMJKomRO.ALXSGsBvTIx6prpU0P1jlxeZn.YBAfy', '', '', '1993-09-29', '男', '0912345894', '台中市北區三民路217號', '16932731393084564867687678.jpg', '2023-08-11', 1005, 'member', NULL, NULL, NULL),
(218, '吳小紅', 'user218@test.com', '$2a$08$yCS07fAGzpewlsMJKomRO.ALXSGsBvTIx6prpU0P1jlxeZn.YBAfy', '', '', '1995-12-11', '女', '0912345895', '高雄市左營區明誠路218號', '218.png', '2023-08-11', 95, 'member', NULL, NULL, NULL),
(219, '王小橘', 'user219@test.com', '$2a$08$yCS07fAGzpewlsMJKomRO.ALXSGsBvTIx6prpU0P1jlxeZn.YBAfy', '', '', '1997-02-23', '男', '0912345896', '台北市大同區民權西路219號', '219.png', '2023-08-11', 443, 'member', NULL, NULL, NULL),
(220, '劉小紅', 'user220@test.com', '$2a$08$yCS07fAGzpewlsMJKomRO.ALXSGsBvTIx6prpU0P1jlxeZn.YBAfy', '', '', '1999-05-06', '女', '0912345897', '新北市三峽區中正路220號', '220.png', '2023-08-11', 1921, 'member', NULL, NULL, NULL),
(221, '楊小橘', 'user231@test.com', '$2a$08$yCS07fAGzpewlsMJKomRO.ALXSGsBvTIx6prpU0P1jlxeZn.YBAfy', '', '', '1981-07-16', '男', '0912345998', '台北市中山區民生東路231號', '221.png', '2023-08-11', 2282, 'member', NULL, NULL, NULL),
(222, '陳小紅', 'user232@test.com', '$2a$08$yCS07fAGzpewlsMJKomRO.ALXSGsBvTIx6prpU0P1jlxeZn.YBAfy', '', '', '1983-09-28', '女', '0912345999', '新北市三重區重陽路232號', '222.png', '2023-08-11', 2649, 'member', NULL, NULL, NULL),
(223, '林小橘', 'user233@test.com', '$2a$08$yCS07fAGzpewlsMJKomRO.ALXSGsBvTIx6prpU0P1jlxeZn.YBAfy', '', '', '1985-12-10', '男', '0912346000', '台中市南區南京東路233號', '223.png', '2023-08-11', 407, 'member', NULL, NULL, NULL),
(224, '黃小紅', 'user234@test.com', '$2a$08$yCS07fAGzpewlsMJKomRO.ALXSGsBvTIx6prpU0P1jlxeZn.YBAfy', '', '', '1987-02-22', '女', '0912346001', '高雄市鼓山區美術東六路234號', '224.png', '2023-08-11', 59, 'member', NULL, NULL, NULL),
(225, '蔡小橘', 'user235@test.com', '$2a$08$yCS07fAGzpewlsMJKomRO.ALXSGsBvTIx6prpU0P1jlxeZn.YBAfy', '', '', '1989-05-05', '男', '0912346002', '台北市信義區忠孝東路235號', '225.png', '2023-08-11', 2055, 'member', NULL, NULL, NULL),
(226, '曾小紅', 'user236@test.com', '$2a$08$yCS07fAGzpewlsMJKomRO.ALXSGsBvTIx6prpU0P1jlxeZn.YBAfy', '', '', '1991-07-17', '女', '0912346003', '新北市永和區中正路236號', '226.png', '2023-08-11', 1115, 'member', NULL, NULL, NULL),
(227, '王小橘', 'user237@test.com', '$2a$08$yCS07fAGzpewlsMJKomRO.ALXSGsBvTIx6prpU0P1jlxeZn.YBAfy', '', '', '1993-09-29', '男', '0912346004', '台中市北區三民路237號', '227.png', '2023-08-11', 2394, 'member', NULL, NULL, NULL),
(228, '吳小紅', 'user238@test.com', '$2a$08$yCS07fAGzpewlsMJKomRO.ALXSGsBvTIx6prpU0P1jlxeZn.YBAfy', '', '', '1995-12-11', '女', '0912346005', '高雄市左營區明誠路238號', '228.png', '2023-08-11', 2633, 'member', NULL, NULL, NULL),
(229, '劉小橘', 'user239@test.com', '$2a$08$yCS07fAGzpewlsMJKomRO.ALXSGsBvTIx6prpU0P1jlxeZn.YBAfy', '', '', '1997-02-23', '男', '0912346006', '台北市大同區民權西路239號', '229.png', '2023-08-11', 2981, 'member', NULL, NULL, NULL),
(230, '許小紅', 'user240@test.com', '$2a$08$yCS07fAGzpewlsMJKomRO.ALXSGsBvTIx6prpU0P1jlxeZn.YBAfy', '', '', '1999-05-06', '女', '0912346007', '新北市三峽區中正路240號', '230.png', '2023-08-11', 1015, 'member', NULL, NULL, NULL),
(231, '張小橘', 'user241@test.com', '$2a$08$yCS07fAGzpewlsMJKomRO.ALXSGsBvTIx6prpU0P1jlxeZn.YBAfy', '', '', '1981-07-16', '男', '0912346008', '台北市中山區民生東路241號', '231.png', '2023-08-11', 2103, 'member', NULL, NULL, NULL),
(232, '許小紅', 'user242@test.com', '$2a$08$yCS07fAGzpewlsMJKomRO.ALXSGsBvTIx6prpU0P1jlxeZn.YBAfy', '', '', '1983-09-28', '女', '0912346009', '新北市三重區重陽路242號', '232.png', '2023-08-11', 1481, 'member', NULL, NULL, NULL),
(233, '蔡小橘', 'user243@test.com', '$2a$08$yCS07fAGzpewlsMJKomRO.ALXSGsBvTIx6prpU0P1jlxeZn.YBAfy', '', '', '1985-12-10', '男', '0912346010', '台中市南區南京東路243號', '233.png', '2023-08-11', 1084, 'member', NULL, NULL, NULL),
(234, '陳小紅', 'user244@test.com', '$2a$08$yCS07fAGzpewlsMJKomRO.ALXSGsBvTIx6prpU0P1jlxeZn.YBAfy', '', '', '1987-02-22', '女', '0912346011', '高雄市鼓山區美術東六路244號', '234.png', '2023-08-11', 969, 'member', NULL, NULL, NULL);
INSERT INTO `client` (`client_id`, `client_name`, `email`, `passwd`, `google_uid`, `photo_url`, `birthday`, `gender`, `phone`, `client_address`, `avatar`, `join_date`, `client_point`, `client_level`, `line_uid`, `line_access_token`, `fb_uid`) VALUES
(235, '林小橘', 'user245@test.com', '$2a$08$yCS07fAGzpewlsMJKomRO.ALXSGsBvTIx6prpU0P1jlxeZn.YBAfy', '', '', '1989-05-05', '男', '0912346012', '台北市信義區忠孝東路245號', '235.png', '2023-08-11', 1582, 'member', NULL, NULL, NULL),
(236, '王小紅', 'user246@test.com', '$2a$08$yCS07fAGzpewlsMJKomRO.ALXSGsBvTIx6prpU0P1jlxeZn.YBAfy', '', '', '1991-07-17', '女', '0912346013', '新北市永和區中正路246號', '236.png', '2023-08-11', 2005, 'member', NULL, NULL, NULL),
(237, '劉小橘', 'user247@test.com', '$2a$08$yCS07fAGzpewlsMJKomRO.ALXSGsBvTIx6prpU0P1jlxeZn.YBAfy', '', '', '1993-09-29', '男', '0912346014', '台中市北區三民路247號', '237.png', '2023-08-11', 2277, 'member', NULL, NULL, NULL),
(238, '黃小紅', 'user248@test.com', '$2a$08$yCS07fAGzpewlsMJKomRO.ALXSGsBvTIx6prpU0P1jlxeZn.YBAfy', '', '', '1995-12-11', '女', '0912346015', '高雄市左營區明誠路248號', '238.png', '2023-08-11', 2369, 'member', NULL, NULL, NULL),
(239, '吳小橘', 'user249@test.com', '$2a$08$yCS07fAGzpewlsMJKomRO.ALXSGsBvTIx6prpU0P1jlxeZn.YBAfy', '', '', '1997-02-23', '男', '0912346016', '台北市大同區民權西路249號', '239.png', '2023-08-11', 2013, 'member', NULL, NULL, NULL),
(240, '楊小紅', 'user250@test.com', '$2a$08$yCS07fAGzpewlsMJKomRO.ALXSGsBvTIx6prpU0P1jlxeZn.YBAfy', '', '', '1999-05-06', '女', '0912346017', '新北市三峽區中正路250號', '240.png', '2023-08-11', 2947, 'member', NULL, NULL, NULL),
(241, '周小橘', 'user251@test.com', '$2a$08$yCS07fAGzpewlsMJKomRO.ALXSGsBvTIx6prpU0P1jlxeZn.YBAfy', '', '', '1982-08-16', '男', '0912347001', '台北市中山區民生東路251號', '241.png', '2023-08-11', 2708, 'member', NULL, NULL, NULL),
(242, '葉小紅', 'user252@test.com', '$2a$08$yCS07fAGzpewlsMJKomRO.ALXSGsBvTIx6prpU0P1jlxeZn.YBAfy', '', '', '1984-10-29', '女', '0912347002', '新北市三重區重陽路252號', '242.png', '2023-08-11', 1696, 'member', NULL, NULL, NULL),
(243, '劉小橘', 'user253@test.com', '$2a$08$yCS07fAGzpewlsMJKomRO.ALXSGsBvTIx6prpU0P1jlxeZn.YBAfy', '', '', '1986-01-10', '男', '0912347003', '台中市南區南京東路253號', '243.png', '2023-08-11', 347, 'member', NULL, NULL, NULL),
(244, '陳小紅', 'user254@test.com', '$2a$08$yCS07fAGzpewlsMJKomRO.ALXSGsBvTIx6prpU0P1jlxeZn.YBAfy', '', '', '1988-03-23', '女', '0912347004', '高雄市鼓山區美術東六路254號', '244.png', '2023-08-11', 2618, 'member', NULL, NULL, NULL),
(245, '張小橘', 'user255@test.com', '$2a$08$yCS07fAGzpewlsMJKomRO.ALXSGsBvTIx6prpU0P1jlxeZn.YBAfy', '', '', '1990-06-05', '男', '0912347005', '台北市信義區忠孝東路255號', '245.png', '2023-08-11', 78, 'member', NULL, NULL, NULL),
(246, '許小紅', 'user256@test.com', '$2a$08$yCS07fAGzpewlsMJKomRO.ALXSGsBvTIx6prpU0P1jlxeZn.YBAfy', '', '', '1992-08-17', '女', '0912347006', '新北市永和區中正路256號', '246.png', '2023-08-11', 1498, 'member', NULL, NULL, NULL),
(247, '蔡小橘', 'user257@test.com', '$2a$08$yCS07fAGzpewlsMJKomRO.ALXSGsBvTIx6prpU0P1jlxeZn.YBAfy', '', '', '1994-10-30', '男', '0912347007', '台中市北區三民路257號', '247.png', '2023-08-11', 1264, 'member', NULL, NULL, NULL),
(248, '林小紅', 'user258@test.com', '$2a$08$yCS07fAGzpewlsMJKomRO.ALXSGsBvTIx6prpU0P1jlxeZn.YBAfy', '', '', '1996-01-11', '女', '0912347008', '高雄市左營區明誠路258號', '248.png', '2023-08-11', 1816, 'member', NULL, NULL, NULL),
(249, '王小橘', 'user259@test.com', '$2a$08$yCS07fAGzpewlsMJKomRO.ALXSGsBvTIx6prpU0P1jlxeZn.YBAfy', '', '', '1998-03-24', '男', '0912347009', '台北市大同區民權西路259號', '249.png', '2023-08-11', 2290, 'member', NULL, NULL, NULL),
(250, '吳小紅', 'user260@test.com', '$2a$08$yCS07fAGzpewlsMJKomRO.ALXSGsBvTIx6prpU0P1jlxeZn.YBAfy', '', '', '2000-06-06', '女', '0912347010', '新北市三峽區中正路260號', '250.png', '2023-08-11', 2998, 'member', NULL, NULL, NULL),
(251, '楊小橘', 'user271@test.com', '$2a$08$yCS07fAGzpewlsMJKomRO.ALXSGsBvTIx6prpU0P1jlxeZn.YBAfy', '', '', '1982-08-16', '男', '0912347001', '台北市中山區民生東路271號', '251.png', '2023-08-11', 2132, 'member', NULL, NULL, NULL),
(252, '黃小紅', 'user272@test.com', '$2a$08$yCS07fAGzpewlsMJKomRO.ALXSGsBvTIx6prpU0P1jlxeZn.YBAfy', '', '', '1984-10-29', '女', '0912347002', '新北市三重區重陽路272號', '252.png', '2023-08-11', 1653, 'member', NULL, NULL, NULL),
(253, '呂小橘', 'user273@test.com', '$2a$08$yCS07fAGzpewlsMJKomRO.ALXSGsBvTIx6prpU0P1jlxeZn.YBAfy', '', '', '1986-01-10', '男', '0912347003', '台中市南區南京東路273號', '253.png', '2023-08-11', 1862, 'member', NULL, NULL, NULL),
(254, '張小紅', 'user274@test.com', '$2a$08$yCS07fAGzpewlsMJKomRO.ALXSGsBvTIx6prpU0P1jlxeZn.YBAfy', '', '', '1988-03-23', '女', '0912347004', '高雄市鼓山區美術東六路274號', '254.png', '2023-08-11', 1350, 'member', NULL, NULL, NULL),
(255, '林小橘', 'user275@test.com', '$2a$08$yCS07fAGzpewlsMJKomRO.ALXSGsBvTIx6prpU0P1jlxeZn.YBAfy', '', '', '1990-06-05', '男', '0912347005', '台北市信義區忠孝東路275號', '255.png', '2023-08-11', 1156, 'member', NULL, NULL, NULL),
(256, '陳小紅', 'user276@test.com', '$2a$08$yCS07fAGzpewlsMJKomRO.ALXSGsBvTIx6prpU0P1jlxeZn.YBAfy', '', '', '1992-08-17', '女', '0912347006', '新北市永和區中正路276號', '256.png', '2023-08-11', 1720, 'member', NULL, NULL, NULL),
(257, '李小橘', 'user277@test.com', '$2a$08$yCS07fAGzpewlsMJKomRO.ALXSGsBvTIx6prpU0P1jlxeZn.YBAfy', '', '', '1994-10-30', '男', '0912347007', '台中市北區三民路277號', '257.png', '2023-08-11', 2129, 'member', NULL, NULL, NULL),
(258, '許小紅', 'user278@test.com', '$2a$08$yCS07fAGzpewlsMJKomRO.ALXSGsBvTIx6prpU0P1jlxeZn.YBAfy', '', '', '1996-01-11', '女', '0912347008', '高雄市左營區明誠路278號', '258.png', '2023-08-11', 2487, 'member', NULL, NULL, NULL),
(259, '鄭小橘', 'user279@test.com', '$2a$08$yCS07fAGzpewlsMJKomRO.ALXSGsBvTIx6prpU0P1jlxeZn.YBAfy', '', '', '1998-03-24', '男', '0912347009', '台北市大同區民權西路279號', '259.png', '2023-08-11', 56, 'member', NULL, NULL, NULL),
(260, '黃小紅', 'user280@test.com', '$2a$08$yCS07fAGzpewlsMJKomRO.ALXSGsBvTIx6prpU0P1jlxeZn.YBAfy', '', '', '2000-06-06', '女', '0912347010', '新北市三峽區中正路280號', '260.png', '2023-08-11', 1782, 'member', NULL, NULL, NULL),
(261, '劉小橘', 'user291@test.com', '$2a$08$yCS07fAGzpewlsMJKomRO.ALXSGsBvTIx6prpU0P1jlxeZn.YBAfy', '', '', '1982-08-16', '男', '0912348001', '台北市中山區民生東路291號', '261.png', '2023-08-11', 2752, 'member', NULL, NULL, NULL),
(262, '趙小紅', 'user292@test.com', '$2a$08$yCS07fAGzpewlsMJKomRO.ALXSGsBvTIx6prpU0P1jlxeZn.YBAfy', '', '', '1984-10-29', '女', '0912348002', '新北市三重區重陽路292號', '262.png', '2023-08-11', 2420, 'member', NULL, NULL, NULL),
(263, '吳小橘', 'user293@test.com', '$2a$08$yCS07fAGzpewlsMJKomRO.ALXSGsBvTIx6prpU0P1jlxeZn.YBAfy', '', '', '1986-01-10', '男', '0912348003', '台中市南區南京東路293號', '263.png', '2023-08-11', 846, 'member', NULL, NULL, NULL),
(264, '黃小紅', 'user294@test.com', '$2a$08$yCS07fAGzpewlsMJKomRO.ALXSGsBvTIx6prpU0P1jlxeZn.YBAfy', '', '', '1988-03-23', '女', '0912348004', '高雄市鼓山區美術東六路294號', '264.png', '2023-08-11', 2942, 'member', NULL, NULL, NULL),
(265, '張小橘', 'user295@test.com', '$2a$08$yCS07fAGzpewlsMJKomRO.ALXSGsBvTIx6prpU0P1jlxeZn.YBAfy', '', '', '1990-06-05', '男', '0912348005', '台北市信義區忠孝東路295號', '265.png', '2023-08-11', 200, 'member', NULL, NULL, NULL),
(266, '陳小紅', 'user296@test.com', '$2a$08$yCS07fAGzpewlsMJKomRO.ALXSGsBvTIx6prpU0P1jlxeZn.YBAfy', '', '', '1992-08-17', '女', '0912348006', '新北市永和區中正路296號', '266.png', '2023-08-11', 1135, 'member', NULL, NULL, NULL),
(267, '李小橘', 'user297@test.com', '$2a$08$yCS07fAGzpewlsMJKomRO.ALXSGsBvTIx6prpU0P1jlxeZn.YBAfy', '', '', '1994-10-30', '男', '0912348007', '台中市北區三民路297號', '267.png', '2023-08-11', 2073, 'member', NULL, NULL, NULL),
(268, '許小紅', 'user298@test.com', '$2a$08$yCS07fAGzpewlsMJKomRO.ALXSGsBvTIx6prpU0P1jlxeZn.YBAfy', '', '', '1996-01-11', '女', '0912348008', '高雄市左營區明誠路298號', '268.png', '2023-08-11', 971, 'member', NULL, NULL, NULL),
(269, '鄭小橘', 'user299@test.com', '$2a$08$yCS07fAGzpewlsMJKomRO.ALXSGsBvTIx6prpU0P1jlxeZn.YBAfy', '', '', '1998-03-24', '男', '0912348009', '台北市大同區民權西路299號', '269.png', '2023-08-11', 1619, 'member', NULL, NULL, NULL),
(270, '黃小紅', 'user300@test.com', '$2a$08$yCS07fAGzpewlsMJKomRO.ALXSGsBvTIx6prpU0P1jlxeZn.YBAfy', '', '', '2000-06-06', '女', '0912348010', '新北市三峽區中正路300號', '270.png', '2023-08-11', 2179, 'member', NULL, NULL, NULL),
(271, '周小翠', 'user311@test.com', '$2a$08$yCS07fAGzpewlsMJKomRO.ALXSGsBvTIx6prpU0P1jlxeZn.YBAfy', '', '', '1982-08-16', '女', '0923458001', '台北市中山區民生西路311號', '271.png', '2023-08-11', 47, 'member', NULL, NULL, NULL),
(272, '郭小翠', 'user312@test.com', '$2a$08$yCS07fAGzpewlsMJKomRO.ALXSGsBvTIx6prpU0P1jlxeZn.YBAfy', '', '', '1984-10-29', '女', '0923458002', '新北市三重區重陽路312號', '272.png', '2023-08-11', 2664, 'member', NULL, NULL, NULL),
(273, '林小翠', 'user313@test.com', '$2a$08$yCS07fAGzpewlsMJKomRO.ALXSGsBvTIx6prpU0P1jlxeZn.YBAfy', '', '', '1986-01-10', '女', '0923458003', '台中市南區南京東路313號', '273.png', '2023-08-11', 1202, 'member', NULL, NULL, NULL),
(274, '陳小翠', 'user314@test.com', '$2a$08$yCS07fAGzpewlsMJKomRO.ALXSGsBvTIx6prpU0P1jlxeZn.YBAfy', '', '', '1988-03-23', '女', '0923458004', '高雄市鼓山區美術東六路314號', '274.png', '2023-08-11', 1000, 'member', NULL, NULL, NULL),
(275, '黃小翠', 'user315@test.com', '$2a$08$yCS07fAGzpewlsMJKomRO.ALXSGsBvTIx6prpU0P1jlxeZn.YBAfy', '', '', '1990-06-05', '女', '0923458005', '台北市信義區忠孝東路315號', '275.png', '2023-08-11', 1383, 'member', NULL, NULL, NULL),
(276, '劉小翠', 'user316@test.com', '$2a$08$yCS07fAGzpewlsMJKomRO.ALXSGsBvTIx6prpU0P1jlxeZn.YBAfy', '', '', '1992-08-17', '女', '0923458006', '新北市永和區中正路316號', '276.png', '2023-08-11', 918, 'member', NULL, NULL, NULL),
(277, '吳小翠', 'user317@test.com', '$2a$08$yCS07fAGzpewlsMJKomRO.ALXSGsBvTIx6prpU0P1jlxeZn.YBAfy', '', '', '1994-10-30', '女', '0923458007', '台中市北區三民路317號', '277.png', '2023-08-11', 428, 'member', NULL, NULL, NULL),
(278, '張小翠', 'user318@test.com', '$2a$08$yCS07fAGzpewlsMJKomRO.ALXSGsBvTIx6prpU0P1jlxeZn.YBAfy', '', '', '1996-01-11', '女', '0923458008', '高雄市左營區明誠路318號', '278.png', '2023-08-11', 2370, 'member', NULL, NULL, NULL),
(279, '許小翠', 'user319@test.com', '$2a$08$yCS07fAGzpewlsMJKomRO.ALXSGsBvTIx6prpU0P1jlxeZn.YBAfy', '', '', '1998-03-24', '女', '0923458009', '台北市大同區民權西路319號', '279.png', '2023-08-11', 1584, 'member', NULL, NULL, NULL),
(280, '鄭小翠', 'user320@test.com', '$2a$08$yCS07fAGzpewlsMJKomRO.ALXSGsBvTIx6prpU0P1jlxeZn.YBAfy', '', '', '2000-06-06', '女', '0923458010', '新北市三峽區中正路320號', '1693416324055dead.png', '2023-08-11', 801, 'member', NULL, NULL, NULL),
(281, '王小莉', 'user321@test.com', '$2a$08$yCS07fAGzpewlsMJKomRO.ALXSGsBvTIx6prpU0P1jlxeZn.YBAfy', '', '', '1981-09-11', '女', '0934567001', '台北市中山區南京東路321號', '1693419078939logo 2.png', '2023-08-11', 2233, 'member', NULL, NULL, NULL),
(282, '劉小莉', 'user322@test.com', '$2a$08$yCS07fAGzpewlsMJKomRO.ALXSGsBvTIx6prpU0P1jlxeZn.YBAfy', '', '', '1983-11-24', '女', '0934567002', '新北市三重區重新路322號', '282.png', '2023-08-11', 2770, 'member', NULL, NULL, NULL),
(283, '陳小莉', 'user323@test.com', '$2a$08$yCS07fAGzpewlsMJKomRO.ALXSGsBvTIx6prpU0P1jlxeZn.YBAfy', '', '', '1985-02-05', '女', '0934567003', '台中市西區向上路323號', '283.png', '2023-08-11', 1161, 'member', NULL, NULL, NULL),
(284, '林小莉', 'user324@test.com', '$2a$08$yCS07fAGzpewlsMJKomRO.ALXSGsBvTIx6prpU0P1jlxeZn.YBAfy', '', '', '1987-04-18', '女', '0934567004', '高雄市三民區建國南路324號', '284.png', '2023-08-11', 477, 'member', NULL, NULL, NULL),
(285, '黃小莉', 'user325@test.com', '$2a$08$yCS07fAGzpewlsMJKomRO.ALXSGsBvTIx6prpU0P1jlxeZn.YBAfy', '', '', '1989-06-01', '女', '0934567005', '台北市信義區信義路325號', '285.png', '2023-08-11', 1883, 'member', NULL, NULL, NULL),
(286, '張小莉', 'user326@test.com', '$2a$08$yCS07fAGzpewlsMJKomRO.ALXSGsBvTIx6prpU0P1jlxeZn.YBAfy', '', '', '1991-08-14', '女', '0934567006', '新北市永和區永和路326號', '286.png', '2023-08-11', 1992, 'member', NULL, NULL, NULL),
(287, '許小莉', 'user327@test.com', '$2a$08$yCS07fAGzpewlsMJKomRO.ALXSGsBvTIx6prpU0P1jlxeZn.YBAfy', '', '', '1993-10-27', '女', '0934567007', '台中市北區北屯路327號', '287.png', '2023-08-11', 1312, 'member', NULL, NULL, NULL),
(288, '鄭小莉', 'user328@test.com', '$2a$08$yCS07fAGzpewlsMJKomRO.ALXSGsBvTIx6prpU0P1jlxeZn.YBAfy', '', '', '1995-01-09', '女', '0934567008', '高雄市前金區民生路328號', '288.png', '2023-08-11', 575, 'member', NULL, NULL, NULL),
(289, '蔡小莉', 'user329@test.com', '$2a$08$yCS07fAGzpewlsMJKomRO.ALXSGsBvTIx6prpU0P1jlxeZn.YBAfy', '', '', '1997-03-22', '女', '0934567009', '台北市萬華區長沙街329號', '289.png', '2023-08-11', 1921, 'member', NULL, NULL, NULL),
(290, '李小莉', 'user330@test.com', '$2a$08$yCS07fAGzpewlsMJKomRO.ALXSGsBvTIx6prpU0P1jlxeZn.YBAfy', '', '', '1999-06-04', '女', '0934567010', '新北市三峽區大同路330號', '290.png', '2023-08-11', 1889, 'member', NULL, NULL, NULL),
(291, '楊小潔', 'user331@test.com', '$2a$08$yCS07fAGzpewlsMJKomRO.ALXSGsBvTIx6prpU0P1jlxeZn.YBAfy', '', '', '1982-10-12', '女', '0934567011', '台北市中正區中山南路331號', '291.png', '2023-08-11', 680, 'member', NULL, NULL, NULL),
(292, '吳小潔', 'user332@test.com', '$2a$08$yCS07fAGzpewlsMJKomRO.ALXSGsBvTIx6prpU0P1jlxeZn.YBAfy', '', '', '1984-12-25', '女', '0934567012', '新北市永和區永安街332號', '292.png', '2023-08-11', 716, 'member', NULL, NULL, NULL),
(293, '沈小潔', 'user333@test.com', '$2a$08$yCS07fAGzpewlsMJKomRO.ALXSGsBvTIx6prpU0P1jlxeZn.YBAfy', '', '', '1986-02-08', '女', '0934567013', '台中市南區建國北路333號', '293.png', '2023-08-11', 1530, 'member', NULL, NULL, NULL),
(294, '胡小潔', 'user334@test.com', '$2a$08$yCS07fAGzpewlsMJKomRO.ALXSGsBvTIx6prpU0P1jlxeZn.YBAfy', '', '', '1988-04-21', '女', '0934567014', '高雄市左營區大中一路334號', '294.png', '2023-08-11', 2501, 'member', NULL, NULL, NULL),
(295, '葉小潔', 'user335@test.com', '$2a$08$yCS07fAGzpewlsMJKomRO.ALXSGsBvTIx6prpU0P1jlxeZn.YBAfy', '', '', '1990-06-03', '女', '0934567015', '台北市士林區德行東路335號', '295.png', '2023-08-11', 1923, 'member', NULL, NULL, NULL),
(296, '陸小潔', 'user336@test.com', '$2a$08$yCS07fAGzpewlsMJKomRO.ALXSGsBvTIx6prpU0P1jlxeZn.YBAfy', '', '', '1992-08-16', '女', '0934567016', '新北市新莊區中原路336號', '296.png', '2023-08-11', 2102, 'member', NULL, NULL, NULL),
(297, '江小潔', 'user337@test.com', '$2a$08$yCS07fAGzpewlsMJKomRO.ALXSGsBvTIx6prpU0P1jlxeZn.YBAfy', '', '', '1994-10-29', '女', '0934567017', '台中市西屯區文心路337號', '297.png', '2023-08-11', 1741, 'member', NULL, NULL, NULL),
(298, '呂小潔', 'user338@test.com', '$2a$08$yCS07fAGzpewlsMJKomRO.ALXSGsBvTIx6prpU0P1jlxeZn.YBAfy', '', '', '1996-01-11', '女', '0934567018', '高雄市鳳山區光復路338號', '298.png', '2023-08-11', 2388, 'member', NULL, NULL, NULL),
(299, '何小潔', 'user339@test.com', '$2a$08$yCS07fAGzpewlsMJKomRO.ALXSGsBvTIx6prpU0P1jlxeZn.YBAfy', '', '', '1998-03-24', '女', '0934567019', '台北市內湖區內湖路339號', '299.png', '2023-08-11', 725, 'member', NULL, NULL, NULL),
(300, '周小潔', 'user340@test.com', '$2a$08$yCS07fAGzpewlsMJKomRO.ALXSGsBvTIx6prpU0P1jlxeZn.YBAfy', '', '', '2000-06-06', '女', '0934567020', '新北市三芝區中正路340號', '300.png', '2023-08-11', 2436, 'member', NULL, NULL, NULL),
(301, '張大同', 'user341@test.com', '$2a$08$yCS07fAGzpewlsMJKomRO.ALXSGsBvTIx6prpU0P1jlxeZn.YBAfy', '', '', '1982-10-12', '男', '0934567021', '台北市中正區中山南路341號', '301.png', '2023-08-11', 1023, 'member', NULL, NULL, NULL),
(302, '許大同', 'user342@test.com', '$2a$08$yCS07fAGzpewlsMJKomRO.ALXSGsBvTIx6prpU0P1jlxeZn.YBAfy', '', '', '1984-12-25', '男', '0934567022', '新北市永和區永安街342號', '302.png', '2023-08-11', 786, 'member', NULL, NULL, NULL),
(303, '馮大同', 'user343@test.com', '$2a$08$yCS07fAGzpewlsMJKomRO.ALXSGsBvTIx6prpU0P1jlxeZn.YBAfy', '', '', '1986-02-08', '男', '0934567023', '台中市南區建國北路343號', '303.png', '2023-08-11', 852, 'member', NULL, NULL, NULL),
(304, '劉大同', 'user344@test.com', '$2a$08$yCS07fAGzpewlsMJKomRO.ALXSGsBvTIx6prpU0P1jlxeZn.YBAfy', '', '', '1988-04-21', '男', '0934567024', '高雄市左營區大中一路344號', '304.png', '2023-08-11', 1894, 'member', NULL, NULL, NULL),
(305, '林大同', 'user345@test.com', '$2a$08$yCS07fAGzpewlsMJKomRO.ALXSGsBvTIx6prpU0P1jlxeZn.YBAfy', '', '', '1990-06-03', '男', '0934567025', '台北市士林區德行東路345號', '305.png', '2023-08-11', 922, 'member', NULL, NULL, NULL),
(306, '鄭大同', 'user346@test.com', '$2a$08$yCS07fAGzpewlsMJKomRO.ALXSGsBvTIx6prpU0P1jlxeZn.YBAfy', '', '', '1992-08-16', '男', '0934567026', '新北市新莊區中原路346號', '306.png', '2023-08-11', 1911, 'member', NULL, NULL, NULL),
(307, '潘大同', 'user347@test.com', '$2a$08$yCS07fAGzpewlsMJKomRO.ALXSGsBvTIx6prpU0P1jlxeZn.YBAfy', '', '', '1994-10-29', '男', '0934567027', '台中市西屯區文心路347號', '307.png', '2023-08-11', 796, 'member', NULL, NULL, NULL),
(308, '孫大同', 'user348@test.com', '$2a$08$yCS07fAGzpewlsMJKomRO.ALXSGsBvTIx6prpU0P1jlxeZn.YBAfy', '', '', '1996-01-11', '男', '0934567028', '高雄市鳳山區光復路348號', '308.png', '2023-08-11', 1229, 'member', NULL, NULL, NULL),
(309, '李大同', 'user349@test.com', '$2a$08$yCS07fAGzpewlsMJKomRO.ALXSGsBvTIx6prpU0P1jlxeZn.YBAfy', '', '', '1998-03-24', '男', '0934567029', '台北市內湖區內湖路349號', '309.png', '2023-08-11', 757, 'member', NULL, NULL, NULL),
(310, '郭大同', 'user350@test.com', '$2a$08$yCS07fAGzpewlsMJKomRO.ALXSGsBvTIx6prpU0P1jlxeZn.YBAfy', '', '', '2000-06-06', '男', '0934567030', '新北市三芝區中正路350號', '310.png', '2023-08-11', 90, 'member', NULL, NULL, NULL),
(311, '陳小明', 'user361@test.com', '$2a$08$yCS07fAGzpewlsMJKomRO.ALXSGsBvTIx6prpU0P1jlxeZn.YBAfy', '', '', '1982-10-12', '男', '0934567041', '台北市中正區中山南路361號', '311.png', '2023-08-11', 1159, 'member', NULL, NULL, NULL),
(312, '周小明', 'user362@test.com', '$2a$08$yCS07fAGzpewlsMJKomRO.ALXSGsBvTIx6prpU0P1jlxeZn.YBAfy', '', '', '1984-12-25', '男', '0934567042', '新北市永和區永安街362號', '312.png', '2023-08-11', 2524, 'member', NULL, NULL, NULL),
(313, '吳小明', 'user363@test.com', '$2a$08$yCS07fAGzpewlsMJKomRO.ALXSGsBvTIx6prpU0P1jlxeZn.YBAfy', '', '', '1986-02-08', '男', '0934567043', '台中市南區建國北路363號', '313.png', '2023-08-11', 163, 'member', NULL, NULL, NULL),
(314, '劉小明', 'user364@test.com', '$2a$08$yCS07fAGzpewlsMJKomRO.ALXSGsBvTIx6prpU0P1jlxeZn.YBAfy', '', '', '1988-04-21', '男', '0934567044', '高雄市左營區大中一路364號', '314.png', '2023-08-11', 2204, 'member', NULL, NULL, NULL),
(315, '林小明', 'user365@test.com', '$2a$08$yCS07fAGzpewlsMJKomRO.ALXSGsBvTIx6prpU0P1jlxeZn.YBAfy', '', '', '1990-06-03', '男', '0934567045', '台北市士林區德行東路365號', '315.png', '2023-08-11', 1548, 'member', NULL, NULL, NULL),
(316, '鄭小明', 'user366@test.com', '$2a$08$yCS07fAGzpewlsMJKomRO.ALXSGsBvTIx6prpU0P1jlxeZn.YBAfy', '', '', '1992-08-16', '男', '0934567046', '新北市新莊區中原路366號', '316.png', '2023-08-11', 1118, 'member', NULL, NULL, NULL),
(317, '潘小明', 'user367@test.com', '$2a$08$yCS07fAGzpewlsMJKomRO.ALXSGsBvTIx6prpU0P1jlxeZn.YBAfy', '', '', '1994-10-29', '男', '0934567047', '台中市西屯區文心路367號', '317.png', '2023-08-11', 939, 'member', NULL, NULL, NULL),
(318, '孫小明', 'user368@test.com', '$2a$08$yCS07fAGzpewlsMJKomRO.ALXSGsBvTIx6prpU0P1jlxeZn.YBAfy', '', '', '1996-01-11', '男', '0934567048', '高雄市鳳山區光復路368號', '318.png', '2023-08-11', 1328, 'member', NULL, NULL, NULL),
(319, '李小明', 'user369@test.com', '$2a$08$yCS07fAGzpewlsMJKomRO.ALXSGsBvTIx6prpU0P1jlxeZn.YBAfy', '', '', '1998-03-24', '男', '0934567049', '台北市內湖區內湖路369號', '319.png', '2023-08-11', 825, 'member', NULL, NULL, NULL),
(320, '郭小明', 'user370@test.com', '$2a$08$yCS07fAGzpewlsMJKomRO.ALXSGsBvTIx6prpU0P1jlxeZn.YBAfy', '', '', '2000-06-06', '男', '0934567050', '新北市三芝區中正路370號', '320.png', '2023-08-11', 133, 'member', NULL, NULL, NULL),
(321, '蔡小花', 'user381@test.com', '$2a$08$yCS07fAGzpewlsMJKomRO.ALXSGsBvTIx6prpU0P1jlxeZn.YBAfy', '', '', '1981-11-13', '女', '0934567101', '台北市中正區中山南路381號', '321.png', '2023-08-11', 1168, 'member', NULL, NULL, NULL),
(322, '張小花', 'user382@test.com', '$2a$08$yCS07fAGzpewlsMJKomRO.ALXSGsBvTIx6prpU0P1jlxeZn.YBAfy', '', '', '1983-01-26', '女', '0934567102', '新北市永和區永安街382號', '322.png', '2023-08-11', 2444, 'member', NULL, NULL, NULL),
(323, '黃小花', 'user383@test.com', '$2a$08$yCS07fAGzpewlsMJKomRO.ALXSGsBvTIx6prpU0P1jlxeZn.YBAfy', '', '', '1985-04-09', '女', '0934567103', '台中市南區建國北路383號', '323.png', '2023-08-11', 2723, 'member', NULL, NULL, NULL),
(324, '許小花', 'user384@test.com', '$2a$08$yCS07fAGzpewlsMJKomRO.ALXSGsBvTIx6prpU0P1jlxeZn.YBAfy', '', '', '1987-06-22', '女', '0934567104', '高雄市左營區大中一路384號', '324.png', '2023-08-11', 292, 'member', NULL, NULL, NULL),
(325, '王小花', 'user385@test.com', '$2a$08$yCS07fAGzpewlsMJKomRO.ALXSGsBvTIx6prpU0P1jlxeZn.YBAfy', '', '', '1989-09-04', '女', '0934567105', '台北市士林區德行東路385號', '325.png', '2023-08-11', 2255, 'member', NULL, NULL, NULL),
(326, '陳小花', 'user386@test.com', '$2a$08$yCS07fAGzpewlsMJKomRO.ALXSGsBvTIx6prpU0P1jlxeZn.YBAfy', '', '', '1991-11-17', '女', '0934567106', '新北市新莊區中原路386號', '326.png', '2023-08-11', 1415, 'member', NULL, NULL, NULL),
(327, '林小花', 'user387@test.com', '$2a$08$yCS07fAGzpewlsMJKomRO.ALXSGsBvTIx6prpU0P1jlxeZn.YBAfy', '', '', '1993-01-30', '女', '0934567107', '台中市西屯區文心路387號', '327.png', '2023-08-11', 300, 'member', NULL, NULL, NULL),
(328, '吳小花', 'user388@test.com', '$2a$08$yCS07fAGzpewlsMJKomRO.ALXSGsBvTIx6prpU0P1jlxeZn.YBAfy', '', '', '1995-04-14', '女', '0934567108', '高雄市鳳山區光復路388號', '328.png', '2023-08-11', 238, 'member', NULL, NULL, NULL),
(329, '劉小花', 'user389@test.com', '$2a$08$yCS07fAGzpewlsMJKomRO.ALXSGsBvTIx6prpU0P1jlxeZn.YBAfy', '', '', '1997-06-27', '女', '0934567109', '台北市內湖區內湖路389號', '329.png', '2023-08-11', 280, 'member', NULL, NULL, NULL),
(330, '鄭小花', 'user390@test.com', '$2a$08$yCS07fAGzpewlsMJKomRO.ALXSGsBvTIx6prpU0P1jlxeZn.YBAfy', '', '', '1999-09-10', '女', '0934567110', '新北市三芝區中正路390號', '330.png', '2023-08-11', 675, 'member', NULL, NULL, NULL),
(331, '黃大明', 'user391@test.com', '$2a$08$yCS07fAGzpewlsMJKomRO.ALXSGsBvTIx6prpU0P1jlxeZn.YBAfy', '', '', '1980-03-15', '男', '0912345101', '台北市中正區中山南路391號', '331.png', '2023-08-11', 2527, 'member', NULL, NULL, NULL),
(332, '劉大明', 'user392@test.com', '$2a$08$yCS07fAGzpewlsMJKomRO.ALXSGsBvTIx6prpU0P1jlxeZn.YBAfy', '', '', '1982-05-28', '男', '0912345102', '新北市永和區永安街392號', '332.png', '2023-08-11', 1626, 'member', NULL, NULL, NULL),
(333, '林大明', 'user393@test.com', '$2a$08$yCS07fAGzpewlsMJKomRO.ALXSGsBvTIx6prpU0P1jlxeZn.YBAfy', '', '', '1984-08-11', '男', '0912345103', '台中市南區建國北路393號', '333.png', '2023-08-11', 540, 'member', NULL, NULL, NULL),
(334, '陳大明', 'user394@test.com', '$2a$08$yCS07fAGzpewlsMJKomRO.ALXSGsBvTIx6prpU0P1jlxeZn.YBAfy', '', '', '1986-10-24', '男', '0912345104', '高雄市左營區大中一路394號', '334.png', '2023-08-11', 803, 'member', NULL, NULL, NULL),
(335, '張大明', 'user395@test.com', '$2a$08$yCS07fAGzpewlsMJKomRO.ALXSGsBvTIx6prpU0P1jlxeZn.YBAfy', '', '', '1988-12-07', '男', '0912345105', '台北市士林區德行東路395號', '335.png', '2023-08-11', 2385, 'member', NULL, NULL, NULL),
(336, '吳大明', 'user396@test.com', '$2a$08$yCS07fAGzpewlsMJKomRO.ALXSGsBvTIx6prpU0P1jlxeZn.YBAfy', '', '', '1990-02-19', '男', '0912345106', '新北市新莊區中原路396號', '336.png', '2023-08-11', 535, 'member', NULL, NULL, NULL),
(337, '許大明', 'user397@test.com', '$2a$08$yCS07fAGzpewlsMJKomRO.ALXSGsBvTIx6prpU0P1jlxeZn.YBAfy', '', '', '1992-04-03', '男', '0912345107', '台中市西屯區文心路397號', '337.png', '2023-08-11', 1493, 'member', NULL, NULL, NULL),
(338, '王大明', 'user398@test.com', '$2a$08$yCS07fAGzpewlsMJKomRO.ALXSGsBvTIx6prpU0P1jlxeZn.YBAfy', '', '', '1994-06-16', '男', '0912345108', '高雄市鳳山區光復路398號', '338.png', '2023-08-11', 2860, 'member', NULL, NULL, NULL),
(339, '蔡大明', 'user399@test.com', '$2a$08$yCS07fAGzpewlsMJKomRO.ALXSGsBvTIx6prpU0P1jlxeZn.YBAfy', '', '', '1996-08-29', '男', '0912345109', '台北市內湖區內湖路399號', '339.png', '2023-08-11', 839, 'member', NULL, NULL, NULL),
(340, '鄭大明', 'user400@test.com', '$2a$08$yCS07fAGzpewlsMJKomRO.ALXSGsBvTIx6prpU0P1jlxeZn.YBAfy', '', '', '1998-11-11', '男', '0912345110', '新北市三芝區中正路400號', '340.png', '2023-08-11', 1586, 'member', NULL, NULL, NULL),
(341, '黃小明', 'user401@test.com', '$2a$08$yCS07fAGzpewlsMJKomRO.ALXSGsBvTIx6prpU0P1jlxeZn.YBAfy', '', '', '1980-04-15', '男', '0912345111', '台北市中正區中山南路401號', '341.png', '2023-08-11', 2411, 'member', NULL, NULL, NULL),
(342, '劉小明', 'user402@test.com', '$2a$08$yCS07fAGzpewlsMJKomRO.ALXSGsBvTIx6prpU0P1jlxeZn.YBAfy', '', '', '1982-06-28', '男', '0912345112', '新北市永和區永安街402號', '342.png', '2023-08-11', 1307, 'member', NULL, NULL, NULL),
(343, '林小明', 'user403@test.com', '$2a$08$yCS07fAGzpewlsMJKomRO.ALXSGsBvTIx6prpU0P1jlxeZn.YBAfy', '', '', '1984-09-11', '男', '0912345113', '台中市南區建國北路403號', '343.png', '2023-08-11', 2284, 'member', NULL, NULL, NULL),
(344, '陳小明', 'user404@test.com', '$2a$08$yCS07fAGzpewlsMJKomRO.ALXSGsBvTIx6prpU0P1jlxeZn.YBAfy', '', '', '1986-11-24', '男', '0912345114', '高雄市左營區大中一路404號', '344.png', '2023-08-11', 1507, 'member', NULL, NULL, NULL),
(345, '張小明', 'user405@test.com', '$2a$08$yCS07fAGzpewlsMJKomRO.ALXSGsBvTIx6prpU0P1jlxeZn.YBAfy', '', '', '1988-01-07', '男', '0912345115', '台北市士林區德行東路405號', '345.png', '2023-08-11', 673, 'member', NULL, NULL, NULL),
(346, '吳小明', 'user406@test.com', '$2a$08$yCS07fAGzpewlsMJKomRO.ALXSGsBvTIx6prpU0P1jlxeZn.YBAfy', '', '', '1990-03-19', '男', '0912345116', '新北市新莊區中原路406號', '346.png', '2023-08-11', 1827, 'member', NULL, NULL, NULL),
(347, '許小明', 'user407@test.com', '$2a$08$yCS07fAGzpewlsMJKomRO.ALXSGsBvTIx6prpU0P1jlxeZn.YBAfy', '', '', '1992-05-02', '男', '0912345117', '台中市西屯區文心路407號', '347.png', '2023-08-11', 1123, 'member', NULL, NULL, NULL),
(348, '王小明', 'user408@test.com', '$2a$08$yCS07fAGzpewlsMJKomRO.ALXSGsBvTIx6prpU0P1jlxeZn.YBAfy', '', '', '1994-07-15', '男', '0912345118', '高雄市鳳山區光復路408號', '348.png', '2023-08-11', 126, 'member', NULL, NULL, NULL),
(349, '蔡小明', 'user409@test.com', '$2a$08$yCS07fAGzpewlsMJKomRO.ALXSGsBvTIx6prpU0P1jlxeZn.YBAfy', '', '', '1996-09-27', '男', '0912345119', '台北市內湖區內湖路409號', '349.png', '2023-08-11', 243, 'member', NULL, NULL, NULL),
(350, '鄭小明', 'user410@test.com', '$2a$08$yCS07fAGzpewlsMJKomRO.ALXSGsBvTIx6prpU0P1jlxeZn.YBAfy', '', '', '1998-12-10', '男', '0912345120', '新北市三芝區中正路410號', '350.png', '2023-08-11', 828, 'member', NULL, NULL, NULL),
(351, '楊小明', 'user411@test.com', '$2a$08$yCS07fAGzpewlsMJKomRO.ALXSGsBvTIx6prpU0P1jlxeZn.YBAfy', '', '', '1981-05-20', '男', '0912345221', '台北市信義區信義路411號', '351.png', '2023-08-11', 407, 'member', NULL, NULL, NULL),
(352, '鍾小明', 'user412@test.com', '$2a$08$yCS07fAGzpewlsMJKomRO.ALXSGsBvTIx6prpU0P1jlxeZn.YBAfy', '', '', '1983-07-03', '男', '0912345222', '新北市三峽區中山路412號', '352.png', '2023-08-11', 2536, 'member', NULL, NULL, NULL),
(353, '賴小明', 'user413@test.com', '$2a$08$yCS07fAGzpewlsMJKomRO.ALXSGsBvTIx6prpU0P1jlxeZn.YBAfy', '', '', '1985-09-15', '男', '0912345223', '台中市北區三民路413號', '353.png', '2023-08-11', 2477, 'member', NULL, NULL, NULL),
(354, '蘇小明', 'user414@test.com', '$2a$08$yCS07fAGzpewlsMJKomRO.ALXSGsBvTIx6prpU0P1jlxeZn.YBAfy', '', '', '1987-11-28', '男', '0912345224', '高雄市鼓山區大順一路414號', '354.png', '2023-08-11', 1776, 'member', NULL, NULL, NULL),
(355, '周小明', 'user415@test.com', '$2a$08$yCS07fAGzpewlsMJKomRO.ALXSGsBvTIx6prpU0P1jlxeZn.YBAfy', '', '', '1989-02-09', '男', '0912345225', '台北市大安區信義路415號', '355.png', '2023-08-11', 1439, 'member', NULL, NULL, NULL),
(356, '葉小明', 'user416@test.com', '$2a$08$yCS07fAGzpewlsMJKomRO.ALXSGsBvTIx6prpU0P1jlxeZn.YBAfy', '', '', '1991-04-23', '男', '0912345226', '新北市永和區得和路416號', '356.png', '2023-08-11', 1860, 'member', NULL, NULL, NULL),
(357, '盧小明', 'user417@test.com', '$2a$08$yCS07fAGzpewlsMJKomRO.ALXSGsBvTIx6prpU0P1jlxeZn.YBAfy', '', '', '1993-06-05', '男', '0912345227', '台中市西屯區西屯路417號', '357.png', '2023-08-11', 1979, 'member', NULL, NULL, NULL),
(358, '潘小明', 'user418@test.com', '$2a$08$yCS07fAGzpewlsMJKomRO.ALXSGsBvTIx6prpU0P1jlxeZn.YBAfy', '', '', '1995-08-17', '男', '0912345228', '高雄市三民區建國三路418號', '358.png', '2023-08-11', 1315, 'member', NULL, NULL, NULL),
(359, '朱小明', 'user419@test.com', '$2a$08$yCS07fAGzpewlsMJKomRO.ALXSGsBvTIx6prpU0P1jlxeZn.YBAfy', '', '', '1997-10-30', '男', '0912345229', '台北市中山區民生東路419號', '359.png', '2023-08-11', 629, 'member', NULL, NULL, NULL),
(360, '江小明', 'user420@test.com', '$2a$08$yCS07fAGzpewlsMJKomRO.ALXSGsBvTIx6prpU0P1jlxeZn.YBAfy', '', '', '1999-01-12', '男', '0912345230', '新北市土城區金城路420號', '360.png', '2023-08-11', 2184, 'member', NULL, NULL, NULL),
(361, '王小明', 'user421@test.com', '$2a$08$yCS07fAGzpewlsMJKomRO.ALXSGsBvTIx6prpU0P1jlxeZn.YBAfy', '', '', '1982-05-21', '男', '0912345231', '台北市信義區信義路421號', '361.png', '2023-08-11', 47, 'member', NULL, NULL, NULL),
(362, '林小明', 'user422@test.com', '$2a$08$yCS07fAGzpewlsMJKomRO.ALXSGsBvTIx6prpU0P1jlxeZn.YBAfy', '', '', '1984-07-04', '男', '0912345232', '新北市三峽區中山路422號', '362.png', '2023-08-11', 2647, 'member', NULL, NULL, NULL),
(363, '陳小明', 'user423@test.com', '$2a$08$yCS07fAGzpewlsMJKomRO.ALXSGsBvTIx6prpU0P1jlxeZn.YBAfy', '', '', '1986-09-16', '男', '0912345233', '台中市北區三民路423號', '363.png', '2023-08-11', 1122, 'member', NULL, NULL, NULL),
(364, '黃小明', 'user424@test.com', '$2a$08$yCS07fAGzpewlsMJKomRO.ALXSGsBvTIx6prpU0P1jlxeZn.YBAfy', '', '', '1988-11-29', '男', '0912345234', '高雄市鼓山區大順一路424號', '364.png', '2023-08-11', 649, 'member', NULL, NULL, NULL),
(365, '張小明', 'user425@test.com', '$2a$08$yCS07fAGzpewlsMJKomRO.ALXSGsBvTIx6prpU0P1jlxeZn.YBAfy', '', '', '1990-02-10', '男', '0912345235', '台北市大安區信義路425號', '365.png', '2023-08-11', 2860, 'member', NULL, NULL, NULL),
(366, '周小明', 'user426@test.com', '$2a$08$yCS07fAGzpewlsMJKomRO.ALXSGsBvTIx6prpU0P1jlxeZn.YBAfy', '', '', '1992-04-24', '男', '0912345236', '新北市永和區得和路426號', '366.png', '2023-08-11', 379, 'member', NULL, NULL, NULL),
(367, '吳小明', 'user427@test.com', '$2a$08$yCS07fAGzpewlsMJKomRO.ALXSGsBvTIx6prpU0P1jlxeZn.YBAfy', '', '', '1994-06-06', '男', '0912345237', '台中市西屯區西屯路427號', '367.png', '2023-08-11', 2279, 'member', NULL, NULL, NULL),
(368, '劉小明', 'user428@test.com', '$2a$08$yCS07fAGzpewlsMJKomRO.ALXSGsBvTIx6prpU0P1jlxeZn.YBAfy', '', '', '1996-08-18', '男', '0912345238', '高雄市三民區建國三路428號', '368.png', '2023-08-11', 1277, 'member', NULL, NULL, NULL),
(369, '蔡小明', 'user429@test.com', '$2a$08$yCS07fAGzpewlsMJKomRO.ALXSGsBvTIx6prpU0P1jlxeZn.YBAfy', '', '', '1998-10-31', '男', '0912345239', '台北市中山區民生東路429號', '369.png', '2023-08-11', 2527, 'member', NULL, NULL, NULL),
(370, '朱小明', 'user430@test.com', '$2a$08$yCS07fAGzpewlsMJKomRO.ALXSGsBvTIx6prpU0P1jlxeZn.YBAfy', '', '', '2000-01-13', '男', '0912345240', '新北市土城區金城路430號', '370.png', '2023-08-11', 2815, 'member', NULL, NULL, NULL),
(371, '楊小明', 'user431@test.com', '$2a$08$yCS07fAGzpewlsMJKomRO.ALXSGsBvTIx6prpU0P1jlxeZn.YBAfy', '', '', '1983-06-15', '男', '0912345241', '台北市大同區民生西路431號', '371.png', '2023-08-11', 503, 'member', NULL, NULL, NULL),
(372, '吳小美', 'user432@test.com', '$2a$08$yCS07fAGzpewlsMJKomRO.ALXSGsBvTIx6prpU0P1jlxeZn.YBAfy', '', '', '1985-08-28', '女', '0912345242', '新北市三重區重新路432號', '372.png', '2023-08-11', 43, 'member', NULL, NULL, NULL),
(373, '蔡小華', 'user433@test.com', '$2a$08$yCS07fAGzpewlsMJKomRO.ALXSGsBvTIx6prpU0P1jlxeZn.YBAfy', '', '', '1987-11-10', '男', '0912345243', '台中市北屯區北屯路433號', '373.png', '2023-08-11', 1687, 'member', NULL, NULL, NULL),
(374, '許小娟', 'user434@test.com', '$2a$08$yCS07fAGzpewlsMJKomRO.ALXSGsBvTIx6prpU0P1jlxeZn.YBAfy', '', '', '1989-01-23', '女', '0912345244', '高雄市前金區成功一路434號', '374.png', '2023-08-11', 2315, 'member', NULL, NULL, NULL),
(375, '陳小翔', 'user435@test.com', '$2a$08$yCS07fAGzpewlsMJKomRO.ALXSGsBvTIx6prpU0P1jlxeZn.YBAfy', '', '', '1991-04-07', '男', '0912345245', '台北市中正區中山南路435號', '375.png', '2023-08-11', 520, 'member', NULL, NULL, NULL),
(376, '林小美', 'user436@test.com', '$2a$08$yCS07fAGzpewlsMJKomRO.ALXSGsBvTIx6prpU0P1jlxeZn.YBAfy', '', '', '1993-06-20', '女', '0912345246', '新北市新莊區中正路436號', '376.png', '2023-08-11', 1628, 'member', NULL, NULL, NULL),
(377, '張小華', 'user437@test.com', '$2a$08$yCS07fAGzpewlsMJKomRO.ALXSGsBvTIx6prpU0P1jlxeZn.YBAfy', '', '', '1995-08-03', '男', '0912345247', '台中市南區建國南路437號', '377.png', '2023-08-11', 590, 'member', NULL, NULL, NULL),
(378, '黃小美', 'user438@test.com', '$2a$08$yCS07fAGzpewlsMJKomRO.ALXSGsBvTIx6prpU0P1jlxeZn.YBAfy', '', '', '1997-10-16', '女', '0912345248', '高雄市三民區博愛三路438號', '378.png', '2023-08-11', 1048, 'member', NULL, NULL, NULL),
(379, '劉小華', 'user439@test.com', '$2a$08$yCS07fAGzpewlsMJKomRO.ALXSGsBvTIx6prpU0P1jlxeZn.YBAfy', '', '', '1999-12-29', '男', '0912345249', '台北市信義區松高路439號', '379.png', '2023-08-11', 467, 'member', NULL, NULL, NULL),
(380, '蔡小翔', 'user440@test.com', '$2a$08$yCS07fAGzpewlsMJKomRO.ALXSGsBvTIx6prpU0P1jlxeZn.YBAfy', '', '', '2001-03-12', '男', '0912345250', '新北市永和區永和路440號', '380.png', '2023-08-11', 2172, 'member', NULL, NULL, NULL),
(381, '林小明', 'user441@test.com', '$2a$08$yCS07fAGzpewlsMJKomRO.ALXSGsBvTIx6prpU0P1jlxeZn.YBAfy', '', '', '1980-06-15', '男', '0912345251', '台北市大安區敦化南路441號', '381.png', '2023-08-11', 477, 'member', NULL, NULL, NULL),
(382, '陳小玲', 'user442@test.com', '$2a$08$yCS07fAGzpewlsMJKomRO.ALXSGsBvTIx6prpU0P1jlxeZn.YBAfy', '', '', '1981-08-28', '女', '0912345252', '新北市中和區中正路442號', '382.png', '2023-08-11', 1844, 'member', NULL, NULL, NULL),
(383, '李小剛', 'user443@test.com', '$2a$08$yCS07fAGzpewlsMJKomRO.ALXSGsBvTIx6prpU0P1jlxeZn.YBAfy', '', '', '1982-11-10', '男', '0912345253', '台中市西區台灣大道三段443號', '383.png', '2023-08-11', 1794, 'member', NULL, NULL, NULL),
(384, '王小雪', 'user444@test.com', '$2a$08$yCS07fAGzpewlsMJKomRO.ALXSGsBvTIx6prpU0P1jlxeZn.YBAfy', '', '', '1983-01-23', '女', '0912345254', '高雄市苓雅區建軍路444號', '384.png', '2023-08-11', 441, 'member', NULL, NULL, NULL),
(385, '張小剛', 'user445@test.com', '$2a$08$yCS07fAGzpewlsMJKomRO.ALXSGsBvTIx6prpU0P1jlxeZn.YBAfy', '', '', '1984-04-07', '男', '0912345255', '台北市士林區中正路445號', '385.png', '2023-08-11', 2793, 'member', NULL, NULL, NULL),
(386, '魏志宏', 'user446@test.com', '$2a$08$yCS07fAGzpewlsMJKomRO.ALXSGsBvTIx6prpU0P1jlxeZn.YBAfy', '', '', '1985-06-20', '女', '0912345256', '新北市板橋區民族路446號', '386.png', '2023-08-11', 667, 'member', NULL, NULL, NULL),
(387, '黃小剛', 'user447@test.com', '$2a$08$yCS07fAGzpewlsMJKomRO.ALXSGsBvTIx6prpU0P1jlxeZn.YBAfy', '', '', '1986-08-03', '男', '0912345257', '台中市北區北平路447號', '387.png', '2023-08-11', 931, 'member', NULL, NULL, NULL),
(388, '劉小雪', 'user448@test.com', '$2a$08$yCS07fAGzpewlsMJKomRO.ALXSGsBvTIx6prpU0P1jlxeZn.YBAfy', '', '', '1987-10-16', '女', '0912345258', '高雄市鳳山區文衡路448號', '388.png', '2023-08-11', 2646, 'member', NULL, NULL, NULL),
(389, '許小剛', 'user449@test.com', '$2a$08$yCS07fAGzpewlsMJKomRO.ALXSGsBvTIx6prpU0P1jlxeZn.YBAfy', '', '', '1988-12-29', '男', '0912345259', '台北市松山區民生東路449號', '389.png', '2023-08-11', 1451, 'member', NULL, NULL, NULL),
(390, '吳小雪', 'user450@test.com', '$2a$08$yCS07fAGzpewlsMJKomRO.ALXSGsBvTIx6prpU0P1jlxeZn.YBAfy', '', '', '1989-03-12', '女', '0912345260', '新北市汐止區中興路450號', '390.png', '2023-08-11', 2302, 'member', NULL, NULL, NULL),
(391, '黃小玲', 'user461@test.com', '$2a$08$yCS07fAGzpewlsMJKomRO.ALXSGsBvTIx6prpU0P1jlxeZn.YBAfy', '', '', '1990-04-15', '女', '0912345271', '新北市新莊區中正路461號', '391.png', '2023-08-11', 1162, 'member', NULL, NULL, NULL),
(392, '王小剛', 'user462@test.com', '$2a$08$yCS07fAGzpewlsMJKomRO.ALXSGsBvTIx6prpU0P1jlxeZn.YBAfy', '', '', '1991-06-28', '男', '0912345272', '台中市北屯區后庄路462號', '392.png', '2023-08-11', 1888, 'member', NULL, NULL, NULL),
(393, '陳小雪', 'user463@test.com', '$2a$08$yCS07fAGzpewlsMJKomRO.ALXSGsBvTIx6prpU0P1jlxeZn.YBAfy', '', '', '1992-09-10', '女', '0912345273', '高雄市三民區建國南路463號', '393.png', '2023-08-11', 2952, 'member', NULL, NULL, NULL),
(394, '林小剛', 'user464@test.com', '$2a$08$yCS07fAGzpewlsMJKomRO.ALXSGsBvTIx6prpU0P1jlxeZn.YBAfy', '', '', '1993-01-23', '男', '0912345274', '台北市大同區昌吉街464號', '394.png', '2023-08-11', 113, 'member', NULL, NULL, NULL),
(395, '張小雪', 'user465@test.com', '$2a$08$yCS07fAGzpewlsMJKomRO.ALXSGsBvTIx6prpU0P1jlxeZn.YBAfy', '', '', '1994-05-07', '女', '0912345275', '新北市三峽區民生路465號', '395.png', '2023-08-11', 673, 'member', NULL, NULL, NULL),
(396, '李小剛', 'user466@test.com', '$2a$08$yCS07fAGzpewlsMJKomRO.ALXSGsBvTIx6prpU0P1jlxeZn.YBAfy', '', '', '1995-07-20', '男', '0912345276', '台中市南區民權路466號', '396.png', '2023-08-11', 27, 'member', NULL, NULL, NULL),
(397, '劉小雪', 'user467@test.com', '$2a$08$yCS07fAGzpewlsMJKomRO.ALXSGsBvTIx6prpU0P1jlxeZn.YBAfy', '', '', '1996-09-03', '女', '0912345277', '高雄市前鎮區中華五路467號', '397.png', '2023-08-11', 1096, 'member', NULL, NULL, NULL),
(398, '許小剛', 'user468@test.com', '$2a$08$yCS07fAGzpewlsMJKomRO.ALXSGsBvTIx6prpU0P1jlxeZn.YBAfy', '', '', '1997-11-16', '男', '0912345278', '台北市中正區忠孝西路468號', '398.png', '2023-08-11', 2399, 'member', NULL, NULL, NULL),
(399, '吳小雪', 'user469@test.com', '$2a$08$yCS07fAGzpewlsMJKomRO.ALXSGsBvTIx6prpU0P1jlxeZn.YBAfy', '', '', '1998-02-28', '女', '0912345279', '新北市新店區安康路469號', '399.png', '2023-08-11', 2717, 'member', NULL, NULL, NULL),
(400, '林小剛', 'user470@test.com', '$2a$08$yCS07fAGzpewlsMJKomRO.ALXSGsBvTIx6prpU0P1jlxeZn.YBAfy', '', '', '1999-05-12', '男', '0912345280', '台中市西屯區市政北二路470號', '400.png', '2023-08-11', 396, 'member', NULL, NULL, NULL),
(401, '陳小明', 'user481@test.com', '$2a$08$yCS07fAGzpewlsMJKomRO.ALXSGsBvTIx6prpU0P1jlxeZn.YBAfy', '', '', '2000-07-15', '男', '0912345291', '台北市大安區敦化南路481號', '401.png', '2023-08-11', 2792, 'member', NULL, NULL, NULL),
(402, '黃小玲', 'user482@test.com', '$2a$08$yCS07fAGzpewlsMJKomRO.ALXSGsBvTIx6prpU0P1jlxeZn.YBAfy', '', '', '2001-09-28', '女', '0912345292', '新北市中和區中正路482號', '402.png', '2023-08-11', 798, 'member', NULL, NULL, NULL),
(403, '李小剛', 'user483@test.com', '$2a$08$yCS07fAGzpewlsMJKomRO.ALXSGsBvTIx6prpU0P1jlxeZn.YBAfy', '', '', '2002-12-10', '男', '0912345293', '台中市西區台灣大道三段483號', '403.png', '2023-08-11', 1586, 'member', NULL, NULL, NULL),
(404, '王小雪', 'user484@test.com', '$2a$08$yCS07fAGzpewlsMJKomRO.ALXSGsBvTIx6prpU0P1jlxeZn.YBAfy', '', '', '2003-02-23', '女', '0912345294', '高雄市苓雅區建軍路484號', '404.png', '2023-08-11', 2537, 'member', NULL, NULL, NULL),
(405, '張小剛', 'user485@test.com', '$2a$08$yCS07fAGzpewlsMJKomRO.ALXSGsBvTIx6prpU0P1jlxeZn.YBAfy', '', '', '2004-05-07', '男', '0912345295', '台北市士林區中正路485號', '405.png', '2023-08-11', 1936, 'member', NULL, NULL, NULL),
(406, '林小雪', 'user486@test.com', '$2a$08$yCS07fAGzpewlsMJKomRO.ALXSGsBvTIx6prpU0P1jlxeZn.YBAfy', '', '', '2005-07-20', '女', '0912345296', '新北市板橋區民族路486號', '406.png', '2023-08-11', 2060, 'member', NULL, NULL, NULL),
(407, '黃小剛', 'user487@test.com', '$2a$08$yCS07fAGzpewlsMJKomRO.ALXSGsBvTIx6prpU0P1jlxeZn.YBAfy', '', '', '2006-09-03', '男', '0912345297', '台中市北區北平路487號', '407.png', '2023-08-11', 1490, 'member', NULL, NULL, NULL),
(408, '劉小雪', 'user488@test.com', '$2a$08$yCS07fAGzpewlsMJKomRO.ALXSGsBvTIx6prpU0P1jlxeZn.YBAfy', '', '', '2007-11-16', '女', '0912345298', '高雄市鳳山區文衡路488號', '408.png', '2023-08-11', 1262, 'member', NULL, NULL, NULL),
(409, '許小剛', 'user489@test.com', '$2a$08$yCS07fAGzpewlsMJKomRO.ALXSGsBvTIx6prpU0P1jlxeZn.YBAfy', '', '', '2008-02-28', '男', '0912345299', '台北市松山區民生東路489號', '409.png', '2023-08-11', 1830, 'member', NULL, NULL, NULL),
(410, '吳小雪', 'user490@test.com', '$2a$08$yCS07fAGzpewlsMJKomRO.ALXSGsBvTIx6prpU0P1jlxeZn.YBAfy', '', '', '2009-05-12', '女', '0912345300', '新北市汐止區中興路490號', '410.png', '2023-08-11', 2361, 'member', NULL, NULL, NULL),
(411, '陳小玉', 'user491@test.com', '$2a$08$yCS07fAGzpewlsMJKomRO.ALXSGsBvTIx6prpU0P1jlxeZn.YBAfy', '', '', '1995-07-15', '女', '0912345301', '台北市大安區忠孝東路491號', '411.png', '2023-08-11', 327, 'member', NULL, NULL, NULL),
(412, '黃小華', 'user492@test.com', '$2a$08$yCS07fAGzpewlsMJKomRO.ALXSGsBvTIx6prpU0P1jlxeZn.YBAfy', '', '', '1988-09-28', '男', '0912345302', '新北市中和區中山路492號', '412.png', '2023-08-11', 522, 'member', NULL, NULL, NULL),
(413, '林小華', 'user493@test.com', '$2a$08$yCS07fAGzpewlsMJKomRO.ALXSGsBvTIx6prpU0P1jlxeZn.YBAfy', '', '', '1993-12-10', '男', '0912345303', '台中市西區民生路493號', '413.png', '2023-08-11', 1622, 'member', NULL, NULL, NULL),
(414, '王小明', 'user494@test.com', '$2a$08$yCS07fAGzpewlsMJKomRO.ALXSGsBvTIx6prpU0P1jlxeZn.YBAfy', '', '', '1987-02-23', '男', '0912345304', '高雄市苓雅區建軍路494號', '414.png', '2023-08-11', 553, 'member', NULL, NULL, NULL),
(415, '陳小婷', 'user495@test.com', '$2a$08$yCS07fAGzpewlsMJKomRO.ALXSGsBvTIx6prpU0P1jlxeZn.YBAfy', '', '', '1998-05-07', '女', '0912345305', '台北市士林區中正路495號', '415.png', '2023-08-11', 881, 'member', NULL, NULL, NULL),
(416, '王小華', 'user496@test.com', '$2a$08$yCS07fAGzpewlsMJKomRO.ALXSGsBvTIx6prpU0P1jlxeZn.YBAfy', '', '', '2000-07-20', '男', '0912345306', '新北市板橋區中正路496號', '416.png', '2023-08-11', 2734, 'member', NULL, NULL, NULL),
(417, '陳小蓮', 'user497@test.com', '$2a$08$yCS07fAGzpewlsMJKomRO.ALXSGsBvTIx6prpU0P1jlxeZn.YBAfy', '', '', '1989-09-03', '女', '0912345307', '台中市北區中山路497號', '417.png', '2023-08-11', 2045, 'member', NULL, NULL, NULL),
(418, '張小華', 'user498@test.com', '$2a$08$yCS07fAGzpewlsMJKomRO.ALXSGsBvTIx6prpU0P1jlxeZn.YBAfy', '', '', '1996-11-16', '男', '0912345308', '高雄市鳳山區建軍路498號', '418.png', '2023-08-11', 2012, 'member', NULL, NULL, NULL),
(419, '郭兆順', 'user499@test.com', '$2a$08$yCS07fAGzpewlsMJKomRO.ALXSGsBvTIx6prpU0P1jlxeZn.YBAfy', '', '', '1992-02-28', '女', '0912345309', '台北市松山區南京東路499號', '419.png', '2023-08-11', 926, 'member', NULL, NULL, NULL),
(420, '林育辰', 'user500@test.com', '$2a$08$yCS07fAGzpewlsMJKomRO.ALXSGsBvTIx6prpU0P1jlxeZn.YBAfy', '', '', '1997-05-12', '女', '0912345310', '新北市汐止區汐萬路500號', NULL, '2023-08-11', 1576, 'member', NULL, NULL, NULL),
(421, '王鈺恬', 'user501@test.com', '$2a$08$yCS07fAGzpewlsMJKomRO.ALXSGsBvTIx6prpU0P1jlxeZn.YBAfy', '', '', '1995-09-15', '女', '0912345311', '新北市三峽區三樹路501號', NULL, '2023-08-11', 2101, 'member', NULL, NULL, NULL),
(422, '張彥安', 'user502@test.com', '$2a$08$yCS07fAGzpewlsMJKomRO.ALXSGsBvTIx6prpU0P1jlxeZn.YBAfy', '', '', '1990-11-30', '女', '0912345312', '桃園市中壢區中山路502號', NULL, '2023-08-11', 2777, 'member', NULL, NULL, NULL),
(423, '余美玲', 'user503@test.com', '$2a$08$yCS07fAGzpewlsMJKomRO.ALXSGsBvTIx6prpU0P1jlxeZn.YBAfy', '', '', '1988-04-20', '女', '0912345313', '新竹市東區東大路503號', NULL, '2023-08-11', 1590, 'member', NULL, NULL, NULL),
(424, '戴瑋沛', 'user504@test.com', '$2a$08$yCS07fAGzpewlsMJKomRO.ALXSGsBvTIx6prpU0P1jlxeZn.YBAfy', '', '', '1983-07-10', '女', '0912345314', '苗栗縣苗栗市中正路504號', NULL, '2023-08-11', 2600, 'member', NULL, NULL, NULL),
(425, '黃宜靜', 'user505@test.com', '$2a$08$yCS07fAGzpewlsMJKomRO.ALXSGsBvTIx6prpU0P1jlxeZn.YBAfy', '', '', '1979-12-25', '女', '0912345315', '彰化縣彰化市中山路505號', NULL, '2023-08-11', 2239, 'member', NULL, NULL, NULL),
(426, '王怡君', 'user506@test.com', '$2a$08$yCS07fAGzpewlsMJKomRO.ALXSGsBvTIx6prpU0P1jlxeZn.YBAfy', '', '', '1975-02-17', '女', '0912345316', '雲林縣斗六市中正路506號', NULL, '2023-08-11', 394, 'member', NULL, NULL, NULL),
(428, '翁雅芬', 'user507@test.com', '$2a$08$yCS07fAGzpewlsMJKomRO.ALXSGsBvTIx6prpU0P1jlxeZn.YBAfy', '', '', '1981-06-08', '女', '0912345317', '嘉義市東區東門路507號', NULL, '2023-08-11', 1227, 'member', NULL, NULL, NULL),
(429, '崔昕博', 'user508@test.com', '$2a$08$yCS07fAGzpewlsMJKomRO.ALXSGsBvTIx6prpU0P1jlxeZn.YBAfy', '', '', '1998-08-12', '女', '0912345318', '台南市中西區西門路508號', NULL, '2023-08-11', 1950, 'member', NULL, NULL, NULL),
(430, '陳幸群', 'user509@test.com', '$2a$08$yCS07fAGzpewlsMJKomRO.ALXSGsBvTIx6prpU0P1jlxeZn.YBAfy', '', '', '1993-03-18', '女', '0912345319', '高雄市三民區民族路509號', NULL, '2023-08-11', 80, 'member', NULL, NULL, NULL),
(431, '劉育妏', 'user510@test.com', '$2a$08$yCS07fAGzpewlsMJKomRO.ALXSGsBvTIx6prpU0P1jlxeZn.YBAfy', '', '', '1986-04-29', '女', '0912345320', '屏東縣屏東市民生路510號', NULL, '2023-08-11', 521, 'member', NULL, NULL, NULL),
(432, '賴宜君', 'user511@test.com', '$2a$08$yCS07fAGzpewlsMJKomRO.ALXSGsBvTIx6prpU0P1jlxeZn.YBAfy', '', '', '1984-05-09', '女', '0912345321', '台東縣台東市中華路511號', NULL, '2023-08-11', 2355, 'member', NULL, NULL, NULL),
(433, '蘇俐光', 'user512@test.com', '$2a$08$yCS07fAGzpewlsMJKomRO.ALXSGsBvTIx6prpU0P1jlxeZn.YBAfy', '', '', '1989-06-20', '女', '0912345322', '花蓮縣花蓮市中山路512號', NULL, '2023-08-11', 1230, 'member', NULL, NULL, NULL),
(434, '劉筱雯', 'user513@test.com', '$2a$08$yCS07fAGzpewlsMJKomRO.ALXSGsBvTIx6prpU0P1jlxeZn.YBAfy', '', '', '1991-07-02', '女', '0912345323', '宜蘭縣宜蘭市中正路513號', NULL, '2023-08-11', 2068, 'member', NULL, NULL, NULL),
(435, '楊岳宇', 'user514@test.com', '$2a$08$yCS07fAGzpewlsMJKomRO.ALXSGsBvTIx6prpU0P1jlxeZn.YBAfy', '', '', '1987-08-14', '女', '0912345324', '澎湖縣馬公市中華路514號', NULL, '2023-08-11', 658, 'member', NULL, NULL, NULL),
(436, '曹彥博', 'user515@test.com', '$2a$08$yCS07fAGzpewlsMJKomRO.ALXSGsBvTIx6prpU0P1jlxeZn.YBAfy', '', '', '1982-09-26', '女', '0912345325', '金門縣金城鎮民生路515號', NULL, '2023-08-11', 65, 'member', NULL, NULL, NULL),
(437, '游傑延', 'user516@test.com', '$2a$08$yCS07fAGzpewlsMJKomRO.ALXSGsBvTIx6prpU0P1jlxeZn.YBAfy', '', '', '1980-10-27', '女', '0912345326', '南海諸島', NULL, '2023-08-11', 1335, 'member', NULL, NULL, NULL),
(438, '吳佩芳', 'user517@test.com', '$2a$08$yCS07fAGzpewlsMJKomRO.ALXSGsBvTIx6prpU0P1jlxeZn.YBAfy', '', '', '1978-11-08', '女', '0912345327', '太平洋', NULL, '2023-08-11', 486, 'member', NULL, NULL, NULL),
(439, '曾思潔', 'user518@test.com', '$2a$08$yCS07fAGzpewlsMJKomRO.ALXSGsBvTIx6prpU0P1jlxeZn.YBAfy', '', '', '1994-12-19', '女', '0912345328', '印度洋', NULL, '2023-08-11', 1409, 'member', NULL, NULL, NULL),
(440, '林綺婷', 'user519@test.com', '$2a$08$yCS07fAGzpewlsMJKomRO.ALXSGsBvTIx6prpU0P1jlxeZn.YBAfy', '', '', '1989-02-13', '女', '0912345329', '台北市信義區松壽路519號', NULL, '2023-08-11', 2586, 'member', NULL, NULL, NULL),
(441, '陳美婷', 'user520@test.com', '$2a$08$yCS07fAGzpewlsMJKomRO.ALXSGsBvTIx6prpU0P1jlxeZn.YBAfy', '', '', '1985-03-28', '女', '0912345330', '新北市板橋區長江路520號', NULL, '2023-08-11', 2711, 'member', NULL, NULL, NULL),
(442, '蔡雅婷', 'user521@test.com', '$2a$08$yCS07fAGzpewlsMJKomRO.ALXSGsBvTIx6prpU0P1jlxeZn.YBAfy', '', '', '1983-04-09', '女', '0912345331', '桃園市中壢區長春路521號', NULL, '2023-08-11', 2798, 'member', NULL, NULL, NULL),
(443, '王佳婷', 'user522@test.com', '$2a$08$yCS07fAGzpewlsMJKomRO.ALXSGsBvTIx6prpU0P1jlxeZn.YBAfy', '', '', '1987-05-20', '女', '0912345332', '新竹市東區科學園區523號', NULL, '2023-08-11', 2858, 'member', NULL, NULL, NULL),
(444, '黃敏婷', 'user523@test.com', '$2a$08$yCS07fAGzpewlsMJKomRO.ALXSGsBvTIx6prpU0P1jlxeZn.YBAfy', '', '', '1990-06-30', '女', '0912345333', '台中市南區和平街524號', NULL, '2023-08-11', 2892, 'member', NULL, NULL, NULL),
(445, '張怡婷', 'user524@test.com', '$2a$08$yCS07fAGzpewlsMJKomRO.ALXSGsBvTIx6prpU0P1jlxeZn.YBAfy', '', '', '1993-07-10', '女', '0912345334', '彰化縣彰化市光南路525號', NULL, '2023-08-11', 2885, 'member', NULL, NULL, NULL),
(446, '陳靜婷', 'user525@test.com', '$2a$08$yCS07fAGzpewlsMJKomRO.ALXSGsBvTIx6prpU0P1jlxeZn.YBAfy', '', '', '1995-08-23', '女', '0912345335', '雲林縣斗六市中山路526號', NULL, '2023-08-11', 2751, 'member', NULL, NULL, NULL),
(447, '金怡蓁', 'user526@test.com', '$2a$08$yCS07fAGzpewlsMJKomRO.ALXSGsBvTIx6prpU0P1jlxeZn.YBAfy', '', '', '1988-09-15', '女', '0912345336', '嘉義市西區博愛路527號', NULL, '2023-08-11', 2100, 'member', NULL, NULL, NULL),
(448, '韓忠丞', 'user527@test.com', '$2a$08$yCS07fAGzpewlsMJKomRO.ALXSGsBvTIx6prpU0P1jlxeZn.YBAfy', '', '', '1991-10-27', '女', '0912345337', '台南市北區中山路528號', NULL, '2023-08-11', 2236, 'member', NULL, NULL, NULL),
(449, '柯柔堯', 'user528@test.com', '$2a$08$yCS07fAGzpewlsMJKomRO.ALXSGsBvTIx6prpU0P1jlxeZn.YBAfy', '', '', '1994-11-29', '女', '0912345338', '高雄市鼓山區明華路529號', NULL, '2023-08-11', 1882, 'member', NULL, NULL, NULL),
(454, '書營管理員', 'root@test.com', '$2a$10$WdUNER6ii3bVRo2xvWEcAe0gW9.w8ph/ZaR52MtbUoubuMcd6Xx3S', '', '', '2010-08-11', '男', '0911111111', '台北市中山區民生東路100號', '1693412827067logo.jpg', '2023-08-11', 91459, 'root', NULL, NULL, NULL),
(474, 'Jie Jia', 'wujia51819@gmail.com', NULL, '102139428382246111407', 'https://lh3.googleusercontent.com/a/AAcHTtdZzVQHmohI1yfYWRAo3AC-X9p9IRfnGrQqYMiR8WwbqkY=s96-c', NULL, NULL, NULL, NULL, NULL, '2023-08-30', 30, 'member', NULL, NULL, NULL),
(475, 'Jie Jia', 'wujia51819@gmail.com', NULL, '102139428382246111407', 'https://lh3.googleusercontent.com/a/AAcHTtdZzVQHmohI1yfYWRAo3AC-X9p9IRfnGrQqYMiR8WwbqkY=s96-c', NULL, NULL, NULL, NULL, NULL, '2023-08-30', 0, 'member', NULL, NULL, NULL);

-- --------------------------------------------------------

--
-- 資料表結構 `client_permission`
--

CREATE TABLE `client_permission` (
  `client_permission_id` int(20) NOT NULL,
  `client_system` tinyint(1) DEFAULT NULL,
  `order_system` tinyint(1) DEFAULT NULL,
  `newbook_system` tinyint(1) DEFAULT NULL,
  `oldbook_system` tinyint(1) DEFAULT NULL,
  `article_system` tinyint(1) DEFAULT NULL,
  `coupon_system` tinyint(1) DEFAULT NULL
) ENGINE=InnoDB DEFAULT CHARSET=utf8mb4 COLLATE=utf8mb4_general_ci;

-- --------------------------------------------------------

--
-- 資料表結構 `collect_book`
--

CREATE TABLE `collect_book` (
  `collect_book_id` int(11) NOT NULL,
  `client_id` int(11) NOT NULL,
  `book_id` int(11) NOT NULL
) ENGINE=InnoDB DEFAULT CHARSET=utf8mb4 COLLATE=utf8mb4_general_ci;

--
-- 傾印資料表的資料 `collect_book`
--

INSERT INTO `collect_book` (`collect_book_id`, `client_id`, `book_id`) VALUES
(19, 200, 434),
(20, 200, 185),
(21, 200, 26),
(22, 2, 203),
(23, 2, 136),
(24, 2, 135),
(25, 2, 195),
(26, 2, 194),
(27, 2, 193),
(28, 2, 103),
(29, 2, 318),
(34, 2, 45),
(35, 2, 296),
(38, 2, 308),
(40, 2, 106),
(41, 2, 155),
(42, 2, 388),
(43, 2, 383),
(116, 240, 168),
(117, 240, 42),
(118, 240, 358),
(131, 240, 3),
(132, 17, 5),
(133, 2, 393),
(134, 2, 365),
(147, 33, 364),
(149, 17, 168),
(158, 17, 375),
(167, 17, 416),
(188, 17, 131),
(196, 17, 384),
(197, 17, 15),
(200, 17, 405),
(202, 17, 430),
(203, 17, 425),
(205, 17, 318),
(206, 17, 413),
(207, 17, 186),
(210, 17, 9),
(221, 17, 368),
(222, 17, 471),
(224, 17, 392),
(225, 17, 103),
(226, 17, 59),
(227, 11, 2),
(228, 11, 6),
(231, 217, 460),
(233, 16, 431),
(239, 34, 24),
(240, 33, 135),
(253, 17, 393),
(254, 17, 346),
(255, 17, 158),
(256, 17, 60),
(257, 17, 453),
(258, 17, 333),
(259, 17, 387),
(260, 17, 172),
(261, 17, 12),
(262, 17, 311),
(263, 17, 38),
(264, 17, 341),
(265, 17, 33),
(266, 17, 410),
(267, 17, 419),
(268, 17, 46),
(269, 17, 35),
(270, 17, 4),
(271, 17, 340),
(272, 17, 316),
(273, 17, 117),
(274, 17, 135),
(275, 17, 125),
(278, 19, 192),
(286, 281, 374),
(287, 7, 66),
(291, 21, 69),
(378, 21, 55),
(379, 21, 450),
(381, 494, 15),
(395, 33, 20),
(447, 3, 34),
(574, 454, 3);

-- --------------------------------------------------------

--
-- 資料表結構 `collect_old_book`
--

CREATE TABLE `collect_old_book` (
  `collect_old_book_id` int(11) NOT NULL,
  `client_id` int(11) NOT NULL,
  `old_book_id` int(10) NOT NULL
) ENGINE=InnoDB DEFAULT CHARSET=utf8mb4 COLLATE=utf8mb4_general_ci;

-- --------------------------------------------------------

--
-- 資料表結構 `coupon`
--

CREATE TABLE `coupon` (
  `coupon_id` int(11) NOT NULL,
  `coupon_name` varchar(30) NOT NULL,
  `coupon_code` varchar(64) NOT NULL,
  `coupon_quantity` int(11) DEFAULT NULL,
  `discount` decimal(10,2) NOT NULL,
  `discount_display` varchar(20) NOT NULL,
  `discount_type` int(1) NOT NULL,
  `min_point` decimal(10,2) NOT NULL,
  `coupon_per_limit` int(11) DEFAULT NULL,
  `use_type` int(1) NOT NULL DEFAULT 0,
  `overlay` int(1) NOT NULL DEFAULT 0,
  `coupon_status` int(1) NOT NULL,
  `start_time` datetime NOT NULL DEFAULT current_timestamp(),
  `end_time` datetime NOT NULL,
  `coupon_type_id` int(1) NOT NULL,
  `client_level` enum('root','admin','member','vip') NOT NULL DEFAULT 'member'
) ENGINE=InnoDB DEFAULT CHARSET=utf8mb4 COLLATE=utf8mb4_general_ci;

--
-- 傾印資料表的資料 `coupon`
--

INSERT INTO `coupon` (`coupon_id`, `coupon_name`, `coupon_code`, `coupon_quantity`, `discount`, `discount_display`, `discount_type`, `min_point`, `coupon_per_limit`, `use_type`, `overlay`, `coupon_status`, `start_time`, `end_time`, `coupon_type_id`, `client_level`) VALUES
(1, '註冊享優惠', 'wlcome774', NULL, 100.00, '100', 0, 1000.00, 1, 0, 0, 1, '2023-07-01 10:00:00', '2024-09-20 21:59:43', 2, 'member'),
(2, '會員生日券', 'birthday2023', NULL, 100.00, '100', 0, 1000.00, 1, 0, 0, 1, '2023-01-01 00:00:00', '2024-01-31 23:59:59', 3, 'member'),
(3, '滿千優惠券', 'tyyufs85', 455, 0.90, '9', 1, 1000.00, 1, 1, 0, 1, '2023-07-01 14:00:00', '2024-10-31 23:59:59', 4, 'member'),
(4, '官方補償券', 'compensateQQ', NULL, 0.85, '85', 1, 2000.00, NULL, 0, 0, 1, '2023-07-01 16:00:00', '2024-10-31 23:59:59', 5, 'member'),
(5, '浪漫祭優惠券', 'lmd520', 261, 60.00, '60', 0, 500.00, 2, 1, 1, 1, '2023-06-20 08:00:00', '2024-07-30 23:59:59', 4, 'member'),
(6, 'vip生日券', 'vipbirthday', NULL, 0.85, '85', 1, 0.00, 1, 0, 0, 1, '2023-01-01 00:00:00', '2024-12-31 23:59:59', 3, 'vip'),
(7, '快閃優惠券', 'fast500', 267, 30.00, '30', 0, 400.00, 1, 0, 1, 1, '2023-07-01 00:00:00', '2024-08-31 21:06:42', 4, 'member'),
(8, '好心禮券', 'aasde', 466, 50.00, '50', 0, 500.00, NULL, 0, 0, 1, '2023-06-09 23:13:00', '2024-11-01 23:13:00', 4, 'member'),
(9, '多讀卷', 'frrev114', 364, 60.00, '60', 0, 500.00, NULL, 1, 1, 1, '2023-06-03 22:56:00', '2024-07-28 22:56:00', 4, 'member'),
(10, '精彩閱讀券', 'rf884yh', 272, 60.00, '60', 0, 0.00, 1, 2, 0, 1, '2023-06-01 22:56:00', '2024-07-28 22:56:00', 4, 'member'),
(11, '連假折價券', 'hht5562', 473, 0.95, '95', 1, 1000.00, 2, 0, 0, 1, '2023-07-07 00:00:00', '2024-07-07 00:00:00', 4, 'member'),
(12, '商品優惠券', 'goodrade', 459, 50.00, '50', 0, 0.00, 1, 2, 0, 1, '2023-07-01 00:00:00', '2024-09-25 23:59:59', 4, 'vip'),
(13, '滿額免運券', 'tt8y54h', NULL, 60.00, '60', 0, 1000.00, NULL, 0, 1, 1, '2023-07-01 00:00:00', '2024-08-31 23:59:59', 1, 'member');

-- --------------------------------------------------------

--
-- 資料表結構 `coupon_commodity`
--

CREATE TABLE `coupon_commodity` (
  `commodity_coupon_id` int(11) NOT NULL,
  `coupon_id` int(11) NOT NULL,
  `book_id` int(11) NOT NULL
) ENGINE=InnoDB DEFAULT CHARSET=utf8mb4 COLLATE=utf8mb4_general_ci;

--
-- 傾印資料表的資料 `coupon_commodity`
--

INSERT INTO `coupon_commodity` (`commodity_coupon_id`, `coupon_id`, `book_id`) VALUES
(1, 10, 20),
(2, 12, 10);

-- --------------------------------------------------------

--
-- 資料表結構 `coupon_genre`
--

CREATE TABLE `coupon_genre` (
  `genre_coupon_id` int(11) NOT NULL,
  `coupon_id` int(11) NOT NULL,
  `b_genre_id` int(11) NOT NULL
) ENGINE=InnoDB DEFAULT CHARSET=utf8mb4 COLLATE=utf8mb4_general_ci;

--
-- 傾印資料表的資料 `coupon_genre`
--

INSERT INTO `coupon_genre` (`genre_coupon_id`, `coupon_id`, `b_genre_id`) VALUES
(1, 3, 2),
(2, 5, 5),
(3, 9, 12);

-- --------------------------------------------------------

--
-- 資料表結構 `coupon_record`
--

CREATE TABLE `coupon_record` (
  `coupon_record_id` int(11) NOT NULL,
  `pickup_time` datetime NOT NULL,
  `use_time` datetime DEFAULT NULL,
  `use_status_id` int(11) NOT NULL,
  `coupon_id` int(11) NOT NULL,
  `order_id` int(11) DEFAULT NULL,
  `client_id` int(11) NOT NULL
) ENGINE=InnoDB DEFAULT CHARSET=utf8mb4 COLLATE=utf8mb4_general_ci;

--
-- 傾印資料表的資料 `coupon_record`
--

INSERT INTO `coupon_record` (`coupon_record_id`, `pickup_time`, `use_time`, `use_status_id`, `coupon_id`, `order_id`, `client_id`) VALUES
(1, '2023-08-24 01:50:25', NULL, 1, 1, NULL, 2),
(2, '2023-08-24 01:50:26', NULL, 1, 2, NULL, 2),
(3, '2023-08-24 01:50:26', NULL, 1, 3, NULL, 2),
(4, '2023-08-24 01:50:26', NULL, 1, 3, NULL, 2),
(5, '2023-08-24 01:50:26', NULL, 1, 4, NULL, 2),
(6, '2023-08-24 01:50:26', NULL, 1, 4, NULL, 2),
(7, '2023-08-24 01:50:26', NULL, 1, 5, NULL, 2),
(8, '2023-08-24 01:50:26', NULL, 1, 5, NULL, 2),
(9, '2023-08-24 01:50:27', NULL, 1, 6, NULL, 2),
(10, '2023-08-24 01:50:27', NULL, 1, 6, NULL, 2),
(11, '2023-08-24 01:50:27', NULL, 1, 7, NULL, 2),
(12, '2023-08-24 01:50:27', NULL, 1, 7, NULL, 2),
(13, '2023-08-24 01:50:27', NULL, 1, 8, NULL, 2),
(14, '2023-08-24 01:50:28', NULL, 1, 9, NULL, 2),
(15, '2023-08-24 01:50:28', NULL, 1, 9, NULL, 2),
(16, '2023-08-24 01:50:28', NULL, 1, 10, NULL, 2),
(17, '2023-08-24 01:50:28', NULL, 1, 10, NULL, 2),
(18, '2023-08-24 01:50:28', NULL, 1, 11, NULL, 2),
(19, '2023-08-24 01:50:29', NULL, 1, 12, NULL, 2),
(20, '2023-08-24 01:50:29', NULL, 1, 13, NULL, 2),
(23, '2023-08-24 10:49:17', NULL, 1, 1, NULL, 100),
(24, '2023-08-24 10:49:20', NULL, 1, 2, NULL, 100),
(25, '2023-08-24 10:52:01', NULL, 1, 3, NULL, 100),
(26, '2023-08-24 10:52:07', NULL, 1, 4, NULL, 100),
(27, '2023-08-24 10:52:09', NULL, 1, 5, NULL, 100),
(28, '2023-08-24 10:57:27', NULL, 1, 1, NULL, 5),
(29, '2023-08-24 10:57:43', NULL, 1, 2, NULL, 5),
(30, '2023-08-24 10:57:57', NULL, 1, 3, NULL, 5),
(32, '2023-08-24 11:30:57', NULL, 1, 6, NULL, 100),
(33, '2023-08-24 11:31:48', NULL, 1, 7, NULL, 100),
(34, '2023-08-24 11:37:02', NULL, 1, 8, NULL, 100),
(35, '2023-08-24 11:48:19', NULL, 1, 9, NULL, 100),
(47, '2023-08-24 12:04:06', NULL, 1, 4, NULL, 5),
(48, '2023-08-24 12:04:06', NULL, 1, 4, NULL, 5),
(49, '2023-08-24 12:04:06', NULL, 1, 5, NULL, 5),
(50, '2023-08-24 12:04:06', NULL, 1, 5, NULL, 5),
(51, '2023-08-24 12:04:06', NULL, 1, 6, NULL, 5),
(52, '2023-08-24 12:04:06', NULL, 1, 6, NULL, 5),
(53, '2023-08-24 12:04:06', NULL, 1, 7, NULL, 5),
(54, '2023-08-24 12:04:06', NULL, 1, 7, NULL, 5),
(55, '2023-08-24 12:04:07', NULL, 1, 8, NULL, 5),
(56, '2023-08-24 12:04:07', NULL, 1, 8, NULL, 5),
(57, '2023-08-24 12:04:07', NULL, 1, 9, NULL, 5),
(58, '2023-08-24 12:04:07', NULL, 1, 9, NULL, 5),
(59, '2023-08-24 12:04:07', NULL, 1, 10, NULL, 5),
(60, '2023-08-24 12:04:07', NULL, 1, 10, NULL, 5),
(61, '2023-08-24 12:04:08', NULL, 1, 11, NULL, 5),
(62, '2023-08-24 12:04:09', NULL, 1, 11, NULL, 5),
(63, '2023-08-24 12:04:11', NULL, 1, 12, NULL, 5),
(64, '2023-08-24 12:04:14', NULL, 1, 13, NULL, 5),
(65, '2023-08-24 13:58:26', NULL, 1, 3, NULL, 17),
(80, '2023-08-25 14:29:05', NULL, 1, 13, NULL, 100),
(81, '2023-08-25 14:29:09', NULL, 1, 11, NULL, 100),
(82, '2023-08-25 14:39:48', NULL, 1, 5, NULL, 17),
(84, '2023-08-25 14:41:35', NULL, 1, 7, NULL, 17),
(86, '2023-08-25 14:45:24', NULL, 1, 9, NULL, 17),
(87, '2023-08-25 14:45:31', NULL, 1, 8, NULL, 17),
(91, '2023-08-26 16:31:08', NULL, 1, 10, NULL, 100),
(92, '2023-08-26 16:31:09', NULL, 1, 12, NULL, 100),
(95, '2023-08-27 03:31:22', NULL, 1, 2, NULL, 454),
(96, '2023-08-27 19:38:21', NULL, 1, 3, NULL, 25),
(97, '2023-08-27 19:38:22', NULL, 1, 5, NULL, 25),
(98, '2023-08-27 21:09:19', NULL, 1, 3, NULL, 454),
(99, '2023-08-27 21:59:48', NULL, 1, 1, NULL, 454),
(100, '2023-08-28 13:13:53', NULL, 1, 1, NULL, 240),
(104, '2023-08-28 16:07:24', NULL, 1, 1, NULL, 17),
(105, '2023-08-28 16:07:25', NULL, 1, 1, NULL, 17),
(106, '2023-08-28 16:07:26', NULL, 1, 1, NULL, 17),
(107, '2023-08-28 16:07:27', NULL, 1, 1, NULL, 17),
(108, '2023-08-28 16:07:28', NULL, 1, 1, NULL, 17),
(109, '2023-08-28 16:07:29', NULL, 1, 2, NULL, 17),
(110, '2023-08-28 16:07:29', NULL, 1, 4, NULL, 17),
(111, '2023-08-28 16:07:30', NULL, 1, 6, NULL, 17),
(112, '2023-08-28 16:07:30', '2023-09-03 19:44:21', 2, 10, 363, 17),
(113, '2023-08-28 16:07:31', NULL, 1, 11, NULL, 17),
(114, '2023-08-28 16:07:31', NULL, 1, 12, NULL, 17),
(115, '2023-08-28 16:07:31', NULL, 1, 13, NULL, 17),
(116, '2023-08-29 00:15:50', NULL, 1, 5, NULL, 454),
(119, '2023-08-29 02:32:08', NULL, 1, 7, NULL, 454),
(125, '2023-08-29 02:42:22', '2023-08-30 02:42:39', 2, 9, 55, 1),
(126, '2023-08-29 02:42:27', NULL, 1, 5, NULL, 1),
(132, '2023-08-29 10:27:53', NULL, 1, 3, NULL, 16),
(135, '2023-08-29 14:56:30', NULL, 1, 3, NULL, 34),
(136, '2023-08-29 14:56:38', NULL, 1, 9, NULL, 34),
(145, '2023-08-29 22:18:06', NULL, 1, 4, NULL, 1),
(146, '2023-08-29 22:50:18', NULL, 1, 6, NULL, 454),
(147, '2023-08-30 06:21:41', NULL, 1, 3, NULL, 50),
(148, '2023-08-30 06:21:43', NULL, 1, 5, NULL, 50),
(149, '2023-08-30 06:21:54', NULL, 1, 8, NULL, 50),
(150, '2023-08-30 06:21:56', NULL, 1, 7, NULL, 50),
(151, '2023-08-30 06:21:58', NULL, 1, 9, NULL, 50),
(152, '2023-08-30 06:21:59', NULL, 1, 10, NULL, 50),
(153, '2023-08-30 06:22:58', NULL, 1, 11, NULL, 50),
(154, '2023-08-30 09:57:14', NULL, 1, 3, NULL, 27),
(155, '2023-08-30 09:57:17', NULL, 1, 5, NULL, 27),
(170, '2023-08-30 16:41:48', NULL, 1, 5, NULL, 474),
(171, '2023-08-30 16:44:17', NULL, 1, 11, NULL, 474),
(186, '2023-08-30 22:25:54', NULL, 1, 2, NULL, 3),
(187, '2023-08-30 22:28:54', NULL, 1, 3, NULL, 3),
(188, '2023-08-30 22:31:45', NULL, 1, 5, NULL, 3),
(189, '2023-08-30 23:04:14', NULL, 1, 7, NULL, 3),
(198, '2023-08-31 01:26:02', NULL, 1, 3, NULL, 280),
(199, '2023-08-31 01:26:04', NULL, 1, 5, NULL, 280),
(200, '2023-08-31 01:26:05', NULL, 1, 7, NULL, 280),
(201, '2023-08-31 01:26:06', NULL, 1, 8, NULL, 280),
(202, '2023-08-31 01:26:07', NULL, 1, 9, NULL, 280),
(203, '2023-08-31 01:26:09', NULL, 1, 10, NULL, 280),
(204, '2023-08-31 01:26:10', NULL, 1, 11, NULL, 280),
(205, '2023-08-31 01:26:11', NULL, 1, 12, NULL, 280),
(206, '2023-08-31 01:26:13', NULL, 1, 13, NULL, 280),
(207, '2023-08-31 01:26:29', NULL, 1, 3, NULL, 281),
(208, '2023-08-31 01:26:30', NULL, 1, 5, NULL, 281),
(209, '2023-08-31 01:26:32', NULL, 1, 7, NULL, 281),
(210, '2023-08-31 01:26:33', NULL, 1, 8, NULL, 281),
(211, '2023-08-31 01:26:34', NULL, 1, 9, NULL, 281),
(212, '2023-08-31 01:26:35', NULL, 1, 10, NULL, 281),
(213, '2023-08-31 01:26:37', NULL, 1, 12, NULL, 281),
(214, '2023-08-31 01:26:37', NULL, 1, 11, NULL, 281),
(215, '2023-08-31 01:26:39', NULL, 1, 13, NULL, 281),
(216, '2023-08-31 01:27:26', NULL, 1, 4, NULL, 281),
(217, '2023-08-31 01:27:32', NULL, 1, 4, NULL, 281),
(218, '2023-08-31 01:27:35', NULL, 1, 4, NULL, 281),
(219, '2023-08-31 01:27:38', NULL, 1, 4, NULL, 281),
(220, '2023-08-31 01:27:41', NULL, 1, 4, NULL, 281),
(221, '2023-08-31 01:27:43', NULL, 1, 4, NULL, 281),
(222, '2023-08-31 01:27:45', NULL, 1, 4, NULL, 281),
(223, '2023-08-31 01:27:48', NULL, 1, 4, NULL, 281),
(224, '2023-08-31 01:34:49', NULL, 1, 11, NULL, 454),
(225, '2023-08-31 01:35:00', NULL, 1, 13, NULL, 454),
(226, '2023-08-31 01:36:30', NULL, 1, 4, NULL, 454),
(227, '2023-08-31 01:37:20', NULL, 1, 13, NULL, 210),
(228, '2023-08-31 01:40:54', NULL, 1, 3, NULL, 210),
(229, '2023-08-31 01:44:12', NULL, 1, 12, NULL, 454),
(230, '2023-08-31 02:14:24', NULL, 1, 8, NULL, 454),
(231, '2023-08-31 02:17:12', NULL, 1, 3, NULL, 7),
(232, '2023-08-31 02:17:13', NULL, 1, 7, NULL, 7),
(233, '2023-08-31 03:09:28', NULL, 1, 3, NULL, 6),
(234, '2023-08-31 03:09:29', NULL, 1, 5, NULL, 6),
(235, '2023-08-31 03:09:31', NULL, 1, 7, NULL, 6),
(236, '2023-08-31 03:09:32', NULL, 1, 9, NULL, 6),
(237, '2023-08-31 03:09:37', NULL, 1, 10, NULL, 6),
(238, '2023-08-31 03:09:38', NULL, 1, 11, NULL, 6),
(239, '2023-08-31 03:09:52', NULL, 1, 4, NULL, 6),
(240, '2023-08-31 03:09:57', NULL, 1, 4, NULL, 6),
(241, '2023-08-31 03:09:57', NULL, 1, 4, NULL, 6),
(242, '2023-08-31 03:09:59', NULL, 1, 4, NULL, 6),
(243, '2023-08-31 03:10:02', NULL, 1, 4, NULL, 6),
(244, '2023-08-31 03:24:08', NULL, 1, 12, NULL, 17),
(245, '2023-08-31 03:24:26', NULL, 1, 12, NULL, 17),
(246, '2023-08-31 03:24:30', NULL, 1, 12, NULL, 17),
(247, '2023-08-31 03:24:37', NULL, 1, 12, NULL, 17),
(248, '2023-08-31 03:24:41', NULL, 1, 12, NULL, 17),
(249, '2023-08-31 03:24:46', NULL, 1, 12, NULL, 17),
(250, '2023-08-31 03:25:00', NULL, 1, 12, NULL, 17),
(251, '2023-08-31 03:25:06', NULL, 1, 12, NULL, 17),
(252, '2023-08-31 03:25:12', NULL, 1, 12, NULL, 17),
(253, '2023-08-31 03:25:51', NULL, 1, 12, NULL, 17),
(254, '2023-08-31 09:51:26', NULL, 1, 10, NULL, 454),
(265, '2023-08-31 15:52:37', NULL, 1, 13, NULL, 21),
(266, '2023-08-31 15:53:26', NULL, 1, 5, NULL, 21),
(294, '2023-09-01 16:25:28', NULL, 1, 9, NULL, 454),
(296, '2023-08-30 16:10:41', NULL, 3, 11, NULL, 33),
(305, '2023-09-02 21:19:53', NULL, 1, 13, NULL, 50),
(306, '2023-09-02 21:33:26', NULL, 1, 13, NULL, 1),
(307, '2023-09-02 22:02:39', NULL, 1, 3, NULL, 1),
(308, '2023-09-02 22:02:42', NULL, 1, 11, NULL, 1),
(309, '2023-09-02 22:02:44', NULL, 1, 7, NULL, 1),
(310, '2023-09-02 22:02:45', NULL, 1, 8, NULL, 1),
(311, '2023-09-02 22:02:47', NULL, 1, 9, NULL, 1),
(312, '2023-09-02 22:02:48', NULL, 1, 10, NULL, 1),
(313, '2023-09-02 22:02:49', NULL, 1, 12, NULL, 1),
(314, '2023-09-02 22:02:49', NULL, 1, 12, NULL, 1),
(317, '2023-09-03 17:47:31', '2023-09-03 19:40:03', 2, 3, 362, 21),
(318, '2023-09-03 17:47:34', NULL, 1, 8, NULL, 21),
(319, '2023-09-03 18:35:41', NULL, 1, 11, NULL, 21),
(320, '2023-09-03 19:01:23', NULL, 1, 3, NULL, 494),
(321, '2023-09-03 22:32:07', NULL, 1, 3, NULL, 44),
(322, '2023-09-03 22:32:12', '2023-09-03 22:33:14', 2, 5, 369, 44),
(323, '2023-09-03 23:14:26', NULL, 1, 3, NULL, 495),
(324, '2023-09-03 23:14:42', NULL, 1, 8, NULL, 495),
(325, '2023-09-03 23:14:56', NULL, 1, 11, NULL, 495),
(326, '2023-09-03 23:15:11', NULL, 1, 13, NULL, 495),
(333, '2023-09-04 23:00:51', '2023-09-04 23:01:29', 2, 9, 393, 33),
(334, '2023-09-04 23:01:46', NULL, 1, 9, NULL, 33),
(338, '2023-09-05 00:46:18', '2023-09-05 01:34:46', 2, 3, 424, 87),
(339, '2023-09-05 01:35:37', '2023-09-05 01:36:15', 2, 13, 425, 87),
(364, '2023-09-07 09:12:07', NULL, 1, 7, NULL, 87),
(365, '2023-09-07 09:12:09', NULL, 1, 5, NULL, 87),
(366, '2023-09-07 09:12:10', NULL, 1, 8, NULL, 87),
(367, '2023-09-07 09:12:12', '2023-09-07 09:13:29', 2, 9, 439, 87),
(368, '2023-09-07 09:12:13', '2023-09-07 10:13:59', 2, 10, 443, 87),
(369, '2023-09-07 09:58:50', NULL, 1, 2, NULL, 33),
(370, '2023-09-07 09:59:12', NULL, 1, 7, NULL, 33),
(371, '2023-09-07 09:59:52', NULL, 1, 13, NULL, 33),
(372, '2023-09-07 10:00:07', NULL, 1, 8, NULL, 33),
(373, '2023-09-07 10:00:46', NULL, 1, 4, NULL, 33),
(374, '2023-09-07 10:00:51', NULL, 1, 12, NULL, 33),
(375, '2023-09-07 10:01:32', NULL, 1, 5, NULL, 33);

-- --------------------------------------------------------

--
-- 資料表結構 `daily`
--

CREATE TABLE `daily` (
  `id` int(11) NOT NULL,
  `client_id` int(11) DEFAULT NULL,
  `date` date DEFAULT NULL,
  `is_sign` tinyint(1) DEFAULT NULL
) ENGINE=InnoDB DEFAULT CHARSET=utf8mb4 COLLATE=utf8mb4_general_ci;

--
-- 傾印資料表的資料 `daily`
--

INSERT INTO `daily` (`id`, `client_id`, `date`, `is_sign`) VALUES
(1, 5, '2023-08-27', 1),
(2, 3, '2023-08-27', 1),
(3, 3, '2023-08-26', 1),
(4, 3, '2023-08-15', 1),
(9, 6, '2023-08-27', 1),
(10, 3, '2023-08-01', 1),
(12, 3, '2023-08-28', 1),
(14, 3, '2023-08-10', 1),
(16, 1, '2023-08-28', 1),
(18, 2, '2023-08-28', 1),
(19, 33, '2023-08-28', 1),
(20, 7, '2023-08-28', 1),
(21, 17, '2023-08-28', 1),
(25, 211, '2023-08-29', 1),
(26, 3, '2023-08-29', 1),
(27, 5, '2023-08-29', 1),
(28, 11, '2023-08-29', 1),
(29, 17, '2023-08-29', 1),
(31, 1, '2023-08-29', 1),
(32, 33, '2023-08-29', 1),
(35, 16, '2023-08-29', 1),
(38, 1, '2023-08-30', 1),
(39, 17, '2023-08-30', 1),
(40, 2, '2023-08-30', 1),
(44, 10, '2023-08-30', 1),
(46, 210, '2023-08-30', 1),
(48, 1, '2023-08-31', 1),
(51, 210, '2023-08-31', 1),
(52, 33, '2023-08-31', 1),
(53, 6, '2023-08-31', 1),
(54, 17, '2023-08-31', 1),
(55, 5, '2023-08-31', 1),
(58, 21, '2023-08-31', 1),
(61, 1, '2023-09-01', 1),
(83, 494, '2023-09-01', 1),
(84, 17, '2023-09-01', 1),
(85, 454, '2023-09-01', 1),
(86, 33, '2023-09-01', 1),
(87, 1, '2023-09-02', 1),
(88, 494, '2023-09-02', 1),
(89, 454, '2023-09-03', 1),
(90, 33, '2023-09-03', 1),
(91, 1, '2023-09-03', 1),
(92, 494, '2023-09-03', 1),
(93, 493, '2023-09-03', 1),
(94, 491, '2023-09-03', 1),
(95, 21, '2023-09-03', 1),
(96, 44, '2023-09-03', 1),
(97, 495, '2023-09-03', 1),
(98, 496, '2023-09-03', 1),
(99, 498, '2023-09-03', 1),
(100, 454, '2023-09-05', 1),
(101, 2, '2023-09-05', 1),
(102, 3, '2023-09-05', 1),
(103, 495, '2023-09-05', 1),
(104, 499, '2023-09-05', 1),
(105, 500, '2023-09-05', 1),
(106, 503, '2023-09-05', 1),
(107, 504, '2023-09-05', 1),
(108, 33, '2023-09-05', 1),
(109, 508, '2023-09-06', 1),
(110, 509, '2023-09-06', 1),
(111, 87, '2023-09-06', 1),
(112, 510, '2023-09-06', 1),
(113, 511, '2023-09-06', 1),
(114, 33, '2023-09-06', 1),
(115, 514, '2023-09-06', 1),
(116, 515, '2023-09-06', 1),
(117, 517, '2023-09-07', 1),
(118, 518, '2023-09-07', 1),
(119, 519, '2023-09-07', 1),
(120, 520, '2023-09-07', 1),
(121, 522, '2023-09-07', 1),
(122, 523, '2023-09-07', 1),
(123, 525, '2023-09-07', 1),
(124, 526, '2023-09-07', 1),
(125, 531, '2023-09-07', 1),
(126, 532, '2023-09-07', 1);

-- --------------------------------------------------------

--
-- 資料表結構 `delivery`
--

CREATE TABLE `delivery` (
  `delivery_id` int(1) UNSIGNED NOT NULL,
  `delivery_name` varchar(10) NOT NULL
) ENGINE=InnoDB DEFAULT CHARSET=utf8mb4 COLLATE=utf8mb4_general_ci;

--
-- 傾印資料表的資料 `delivery`
--

INSERT INTO `delivery` (`delivery_id`, `delivery_name`) VALUES
(1, '黑貓宅配'),
(2, '7-11取貨');

-- --------------------------------------------------------

--
-- 資料表結構 `deposit`
--

CREATE TABLE `deposit` (
  `deposit_id` int(11) NOT NULL,
  `deposit_money` int(11) NOT NULL,
  `deposit_date` datetime DEFAULT current_timestamp(),
  `client_id` int(11) NOT NULL
) ENGINE=InnoDB DEFAULT CHARSET=utf8mb4 COLLATE=utf8mb4_general_ci;

-- --------------------------------------------------------

--
-- 資料表結構 `favorites`
--

CREATE TABLE `favorites` (
  `favorites_id` int(11) NOT NULL,
  `client_id` int(11) NOT NULL,
  `book_id` int(11) NOT NULL
) ENGINE=InnoDB DEFAULT CHARSET=utf8mb4 COLLATE=utf8mb4_general_ci;

-- --------------------------------------------------------

--
-- 資料表結構 `forum`
--

CREATE TABLE `forum` (
  `forum_id` int(10) UNSIGNED NOT NULL,
  `forum_title` varchar(255) NOT NULL,
  `forum_content` text NOT NULL,
  `forum_create_time` datetime DEFAULT current_timestamp(),
  `forum_views` int(11) DEFAULT 0,
  `forum_replies` int(11) DEFAULT 0,
  `client_id` int(11) NOT NULL,
  `forum_category_id` int(11) NOT NULL
) ENGINE=InnoDB DEFAULT CHARSET=utf8mb4 COLLATE=utf8mb4_general_ci;

--
-- 傾印資料表的資料 `forum`
--

INSERT INTO `forum` (`forum_id`, `forum_title`, `forum_content`, `forum_create_time`, `forum_views`, `forum_replies`, `client_id`, `forum_category_id`) VALUES
(11, 'Incididunt Ut', 'This is the content of post number 11', '2023-07-01 08:58:07', 0, 46, 3, 5),
(12, 'Soluta Nobis', 'This is the content of post number 12', '2023-07-01 08:58:07', 0, 15, 3, 5),
(13, 'Ea Commodo', 'This is the content of post number 13', '2023-07-01 08:58:07', 0, 15, 3, 3),
(14, 'Dignissimos Ducimus', 'This is the content of post number 14', '2023-07-01 08:58:07', 2, 19, 3, 1),
(15, 'Enim Ad Minim', 'This is the content of post number 15', '2023-07-01 08:58:07', 0, 17, 2, 5),
(16, 'Fugiat Nulla', 'This is the content of post number 16', '2023-07-01 08:58:07', 0, 15, 1, 5),
(17, 'Ab Illo', 'This is the content of post number 17', '2023-07-01 08:58:07', 0, 7, 4, 3),
(18, 'Ea Commodo', 'This is the content of post number 18', '2023-07-01 08:58:07', 0, 3, 1, 2),
(19, 'Mollit Anim', 'This is the content of post number 19', '2023-07-01 08:58:07', 0, 22, 1, 1),
(20, 'Expedita Distinctio', 'This is the content of post number 20', '2023-07-01 08:58:07', 0, 42, 3, 1),
(21, 'Cupidatat Non', 'This is the content of post number 21', '2023-07-01 08:58:07', 0, 30, 2, 5),
(22, 'Enim Ad Minim', 'This is the content of post number 22', '2023-07-01 08:58:07', 0, 12, 5, 5),
(23, 'Aliqua Ut', 'This is the content of post number 23', '2023-07-01 08:58:07', 1, 41, 5, 4),
(24, 'Soluta Nobis', 'This is the content of post number 24', '2023-07-01 08:58:07', 0, 6, 3, 1),
(25, '拜託成功一下＝＝ 寫的好燥', '<p>ㄉˇ12313213213<img src=\"http://localhost:3002/img/7.png\" alt=\"\" data-href=\"\" style=\"\"/></p>', '2023-08-21 15:22:00', 0, NULL, 1, 6),
(26, '拜託成功一下＝＝ 寫的好燥', '<p>ㄉˇ12313213213<img src=\"http://localhost:3002/img/7.png\" alt=\"\" data-href=\"\" style=\"\"/></p>', '2023-08-21 15:22:09', 0, NULL, 1, 6),
(27, '拜託成功一下＝＝ 寫的好燥', '<p>ㄉˇ12313213213<img src=\"http://localhost:3002/img/7.png\" alt=\"\" data-href=\"\" style=\"\"/></p>', '2023-08-21 15:22:10', 0, NULL, 1, 6),
(28, '拜託成功一下＝＝ 寫的好燥', '<p>ㄉˇ12313213213<img src=\"http://localhost:3002/img/7.png\" alt=\"\" data-href=\"\" style=\"\"/></p>', '2023-08-21 15:22:10', 0, NULL, 1, 6),
(29, '拜託成功一下＝＝ 寫的好燥', '<p>ㄉˇ12313213213<img src=\"http://localhost:3002/img/7.png\" alt=\"\" data-href=\"\" style=\"\"/></p>', '2023-08-21 15:22:11', 0, NULL, 1, 6),
(30, '拜託成功一下＝＝ 寫的好燥', '<p>ㄉˇ12313213213<img src=\"http://localhost:3002/img/7.png\" alt=\"\" data-href=\"\" style=\"\"/></p>', '2023-08-21 15:24:15', 0, NULL, 1, 6),
(31, '123', '<p>123</p>', '2023-08-21 15:24:55', 0, NULL, 1, 3),
(32, '123', '<p>123</p>', '2023-08-21 15:25:13', 0, NULL, 1, 3),
(33, '123', '<p>123</p>', '2023-08-21 15:26:23', 0, NULL, 1, 3),
(34, '123', '<p>123</p>', '2023-08-21 15:27:59', 0, NULL, 1, 3),
(35, '123', '<p>123</p>', '2023-08-21 15:29:06', 0, NULL, 1, 3),
(36, '123', '<p>123</p>', '2023-08-21 15:30:01', 0, NULL, 1, 3),
(37, '123', '<p>123</p>', '2023-08-21 15:30:32', 0, NULL, 1, 3),
(38, '123', '<p>123</p>', '2023-08-21 15:30:46', 0, NULL, 1, 3),
(39, '123', '<p>123</p>', '2023-08-21 15:31:12', 0, NULL, 1, 3),
(40, '123', '<p>123</p>', '2023-08-21 15:31:16', 0, NULL, 1, 3),
(41, '123', '<p>123</p>', '2023-08-21 15:33:50', 0, NULL, 1, 3),
(42, '123', '<p>123</p>', '2023-08-21 15:33:53', 0, NULL, 1, 3),
(43, '123', '<p>123</p>', '2023-08-21 15:34:21', 0, NULL, 1, 3),
(44, '123', '<p>123</p>', '2023-08-21 15:34:23', 0, NULL, 1, 3),
(45, '123', '<p>123</p>', '2023-08-21 15:34:31', 0, NULL, 1, 3),
(46, '123', '<p>123</p>', '2023-08-21 15:35:17', 0, NULL, 1, 3),
(47, '123', '<p>123</p>', '2023-08-21 15:35:24', 0, NULL, 1, 3),
(48, '123', '<p>123</p>', '2023-08-21 15:35:57', 0, NULL, 1, 3),
(49, '123', '<p>123</p>', '2023-08-21 15:37:40', 0, NULL, 1, 4),
(50, '123', '<p>123</p>', '2023-08-21 15:38:32', 0, NULL, 1, 3),
(51, '123', '<p>123</p>', '2023-08-21 15:39:22', 0, NULL, 1, 4),
(52, '123123', '<p>123</p>', '2023-08-21 15:39:34', 0, NULL, 1, 3),
(53, '123123', '<p>123</p>', '2023-08-21 15:39:36', 0, NULL, 1, 3),
(54, '123123', '<p>123</p>', '2023-08-21 15:40:34', 0, NULL, 1, 3),
(55, 'ㄅㄅˇ123213', '<p>123123213<img src=\"http://localhost:3002/img/8.png\" alt=\"\" data-href=\"\" style=\"\"/></p>', '2023-08-21 17:46:15', -2, NULL, 25, 15),
(56, '123', '<p>123213123123123213123123123213123123123213123123123213123123123213123123123213123123123213123123123213123123123213123123123213123123123213123123123213123123123213123123123213123123123213123123123213123123123213123123123213123123123213123123123213123123<img src=\"http://localhost:3002/img/9.png\" alt=\"\" data-href=\"\" style=\"\"/><img src=\"http://localhost:3002/img/10.jpg\" alt=\"\" data-href=\"\" style=\"\"/></p>', '2023-08-21 17:58:06', 0, NULL, 25, 4),
(57, 'ㄉˇ123123213', '<p><span style=\"color: rgb(33, 37, 41); background-color: rgb(255, 0, 0); font-size: 16px;\">＼橫向思考是釋放創造力、解決問題、抓住商機的最大關鍵！／ ★廉價航空的商業模式、Uber和Airbnb的成功、波克夏公司從紡織品轉戰投資界、輝瑞發明威而鋼、科學家發現盤尼西林抗生素，還有你身邊各領域的無數傑出者，都在運用它！★ 「絕對是我今年讀過最棒的一本書！」──山姆．凱利／廣告公司AKQA行銷長「它不僅在商業上有用，在生活中也非常有用！」──布萊恩．麥克布萊德／英國工業聯合會主席 作者保羅．史隆是跨國企業講師、橫向思考與創新領域專家，著作銷售破兩百萬。他結合故事、工具與練習，帶你輕鬆掌握橫向思考的方法與訣竅！ 在傳統思考中，我們會以直接、可預測的方式思考。橫向思考則是從新的方向處理問題──確切來說，是從側面切入問題。它有四大主要面向：1. 認清兩極化看法當中的主流想法。2. 尋找看待事物的不同方法。3. 鬆動垂直思考的僵硬控制。4. 善用機緣巧合。 本書一開始就強調慣性思考、集體思維的危險，以商業、文化、社會等多領域案例，提出將橫向思考運用於日常的實用技巧和步驟。行文明快，只講重點，配早餐讀個兩章就能得到優化工作、發想新點子的靈感，幫助你排除思考盲點、高效解決問題、展開新的行動，同時也變成更有趣的人！</span></p>', '2023-08-21 18:21:36', 0, NULL, 25, 3),
(58, '12321312', '<p>cㄏ<img src=\"http://localhost:3002/img/12.jpg\" alt=\"\" data-href=\"\" style=\"width: 308.38px;height: 668.93px;\"/></p><p><img src=\"http://localhost:3002/img/11.jpg\" alt=\"\" data-href=\"\" style=\"width: 100%;\"/></p>', '2023-08-21 18:22:53', 0, NULL, 25, 4),
(59, '有償性組隊集中串', '<p>因為有償性組隊的文章日漸增加，偏離組隊子版初衷在於讓板友互助，</p><p>所以將有償性組隊的文章規劃至交易子版。</p><p>不過有板友反映希望由板務開設集中串，</p><p>讓此類文章有別個管道可以宣傳，也幫助有需求的板友。</p><p>因此開設此集中串</p><p><br></p><p><span style=\"font-size: 24px;\"><strong>規範</strong></span></p><p>1.有償性組隊文章只能發表於此或者交易子版</p><p>2.禁止任何現金交易行為</p><p>3.禁止以任何方式暗示可以現金交易</p><p>4.24小時內在集中串最多發三篇文章</p><p>5.需按照發文格式發文<br></p><p>6.<span>版務人員不為任何交易背書以及保證，如有糾紛要尋求法律途徑解決，請向站方提出資料申請。</span></p>', '2023-08-21 18:57:59', 0, NULL, 25, 3),
(60, '有償性組隊集中串', '<h1 style=\"text-align: left;\">有償性組隊集中串</h1>', '2023-08-21 18:58:55', 0, NULL, 25, 4),
(62, '123', '<p>123</p>', '2023-08-28 13:49:36', 0, NULL, 2, 3),
(63, 'ＬＡＳＴ', '<p>12312312312342的吧的吧吧吧</p>', '2023-08-28 13:52:35', 0, NULL, 2, 3),
(64, '【攻略】盛宴邀約，第十幕，麥莎/倫伽勒 狼群通關。', '<p style=\"text-align: left;\"><span style=\"color: rgb(51, 51, 51); background-color: rgb(255, 255, 255); font-size: 15px;\">有蠻多人要求第十幕的，加緊又製作了一下，謝謝大家支持</span></p><p style=\"text-align: left;\">倫伽勒真的好香啊！！！</p><p style=\"text-align: left;\">可以的話幫我推推文~~避免文章沉了，謝謝</p><p style=\"text-align: left;\">正文開始~按照以下圖文步驟操作就可以囉！!</p><p style=\"text-align: left;\"><br></p><p style=\"text-align: left;\"><strong>第一回合，麥莎先敲開一個補給包。</strong></p><p style=\"text-align: justify;\"><img src=\"https://truth.bahamut.com.tw/s01/202308/1de1426c41c9ab95698eacea405825f1.JPG?w=1000\" alt=\"\" data-href=\"\" style=\"width: 100%;\"></p><p style=\"text-align: left;\"><span style=\"color: rgb(51, 51, 51); background-color: rgb(255, 255, 255); font-size: 15px;\"><strong>倫伽勒跟麥莎貼貼，開快速裝填，致命準星狙擊掉一隻紅狼。</strong></span></p><p style=\"text-align: center;\"><img src=\"https://truth.bahamut.com.tw/s01/202308/38d85b855e556144f00d0a80878abdc5.JPG?w=1000\" alt=\"\" data-href=\"\" style=\"width: 100%;\"></p><p><br></p>', '2023-08-28 16:04:34', 0, NULL, 17, 7),
(65, '【其他】送沒有貝拉的150抽30等小號', '<p style=\"text-align: left;\">精力有限 遊戲無限所以送出 （雖然小號抽的比主號好但主號已經40等了）使用的是十分鐘信箱所以不適合課金因為信箱沒了</p><p style=\"text-align: left;\">條件限制：目前原遊戲帳號已達30等以上 但抽角%數低於2.5%或是有重複一樣角色 例如麥莎 拉維耶 或是同樣角色抽到2~3次導致角色池稀少的人 （需要有圖片證明%數跟角色池差）下午送出</p><p style=\"text-align: left;\"><img src=\"https://truth.bahamut.com.tw/s01/202308/50512d507ce08de00a45c4c789d4151f.JPG?w=1000\" alt=\"\" data-href=\"\" style=\"width: 100%;\"></p><p style=\"text-align: left;\"><img src=\"https://truth.bahamut.com.tw/s01/202308/ac3f5b3e5e6e6a1cfad2d1a45cacdf64.JPG?w=1000\" alt=\"\" data-href=\"\" style=\"\"></p>', '2023-08-29 10:09:16', 0, NULL, 2, 4),
(67, '123', '<p><img src=\"http://localhost:3002/img/18.png\" alt=\"\" data-href=\"\" style=\"width: 30%;\"/></p><p><span style=\"font-family: 楷体;\">56456456</span></p>', '2023-08-29 15:04:10', 0, NULL, 2, 7),
(69, 'ㄈㄚ ㄨㄛㄟㄨㄐㄟㄛㄊㄛㄨㄛㄊㄍ', '<p>的的12213213213</p>', '2023-08-30 12:57:23', 0, NULL, 2, 4),
(70, 'ㄅㄉˇ', '<p>1231的</p>', '2023-08-30 16:06:47', 0, NULL, 474, 2),
(71, 'hello world', '<p>的的吧吧吧吧吧</p>', '2023-08-30 16:07:29', 0, NULL, 474, 5),
(72, '123123', '<p>123123</p>', '2023-08-30 16:07:35', 0, NULL, 483, 3),
(73, '2323', '<p>的12321</p>', '2023-08-30 16:07:38', 0, NULL, 474, 3),
(74, '123', '<p>123123</p>', '2023-08-30 16:07:59', 0, NULL, 474, 3),
(78, '123213', '<p>123213</p>', '2023-08-31 00:38:28', 0, NULL, 1, 4),
(79, '123', '<p>123213213123213</p>', '2023-08-31 00:41:11', 0, NULL, 1, 4),
(80, '123213213', '<p>123213</p>', '2023-08-31 00:41:47', 0, NULL, 1, 4),
(81, '123', '<p>123123213</p>', '2023-08-31 00:50:58', 0, NULL, 1, 3),
(82, '123', '<p>123213</p>', '2023-08-31 02:17:44', 0, NULL, 7, 2),
(83, '123', '<p><br></p>', '2023-08-31 02:55:51', 0, NULL, 50, 3),
(86, '12312313', '<p>123213123我是阿傑</p>', '2023-08-31 09:17:48', 0, NULL, 5, 2),
(87, '12313', '<p><img src=\"http://localhost:3002/img/19.png\" alt=\"\" data-href=\"\" style=\"\"/></p>', '2023-08-31 09:35:23', 0, NULL, 6, 4),
(88, '123', '<p><img src=\"https://newbookcamp.ngrok.app/img/25.png\" alt=\"\" data-href=\"\" style=\"\"/></p>', '2023-08-31 09:40:57', 0, NULL, 5, 3),
(89, '123', '<p><img src=\"https://newbookcamp.ngrok.app/img/25.png\" alt=\"\" data-href=\"\" style=\"\"/></p>', '2023-08-31 09:41:02', 0, NULL, 5, 3),
(90, 'ㄉㄉˇㄅㄅㄉˇㄉˇㄅㄉˇ', '<p><img src=\"https://newbookcamp.ngrok.app/img/26.png\" alt=\"\" data-href=\"\" style=\"\"/></p>', '2023-08-31 09:41:41', 0, NULL, 1, 2),
(91, 'ㄋㄧˇㄏㄠˇㄘㄠˋ', '<p>你好操<img src=\"https://newbookcamp.ngrok.app/img/27.png\" alt=\"\" data-href=\"\" style=\"\"/></p>', '2023-08-31 09:42:23', 0, NULL, 1, 3),
(92, '你好 很好', '<p><img src=\"https://newbookcamp.ngrok.app/img/28.png\" alt=\"\" data-href=\"\" style=\"\"/></p>', '2023-08-31 09:42:57', 2, NULL, 1, 5),
(93, '【問題】遇到按鍵卡住bug—在劇情持明龍尊初登場', '<p><span style=\"font-size: 16px;\">版上朋友，快來留言啊</span></p><p><span style=\"font-size: 16px;\">我在持明龍尊初登場的劇情教學處，讓玩家衝能按三次後發招那段，按鍵就遇到按不下去的狀況，如下圖。這讓我整個劇情卡在那個時間點，連重新登入又被卡在劇情開頭，領月卡石頭都沒辦法了。</span></p><p><span style=\"font-size: 16px;\">請問有玩家遇到跟我一樣的情況嗎？</span></p><p><img src=\"https://truth.bahamut.com.tw/s01/202308/619eddba244d41a3f00b51adc5d6e156.JPG\" alt=\"\" data-href=\"\" style=\"width: 50%;\"/></p><p><span style=\"font-size: 16px;\">此外，在手機和iPad 都試過都同樣卡住，刪除App重載後只是更早的時間點出狀況，如下圖：<br></span><img src=\"https://newbookcamp.ngrok.app/img/29.png\" alt=\"\" data-href=\"\" style=\"\"/></p>', '2023-08-31 10:16:21', 4, NULL, 5, 3),
(94, '【問題】遇到按鍵卡住bug—在劇情持明龍尊初登場', '<h1>標題 安安各位好</h1><p>安安</p><p><img src=\"https://newbookcamp.ngrok.app/img/30.png\" alt=\"\" data-href=\"\" style=\"\"/></p><p>哇操</p><p><br></p>', '2023-08-31 11:32:03', 4, NULL, 21, 5),
(95, '123', '<p>1233131313111</p>', '2023-09-02 13:52:44', 38, NULL, 50, 5),
(96, '123', '<p>11321</p>', '2023-09-03 18:02:48', 0, 0, 494, 3),
(97, '【問題】遇到按鍵卡住bug—在劇情持明龍尊初登場', '<h1>標題 安安各位好</h1><p>安安</p><p><img src=\"https://newbookcamp.ngrok.app/img/30.png\" alt=\"\" data-href=\"\" style=\"\"/></p><p>哇操</p><p><br></p>', '2023-09-03 18:34:50', 0, 0, 494, 1),
(98, '【問題】遇到按鍵卡住bug—在劇情持明龍尊初登場', '<h1>標題 安安各位好</h1><p>安安</p><p><img src=\"https://newbookcamp.ngrok.app/img/30.png\" alt=\"\" data-href=\"\" style=\"\"/></p><p>哇操</p><p><br></p>', '2023-09-03 18:35:27', 1, 0, 494, 1),
(100, '【問題】遇到按鍵卡住bug—在劇情持明龍尊初登場', '<h1>標題 安安各位好</h1><p>安安</p><p><img src=\"https://newbookcamp.ngrok.app/img/30.png\" alt=\"\" data-href=\"\" style=\"\"/></p><p>哇操</p><p><br></p>', '2023-09-03 21:50:18', 0, 0, 33, 1),
(101, '喜歡看別人的讀書心得與書評？愛書人50個私藏去處', '<p><img src=\"http://localhost:3002/img/23.jpg\" alt=\"\" data-href=\"\" style=\"\"/></p><p style=\"text-align: center;\">自從愛上了閱讀之後，我就開始喜歡看別人的閱讀心得和書評。想起<a href=\"https://readingoutpost.com/the-knowledge-illusion/\" target=\"_blank\">之前讀《知識的假象》的時候</a>看到這句話：「<strong>人類並非完全獨立思考和評論事情。更多的是我們借助著人類知識共同體，建構起自己的知識地圖，進而形塑而出自己的價值觀。</strong>」</p><p style=\"text-align: center;\">我想，除了自己一個人靜靜地閱讀之外，多看、多聽不同的人表達的觀點，可以加深自己對書籍的認識，同時拓展學習的廣度。在這偌大的網路世界裡，也有許多愛書的朋友們，持之以恆地分享自己的讀書體會，讓這份閱讀的美好能夠渲染更多的人。</p><p style=\"text-align: center;\">以下整理我的閱讀旅途上接觸的<strong>私藏去處</strong>，有哪一些書評網站或部落格帶給我最多啟發，又有哪一些Youtube和Facebook粉專提供最多元的閱讀資訊。也希望透過這篇分享能起到拋磚引玉的效果，讓更多優質的資訊來源能被大家認識。</p><p style=\"text-align: center;\"><img src=\"http://localhost:3002/img/24.jpg\" alt=\"\" data-href=\"\" style=\"\"></p><p style=\"text-align: center;\"><br></p>', '2023-09-03 21:54:25', 0, 0, 33, 1),
(102, '【高中生讀什麼✈ 】就算所有關係都留不住，也能活得燦爛？ ——讀《我的第五百年十五歲》', '<p style=\"text-align: center; line-height: 1.5;\"><img src=\"https://okapi.books.com.tw/uploads/image/2023/09/source/49108-1693557900.png\" alt=\"\" data-href=\"\" style=\"width: 100%;\"></p><p style=\"text-align: center; line-height: 1.5;\">不老不死的主角，看盡生離死別，見證人類歷史遞嬗，因為不能讓人發現自己「凍齡」的事實，百年來總是必須不斷轉換身分、改名換姓，在歲月的長河中四處漂泊，承受無休止的寂寞。這本已是近年影視、小說中的套路<strong>──</strong>主角最終在百歲、千歲之時，遇見了一個平凡人，發生了不平凡的故事。總以為這樣的老梗應該玩到了盡頭，豈料又能再被一次次玩出新花樣。一個不死的主角，在各種故事裡被寫成不同的人設，鼻祖可能是來自外星球的暖男教授，後來又出現了孤單的鬼怪，還有靈魂酒店的美女老闆、女扮男裝的江湖郎中……<br><br></p><p style=\"text-align: center; line-height: 1.5;\">韓劇《哈囉，我好嗎？》原著小說作者金惠貞，也寫了這樣一個不死的主角，但她用了尚未有人嘗試的設定<strong>──</strong>主角的肉身定格在十五歲，以十五歲的軀殼活了五百年。我們平常認知的「青春永駐」是祝福語，是醫美廣告，但在<a href=\"https://www.books.com.tw/exep/assp.php/OKAPI/products/0010966025\" target=\"_blank\">《我的第五百年十五歲》</a>，金惠貞挖掘出它不同的想像空間。</p><p style=\"text-align: center; line-height: 1.5;\"><img src=\"https://www.books.com.tw/img/001/096/60/0010966025.jpg\" alt=\"\" data-href=\"\" style=\"\"></p><p style=\"text-align: center; line-height: 1.5;\">故事一開始，李春天、李夏天、李秋天三姊妹剛辦完轉學手續。秋天覺得「看來看去都差不多的學校、差不多的孩子們、差不多的人生，想來這裡也是半斤八兩吧。」一旁的春天、夏天卻熱烈討論著新學校的一切。有書名這麼明顯的線索，身為讀者的我們馬上會推斷這個李秋天，想必就是那個活了五百年的主角吧！但她兩個姊妹是怎麼回事？如果是親姊妹，她們該不會也活了五百年？但如果真是這樣，怎麼秋天百無聊賴，姊妹們卻興奮異常？<br><br></p><p style=\"text-align: center; line-height: 1.5;\">原來作者還有加碼設定，除了主角已經活了五百年的十五歲之外，在這五百年間，主角的媽媽和外婆也都跟著一起凍齡了。不但凍齡，她們還會變身，且因為某種原因，在這第五百年的時候決定和秋天一起偽裝成三胞胎姊妹進入學校。於是，各種滑稽的情況來了，媽媽和外婆第一次上現代學校，發現原來考試壓力很大，數學題目很難。媽媽驚奇秋天怎麼能解出這麼複雜的題目，秋天無奈表示：「媽媽也上一百年的國中看看。」</p><p style=\"text-align: center; line-height: 1.5;\">而扮成春天的外婆，和同學們聊起天來老氣橫秋，讓秋天生怕外婆露出馬腳，但同學們竟覺得春天是說話帥氣的煩惱諮詢專家，什麼岩石般大的煩惱只要跟她一聊就成了輕盈的豆子。秋天抱怨外婆說話不要老是散發朝鮮古人的氣息，但外婆反嗆「哎喲，妳就不是古人？」於是秋天自己也感嘆十五歲和五十五歲在年齡上確實差上一大截，但按時間計算的五百一十五歲和五百五十五歲根本就沒什麼差別了！</p><p style=\"text-align: center; line-height: 1.5;\">小說的魅力往往並不在於概念的獨特性，更在於如何以文字帶著讀者進入角色的處境，在故事裡體驗想都沒想過的人生。《我的第五百年十五歲》，就是把讀者拉進永恆十五歲的假設中，寫出了永遠長不大的尷尬微妙、上學幾百年的無奈寂寥、凍齡一家人的荒誕搞笑，也寫出了被迫告別每一段緣分的孤獨傷懷。</p><p style=\"text-align: center; line-height: 1.5;\">當秋天在校門口，被校長喊成了「金善花」，這是她第八十九個名字。秋天強作鎮定說校長是認錯了人，但她心裡百感交集的想著「我怎麼可能會忘了妳呢？妳怎麼老了這麼多？」這曾經是她最好的朋友，是在她厭倦人生到想死的地步時，和她分享少女心事、讓她感受到青春該是什麼樣子的女孩。</p><p style=\"text-align: center; line-height: 1.5;\">秋天家曾收養一個凡人弟弟。弟弟剛到家裡時只是四歲的小奶娃，但隨著年齡漸長，發現不會變老的外婆、媽媽，還有不會長大的姊姊，是和自己不同的存在。儘管如此，直到他的年齡比外婆還大了，他還是喊著外婆外婆，喊媽媽媽媽，喊秋天姊姊。直到再也無法相認的那一刻，已成老爺爺的他，心中最珍視的記憶依然是有秋天一家陪伴的童年。</p><p style=\"text-align: center; line-height: 1.5;\">人生到底有什麼意義？活了五百年十五歲的秋天一直在問這個問題。生活每天都差不多無聊，身旁的人來來去去，沒有情誼能恆久持續，那人生還有什麼好期待的呢？讀完作品，把五百年的設定拿掉，這些問題其實就是只活一次十五歲也能成立。人活著，總有那麼多反覆的日常，總是經歷一段段人與人之間關係的開始與結束。秋天最終在這第五百年找到了答案。把五百年的設定拿掉，她的答案也許仍適用於現在十五歲，還沒十五歲，或是曾經十五歲的我們。</p><p style=\"text-align: center; line-height: 1.5;\">人與人之間關係的本身，或許就是一種答案。因為正是誠心對待關係的每一個當下，綻放了足以照亮永恆的燦爛光華。</p>', '2023-09-03 21:56:14', 0, 0, 33, 5),
(103, '齊立文／人人都能學會的創業方法論──閱讀《解決問題的人》', '<p style=\"text-align: left;\">為了替這篇文章、這本書趕快「找到對的讀者上車」，我想開門見山就說，這是一本寫給「文科生的創業方法論」。但是這麼做，立即就把目標讀者群縮小了，非文科生或不想創業的人，難道就不適合翻開這本書嗎？</p><p style=\"text-align: left;\">要回答這個問題，或許必須再提出另一個問題：你心目中的創業家長什麼樣子？</p><p style=\"text-align: left;\">在我工作的商業雜誌編輯檯上，我們多半使用兩種方法來解這個題：一個是個案分析法，找個成功的創業家，鋪陳他個人的豐功偉業、奇聞軼事，再分析他的人格特質和工作方法；另一個是歸納分析法，找一群成功的創業家，歸納出他們相近的人格特質和工作方法。</p><p style=\"text-align: left;\">然而，這麼做不但是後見之明，還犯了基本歸因謬誤（Fundamental Attribution Error），認為創業家的個人特質，比外在環境扮演更關鍵的因素。說不定，也忽略了生存者偏差（survivorship bias）的謬誤，亦即有心創業的人數何其多，背景又何其多元，而且敗者多勝者少，但是我們往往只把聚光燈打在一小群天才創業家身上。</p><p style=\"text-align: left;\">於是，比爾・蓋茲（Bill Gates）、<a href=\"https://www.books.com.tw/exep/assp.php/OKAPI/products/0010958103\" target=\"_blank\">史蒂夫・賈伯斯（Steve Jobs）</a>、馬克・祖克柏（Mark Zuckerberg）、<a href=\"https://www.books.com.tw/exep/assp.php/OKAPI/products/0010909454\" target=\"_blank\">傑夫・貝佐斯（Jeff Bezos）</a>、<a href=\"https://search.books.com.tw/search/query/cat/1/qsub/001/sort/1/v/1/page/1/spell/3/ms2/ms2_1/key/Elon+Musk#f_adv\" target=\"_blank\">伊隆・馬斯克（Elon Musk）</a>……這些科技巨擘，成為了我們這個時代的商業偶像，也形塑了人們對於創業家的集體想像。</p><p style=\"text-align: left;\"><span style=\"color: rgb(0, 128, 0);\"><strong><br>創業思維是可學習嗎？</strong></span></p><p style=\"text-align: left;\">「創業家精神真的有可能學會嗎？」（\"Is it really possible to learn entrepreneurship？\"）</p><p style=\"text-align: left;\">這句話出自<a href=\"https://www.books.com.tw/exep/assp.php/OKAPI/products/0010962659\" target=\"_blank\">《解決問題的人：布朗大學改變世界的商業思考》</a>這本書的作者<a href=\"https://dannywarshay.com/\" target=\"_blank\">丹尼・沃謝（Danny Warshay）</a>個人網站的首頁，而沃謝本人的經歷，正好可以回答這個問題。</p><p style=\"text-align: left;\">如同他在書中自述，他在布朗大學學的是歷史，「我從來不是其中任何領域的專家，我不是技術精熟的程式設計師，不是食品科學家，也不是新聞記者」，但是他卻在軟體、消費產品、媒體等不同領域創業。</p><p style=\"text-align: left;\">進一步再細看沃謝的學歷，你或許會以為，他可以跨領域、連續創業，應該和他研究所念了哈佛商學院有關。不過，沃謝更多地將自己的創業能力，歸因於他的史學訓練，或者他口中伯朗大學擅長的博雅教育（liberal arts）：「<em>歐洲思想史的學習，教會我如何清楚闡述重要問題、做批判性思考、從原始文本中尋找和評估證據、透過研究調查得出合理答案，同時在書面和陳述報告中，傳達具有說服力的論點――這些全是我在職涯中需要的能力， 尤其是在我的新創企業角色中不可或缺的基本技能。</em>」</p><p style=\"text-align: left;\">沃謝會這樣說，主要源自於他的焦慮和省思。2005年，母校布朗大學邀請他返校「教創業」，他一方面擔心自己沒有教學經驗，另一方面也遲疑，要怎麼在一所連商學院都沒有的大學裡做這件事。果真在課堂上，有學生連「資產」是什麼，都需要舉手提問。</p><p style=\"text-align: left;\">「<em>沒有商學院的框架，限制他們了解『什麼是創業』『誰來學習』，反而是一種優勢，因為我可以自在地為那些被傳統教學忽略的學生，講授更廣泛的創業方式。</em>」自此之後，沃謝就抱持著這樣的破框思維，超過十五年來，打造了在布朗大學廣受歡迎的一門課程，並在累積了諸多成功案例之後，驗證此書教授的原則確實可行，最終出版本書。</p><p style=\"text-align: left;\"><img src=\"https://www.books.com.tw/img/001/096/26/0010962659.jpg\" alt=\"\" data-href=\"\" style=\"width: 100%;\"></p>', '2023-09-03 21:57:17', 0, 0, 33, 2),
(104, 'Emily Chan／那些覺得只有自己特別難的時候──繪本《魚同學》', '<p><span style=\"color: rgb(88, 89, 91); background-color: rgb(255, 255, 255);\">「為什麼只有我特別難？」這不是想像出來的自怨自艾，人生有時候真的這樣，同一件事情別人做起來輕而易舉，你卻要多花幾倍心力時間，過程還充滿挫折。魚同學要在陸地上學唸書就是這麼不簡單的事。<br><br>繪本</span><a href=\"https://www.books.com.tw/exep/assp.php/OKAPI/products/0010959927?sloc=main\" target=\"_blank\" style=\"text-align: left;\">《魚同學》</a><span style=\"color: rgb(88, 89, 91); background-color: rgb(255, 255, 255);\">的主角是一位大頭圓圓、嫩黃色身體、有著湖水藍色眼睛和鰭的魚兒。故事一開始，他在水底的房間收拾書包，然後一步步為上學做準備：把像腳的鰭穿上橡膠褲，戴上魚缸般的頭盔，然後把像手的鰭從兩側的洞洞伸出來，確保穿戴妥當不漏水，再給外露的鰭塗抹保濕乳霜，最後穿上橡膠水鞋。俗語形容艱難會說「比登天還難」，而魚同學每天踏出家門上學去，就要把自己裝備得猶如太空人登天。</span></p><p><img src=\"https://okapi.books.com.tw/uploads/image/2023/07/source/48386-1688536442.jpeg\" alt=\"\" data-href=\"\" style=\"width: 100%;\"/></p>', '2023-09-03 21:58:12', 0, 0, 33, 5),
(105, '個人意見：如果連達賴喇嘛都對死亡話題如此保守，我們怎麼相信往生與來生？', '<p><img src=\"https://okapi.books.com.tw/uploads/image/2023/08/source/49016-1693186335.jpeg\" alt=\"\" data-href=\"\" style=\"\"/></p><p style=\"text-align: left;\">世上真正能談生死之事的人不多，也許<a href=\"https://search.books.com.tw/search/query/key/%E9%81%94%E8%B3%B4%E5%96%87%E5%98%9B/cat/all\" target=\"_blank\">達賴喇嘛</a>就是一個。現在的他是轉世第十四世，是世上所知少數，有意識的有十四次死亡經驗的人，由他來和科學家做一個相關研討會是再合適也不過了，<a href=\"https://www.books.com.tw/exep/assp.php/OKAPI/products/0010950321\" target=\"_blank\">《睡眠、夢和死亡過程：科學家與達賴喇嘛探討意識問題的對話》</a>就是這樣的一本書。</p><p style=\"text-align: left;\">只是這書大部分是西方科學家在講對睡眠和夢的科學研究，死亡過程僅佔全書的一小部分，不過守住了（或失望了）最後一道防線，並沒有談到「死後」，而以瀕死經驗作結。達賴喇嘛出乎意料地對瀕死經驗提出很多問題和不同見解，好幾次我屏息期待他說出「上次我瀕死的時候不是這樣」，他就是沒說。</p><p style=\"text-align: left;\">這可以說是見到他性格裡謙遜的一面，也可以說是瀕死經驗跟真正的死亡仍然不一樣，真正經歷過死亡和轉世，也許就會覺得瀕死經驗的看到光明、看到死去親友、或一生在眼前流過，不過是個輕巧的前奏，瀕死經驗和死亡仍然存在巨大落差，只是沒人能證實死亡是怎麼一回事，要怎麼轉世回來更是一個複雜的謎題，我們可能永遠也不會知道。</p>', '2023-09-03 21:58:54', 2, 0, 33, 5),
(106, '【日常的講究】在你的基因裡，香菜吃起來是香的嗎？', '<p><img src=\"https://okapi.books.com.tw/uploads/image/2023/08/source/49098-1693471163.png\" alt=\"\" data-href=\"\" style=\"\"/></p><p style=\"text-align: left;\">你吃香菜嗎？</p><p style=\"text-align: left;\">香菜在我的同溫層間一直是非常兩極的食物，喜歡的人非常喜歡，討厭的人則非常討厭，完全無法接受，連聞到味道都不行。所以每回我在料理課中，如果當天會用到香菜，我都會事先問學員，有沒有人不吃香菜？畢竟一加進去就不可逆，不敢吃的話，就算把香菜挑掉，也抹不去那股特別的氣味。</p><p style=\"text-align: left;\">近年有研究提到，人類對香菜的接受度是基因性的，有些人的基因中，對這類型的氣味特別敏感。因此，對某些人而言，香菜的氣味很清新、清爽，甚至有點柑橘類的香氣；但對另一些人來說，卻是臭的，好像腐敗味或肥皂味，我想這是勉強不來的吧。</p><p style=\"text-align: left;\">買菜送蔥很常見，但香菜也行噢。我常去的東門市場賣菜攤，阿姨在客人結帳後，都會問說，「要蔥嗎？還是薑、九層塔或香菜？」大部份時候我會拿蔥，偶爾會要一些香菜，但總是要跟阿姨說，「一點點就好，我用不完那麼多。」</p><p style=\"text-align: left;\">即使只是小小一株香菜，我常常得用好幾天，不是切成細末灑在湯上，就是切滷味、涼拌菜時的搭配，確實用量不大。我幾乎沒有花錢買過香菜，買香菜的次數可能是五隻手指數得出來的程度。不過，這是在這幾個月前的事了，最近我買了一次又一次的香菜，每次都是一大把，賣菜阿姨問說，你是要做什麼菜啊，買這麼多？</p><p style=\"text-align: left;\">「包餃子呀！」</p><p style=\"text-align: left;\">吃到東門興記的香菜餃子前，我包餃子或餛飩時，偶爾會加少許香菜提味，特別是各式蝦肉餡，蝦仁與香菜非常搭，能夠解海鮮的蛋白質甜膩感。後來吃到興記的香菜餃子，接著又吃到昭和食堂老闆Joe桑的手工香菜煎餃後，覺得香菜完全成為主角，很可以來試試。</p><p style=\"text-align: center;\">盡量全體泡到水，連莖與根都要壓進水裡</p><p style=\"text-align: left;\">為了包餃子，香菜一買就是一大把，雖然包餃子用量大，但其實還是用不完。香菜不耐放，如果沒有處理好，在冰箱裡兩天就爛了。我以前從不多買，少少的用沾濕的餐巾紙包好，盡快用完，以免浪費。不過，最近倒是發現一個很有效的香菜保存法──將香菜先洗淨，整株浸泡在水裡，放在盒子、瓶罐或調理缽中，再送進冰箱冷藏──重點是要讓香菜盡量全體都泡到水，不用擔心葉子泡水會爛，這樣泡水冷藏保存的方式，大概能維持兩星期沒問題。冷藏的時候香氣可能會稍微被悶住，但只要再次沖水，或是稍微拍壓、切段，香氣就會再度四溢。</p><p style=\"text-align: left;\">這個方式適用於各種香草植物，以前我都是像插花一樣的把新鮮香草插在瓶子中冷藏，並沒有整體泡水，但其實香草類很需要水，泡水並不會爛，反而能延長保鮮期。</p><p style=\"text-align: left;\">除了餃子外，為了消耗大量的香菜，我用香菜葉做玉子燒，把菜梗拿去炒肉絲，另外還首度嘗試做香菜醬。</p>', '2023-09-03 21:59:44', 9, 0, 33, 8),
(114, '【高中生讀什麼✈ 】就算所有關係都留不住，也能活得燦爛？ ——讀《我的第五百年十五歲》', '<p style=\"text-align: center; line-height: 1.5;\"><img src=\"https://okapi.books.com.tw/uploads/image/2023/09/source/49108-1693557900.png\" alt=\"\" data-href=\"\" style=\"width: 100%;\"></p><h4 style=\"text-align: center; line-height: 1.5;\"><span style=\"color: rgb(225, 60, 57);\">不老不死的主角，看盡生離死別，見證人類歷史遞嬗，因為不能讓人發現自己「凍齡」的事實，百年來總是必須不斷轉換身分、改名換姓，在歲月的長河中四處漂泊，承受無休止的寂寞。這本已是近年影視、小說中的套路</span><span style=\"color: rgb(225, 60, 57);\"><strong>──</strong></span><span style=\"color: rgb(225, 60, 57);\">主角最終在百歲、千歲之時，遇見了一個平凡人，發生了不平凡的故事。總以為這樣的老梗應該玩到了盡頭，豈料又能再被一次次玩出新花樣。一個不死的主角，在各種故事裡被寫成不同的人設，鼻祖可能是來自外星球的暖男教授，後來又出現了孤單的鬼怪，還有靈魂酒店的美女老闆、女扮男裝的江湖郎中……</span><br><br></h4><p style=\"text-align: center; line-height: 1.5;\"><span style=\"background-color: rgb(231, 95, 51);\">韓劇《哈囉，我好嗎？》原著小說作者金惠貞，也寫了這樣一個不死的主角，但她用了尚未有人嘗試的設定</span><span style=\"background-color: rgb(231, 95, 51);\"><strong>──</strong></span><span style=\"background-color: rgb(231, 95, 51);\">主角的肉身定格在十五歲，以十五歲的軀殼活了五百年。我們平常認知的「青春永駐」是祝福語，是醫美廣告，但在</span><a href=\"https://www.books.com.tw/exep/assp.php/OKAPI/products/0010966025\" target=\"_blank\"><span style=\"background-color: rgb(231, 95, 51);\">《我的第五百年十五歲》</span></a><span style=\"background-color: rgb(231, 95, 51);\">，金惠貞挖掘出它不同的想像空間。</span></p><p style=\"text-align: center; line-height: 1.5;\"><img src=\"https://www.books.com.tw/img/001/096/60/0010966025.jpg\" alt=\"\" data-href=\"\" style=\"\"></p><p style=\"text-align: center; line-height: 1.5;\">故事一開始，李春天、李夏天、李秋天三姊妹剛辦完轉學手續。秋天覺得「看來看去都差不多的學校、差不多的孩子們、差不多的人生，想來這裡也是半斤八兩吧。」一旁的春天、夏天卻熱烈討論著新學校的一切。有書名這麼明顯的線索，身為讀者的我們馬上會推斷這個李秋天，想必就是那個活了五百年的主角吧！但她兩個姊妹是怎麼回事？如果是親姊妹，她們該不會也活了五百年？但如果真是這樣，怎麼秋天百無聊賴，姊妹們卻興奮異常？<br><br></p><p style=\"text-align: center; line-height: 1.5;\">原來作者還有加碼設定，除了主角已經活了五百年的十五歲之外，在這五百年間，主角的媽媽和外婆也都跟著一起凍齡了。不但凍齡，她們還會變身，且因為某種原因，在這第五百年的時候決定和秋天一起偽裝成三胞胎姊妹進入學校。於是，各種滑稽的情況來了，媽媽和外婆第一次上現代學校，發現原來考試壓力很大，數學題目很難。媽媽驚奇秋天怎麼能解出這麼複雜的題目，秋天無奈表示：「媽媽也上一百年的國中看看。」</p><p style=\"text-align: center; line-height: 1.5;\">而扮成春天的外婆，和同學們聊起天來老氣橫秋，讓秋天生怕外婆露出馬腳，但同學們竟覺得春天是說話帥氣的煩惱諮詢專家，什麼岩石般大的煩惱只要跟她一聊就成了輕盈的豆子。秋天抱怨外婆說話不要老是散發朝鮮古人的氣息，但外婆反嗆「哎喲，妳就不是古人？」於是秋天自己也感嘆十五歲和五十五歲在年齡上確實差上一大截，但按時間計算的五百一十五歲和五百五十五歲根本就沒什麼差別了！</p><p style=\"text-align: center; line-height: 1.5;\">小說的魅力往往並不在於概念的獨特性，更在於如何以文字帶著讀者進入角色的處境，在故事裡體驗想都沒想過的人生。《我的第五百年十五歲》，就是把讀者拉進永恆十五歲的假設中，寫出了永遠長不大的尷尬微妙、上學幾百年的無奈寂寥、凍齡一家人的荒誕搞笑，也寫出了被迫告別每一段緣分的孤獨傷懷。</p><p style=\"text-align: center; line-height: 1.5;\">當秋天在校門口，被校長喊成了「金善花」，這是她第八十九個名字。秋天強作鎮定說校長是認錯了人，但她心裡百感交集的想著「我怎麼可能會忘了妳呢？妳怎麼老了這麼多？」這曾經是她最好的朋友，是在她厭倦人生到想死的地步時，和她分享少女心事、讓她感受到青春該是什麼樣子的女孩。</p><p style=\"text-align: center; line-height: 1.5;\">秋天家曾收養一個凡人弟弟。弟弟剛到家裡時只是四歲的小奶娃，但隨著年齡漸長，發現不會變老的外婆、媽媽，還有不會長大的姊姊，是和自己不同的存在。儘管如此，直到他的年齡比外婆還大了，他還是喊著外婆外婆，喊媽媽媽媽，喊秋天姊姊。直到再也無法相認的那一刻，已成老爺爺的他，心中最珍視的記憶依然是有秋天一家陪伴的童年。</p><p style=\"text-align: center; line-height: 1.5;\">人生到底有什麼意義？活了五百年十五歲的秋天一直在問這個問題。生活每天都差不多無聊，身旁的人來來去去，沒有情誼能恆久持續，那人生還有什麼好期待的呢？讀完作品，把五百年的設定拿掉，這些問題其實就是只活一次十五歲也能成立。人活著，總有那麼多反覆的日常，總是經歷一段段人與人之間關係的開始與結束。秋天最終在這第五百年找到了答案。把五百年的設定拿掉，她的答案也許仍適用於現在十五歲，還沒十五歲，或是曾經十五歲的我們。</p><p style=\"text-align: center; line-height: 1.5;\">人與人之間關係的本身，或許就是一種答案。因為正是誠心對待關係的每一個當下，綻放了足以照亮永恆的燦爛光華。</p>', '2023-09-07 15:27:27', 0, 0, 7, 1);

-- --------------------------------------------------------

--
-- 資料表結構 `forum_ban`
--

CREATE TABLE `forum_ban` (
  `forum_ban_id` int(10) UNSIGNED NOT NULL,
  `client_id` int(11) NOT NULL,
  `reason` text NOT NULL,
  `ban_time` datetime DEFAULT current_timestamp()
) ENGINE=InnoDB DEFAULT CHARSET=utf8mb4 COLLATE=utf8mb4_general_ci;

-- --------------------------------------------------------

--
-- 資料表結構 `forum_category`
--

CREATE TABLE `forum_category` (
  `forum_category_id` int(10) UNSIGNED NOT NULL,
  `forum_Cname` varchar(255) NOT NULL
) ENGINE=InnoDB DEFAULT CHARSET=utf8mb4 COLLATE=utf8mb4_general_ci;

--
-- 傾印資料表的資料 `forum_category`
--

INSERT INTO `forum_category` (`forum_category_id`, `forum_Cname`) VALUES
(1, '文字小說'),
(2, '商業理財'),
(3, '藝術設計'),
(4, '人文社科'),
(5, '心理勵志'),
(6, '自然科普'),
(7, '醫療保健'),
(8, '生活風格'),
(9, '旅遊'),
(10, '輕小說'),
(11, '漫畫/圖文書'),
(12, '語言學習'),
(13, '考試用書'),
(14, '電腦資訊'),
(15, '其他');

-- --------------------------------------------------------

--
-- 資料表結構 `forum_collect`
--

CREATE TABLE `forum_collect` (
  `collect_id` int(11) NOT NULL,
  `forum_id` int(10) DEFAULT NULL,
  `client_id` int(11) DEFAULT NULL
) ENGINE=InnoDB DEFAULT CHARSET=utf8mb4 COLLATE=utf8mb4_general_ci;

--
-- 傾印資料表的資料 `forum_collect`
--

INSERT INTO `forum_collect` (`collect_id`, `forum_id`, `client_id`) VALUES
(21, 3, 1),
(24, 2, 1),
(25, 6, 1),
(26, 1, 100),
(34, 1, 5),
(35, 1, 1),
(36, 1, 1),
(38, 5, 2),
(39, 6, 2),
(40, 4, 2),
(43, 1, 1),
(48, 3, 2),
(49, 1, 2),
(50, 1, 25),
(58, 29, 454),
(66, 11, 33),
(72, 74, 483),
(73, 11, 483),
(81, 84, 6),
(82, 84, 5),
(83, 86, 5),
(85, 92, 454),
(87, 93, 5),
(89, 93, 486),
(91, 94, 486),
(93, 92, 494),
(95, 95, 494),
(96, 96, 33),
(99, 100, 33),
(100, 97, 33),
(101, 107, 6),
(105, 109, 6),
(127, 70, 6),
(128, 112, 6);

-- --------------------------------------------------------

--
-- 資料表結構 `forum_like_history`
--

CREATE TABLE `forum_like_history` (
  `forum_like_history_id` int(10) UNSIGNED NOT NULL,
  `client_id` int(11) NOT NULL,
  `forum_post_id` int(11) NOT NULL,
  `forum_like_time` datetime DEFAULT current_timestamp()
) ENGINE=InnoDB DEFAULT CHARSET=utf8mb4 COLLATE=utf8mb4_general_ci;

-- --------------------------------------------------------

--
-- 資料表結構 `forum_message`
--

CREATE TABLE `forum_message` (
  `message_id` int(11) NOT NULL,
  `id` int(11) DEFAULT NULL,
  `client_id` int(11) DEFAULT NULL,
  `forum_id` int(11) DEFAULT NULL,
  `forum_content` text DEFAULT NULL,
  `forum_likes` int(11) DEFAULT 0,
  `forum_views` int(11) DEFAULT 0,
  `publish_time` datetime DEFAULT current_timestamp()
) ENGINE=InnoDB DEFAULT CHARSET=utf8mb4 COLLATE=utf8mb4_general_ci;

--
-- 傾印資料表的資料 `forum_message`
--

INSERT INTO `forum_message` (`message_id`, `id`, `client_id`, `forum_id`, `forum_content`, `forum_likes`, `forum_views`, `publish_time`) VALUES
(73, 1, NULL, 59, '123', 0, 0, '2023-08-21 19:19:26'),
(74, 2, NULL, 59, '1', 0, 0, '2023-08-21 19:19:34'),
(75, 2, NULL, 59, '111', 0, 0, '2023-08-21 19:19:46'),
(76, 3, NULL, 59, '1', 0, 0, '2023-08-21 19:20:43'),
(77, 3, NULL, 59, '11231231', 0, 0, '2023-08-21 19:21:07'),
(78, 3, NULL, 59, '11231231', 0, 0, '2023-08-21 19:21:32'),
(79, 3, 25, 59, '11231231', 0, 0, '2023-08-21 19:21:57'),
(80, 1, 25, 59, '1231', 0, 0, '2023-08-21 19:22:12'),
(81, 1, 25, 59, '1231', 0, 0, '2023-08-21 19:22:13'),
(82, 1, 25, 59, '1231', 0, 0, '2023-08-21 19:22:35'),
(83, 1, 25, 59, '1231', 0, 0, '2023-08-21 19:23:22'),
(90, 0, 25, 0, '', 0, 0, '2023-08-21 19:32:09'),
(91, 0, 25, 0, '', 0, 0, '2023-08-21 19:33:55'),
(104, 1, 25, 55, '123', 0, 0, '2023-08-21 19:37:33'),
(105, 1, 25, 57, '123', 0, 0, '2023-08-21 19:46:14'),
(106, 1, 25, 60, '123', 0, 0, '2023-08-21 19:46:39'),
(107, 1, 25, 60, '123', 0, 0, '2023-08-21 19:46:41'),
(108, 1, 25, 60, '123', 0, 0, '2023-08-21 19:46:45'),
(109, 1, 25, 60, '1231', 0, 0, '2023-08-21 19:49:30'),
(110, 1, 25, 60, '1231', 0, 0, '2023-08-21 19:49:31'),
(113, 0, 25, 0, '', 0, 0, '2023-08-21 19:49:59'),
(115, 1, 25, 60, '12313', 0, 0, '2023-08-21 19:50:43'),
(119, 1, 24, 60, '1', 0, 0, '2023-08-21 20:00:27'),
(120, 1, 1, 29, '1111', 0, 0, '2023-08-22 15:49:30'),
(126, 1, 100, 57, '123', 0, 0, '2023-08-24 11:34:16'),
(127, 1, 100, 57, '123', 0, 0, '2023-08-24 11:34:20'),
(128, 1, 100, 57, '123', 0, 0, '2023-08-24 11:34:21'),
(129, 1, 100, 57, '123', 0, 0, '2023-08-24 11:34:21'),
(130, 1, 100, 57, '123', 0, 0, '2023-08-24 11:34:21'),
(286, 1, 2, 55, '123', 0, 0, '2023-08-28 12:55:42'),
(287, 1, 2, 55, '123123', 0, 0, '2023-08-28 12:55:44'),
(288, 1, 2, 55, '123123', 0, 0, '2023-08-28 12:55:44'),
(295, 0, 2, 0, '', 0, 0, '2023-08-28 13:14:18'),
(298, 0, 2, 0, '', 0, 0, '2023-08-28 13:14:35'),
(301, 1, 2, 49, '123', 0, 0, '2023-08-28 13:14:54'),
(302, 1, 2, 49, '123321', 0, 0, '2023-08-28 13:14:56'),
(303, 1, 2, 49, '1233213213', 0, 0, '2023-08-28 13:14:58'),
(308, 3, 2, 62, '123', 0, 0, '2023-08-28 13:51:28'),
(309, 3, 2, 62, '321', 0, 0, '2023-08-28 13:51:30'),
(310, 1, 2, 63, 'ˇˋㄓ', 0, 0, '2023-08-28 13:52:54'),
(311, 1, 2, 63, 'ˇˋㄓ', 0, 0, '2023-08-28 13:52:55'),
(312, 1, 2, 63, 'ㄅ', 0, 0, '2023-08-28 13:52:56'),
(313, 1, 2, 63, 'ㄉˇ', 0, 0, '2023-08-28 13:52:58'),
(328, 2, 2, 64, '123', 0, 0, '2023-08-28 22:57:42'),
(329, 2, 2, 64, '123', 0, 0, '2023-08-28 22:57:43'),
(330, 2, 2, 64, '123', 0, 0, '2023-08-28 22:57:44'),
(331, 2, 2, 64, '123', 0, 0, '2023-08-28 22:57:44'),
(332, 1, 2, 64, '123', 0, 0, '2023-08-28 23:03:19'),
(333, 1, 2, 64, '123', 0, 0, '2023-08-28 23:04:42'),
(334, 1, 2, 64, '123', 0, 0, '2023-08-28 23:04:53'),
(335, 1, 2, 64, '321', 0, 0, '2023-08-28 23:04:54'),
(336, 1, 2, 64, '321', 0, 0, '2023-08-28 23:04:59'),
(337, 1, 2, 64, '321', 0, 0, '2023-08-28 23:05:29'),
(338, 1, 2, 64, '321', 0, 0, '2023-08-28 23:05:29'),
(339, 1, 2, 64, '1345143515', 0, 0, '2023-08-28 23:05:52'),
(340, 1, 2, 64, '1234', 0, 0, '2023-08-28 23:06:37'),
(341, 3, 2, 64, '123', 0, 0, '2023-08-28 23:08:12'),
(342, 3, 2, 64, '12', 0, 0, '2023-08-28 23:09:15'),
(343, 1, 2, 64, '123', 0, 0, '2023-08-28 23:11:20'),
(344, 1, 2, 64, '123', 0, 0, '2023-08-28 23:11:36'),
(345, 1, 2, 64, '321', 0, 0, '2023-08-28 23:11:38'),
(346, 1, 2, 64, '【攻略】盛宴邀約，第十幕，麥莎/倫伽勒 狼群通關。', 0, 0, '2023-08-28 23:12:01'),
(347, 1, 2, 64, '【攻略】盛宴邀約，第十幕，麥莎/倫伽勒 狼群通關。【攻略】盛宴邀約，第十幕，麥莎/倫伽勒 狼群通關。', 0, 0, '2023-08-28 23:12:02'),
(348, 1, 2, 64, '【攻略】盛宴邀約，第十幕，麥莎/倫伽勒 狼群通關。【攻略】盛宴邀約，第十幕，麥莎/倫伽勒 狼群通關。【攻略】盛宴邀約，第十幕，麥莎/倫伽勒 狼群通關。', 0, 0, '2023-08-28 23:12:04'),
(349, 1, 2, 64, '【攻略】盛宴邀約，第十幕，麥莎/倫伽勒 狼群通關。【攻略】盛宴邀約，第十幕，麥莎/倫伽勒 狼群通關。【攻略】盛宴邀約，第十幕，麥莎/倫伽勒 狼群通關。【攻略】盛宴邀約，第十幕，麥莎/倫伽勒 狼群通關。', 0, 0, '2023-08-28 23:12:05'),
(350, 1, 2, 64, '【攻略】盛宴邀約，第十幕，麥莎/倫伽勒 狼群通關。【攻略】盛宴邀約，第十幕，麥莎/倫伽勒 狼群通關。【攻略】盛宴邀約，第十幕，麥莎/倫伽勒 狼群通關。【攻略】盛宴邀約，第十幕，麥莎/倫伽勒 狼群通關。【攻略】盛宴邀約，第十幕，麥莎/倫伽勒 狼群通關。', 0, 0, '2023-08-28 23:12:07'),
(351, 1, 2, 64, '【攻略】盛宴邀約，第十幕，麥莎/倫伽勒 狼群通關。【攻略】盛宴邀約，第十幕，麥莎/倫伽勒 狼群通關。【攻略】盛宴邀約，第十幕，麥莎/倫伽勒 狼群通關。', 0, 0, '2023-08-28 23:12:08'),
(352, 1, 2, 64, '123', 0, 0, '2023-08-28 23:20:42'),
(353, 1, 2, 64, '321', 0, 0, '2023-08-28 23:20:56'),
(354, 1, 2, 64, '321', 0, 0, '2023-08-28 23:21:45'),
(355, 1, 2, 64, '123', 0, 0, '2023-08-28 23:21:52'),
(356, 1, 2, 64, '123', 0, 0, '2023-08-28 23:22:07'),
(357, 1, 2, 64, '123', 0, 0, '2023-08-28 23:22:31'),
(358, 1, 2, 64, '123', 0, 0, '2023-08-28 23:22:31'),
(359, 1, 2, 64, '123', 0, 0, '2023-08-28 23:23:12'),
(360, 1, 2, 64, '3', 0, 0, '2023-08-28 23:23:13'),
(361, 1, 2, 64, '3', 0, 0, '2023-08-28 23:24:57'),
(362, 1, 2, 64, '123', 0, 0, '2023-08-28 23:24:59'),
(363, 1, 2, 64, '123', 0, 0, '2023-08-28 23:25:23'),
(364, 1, 2, 64, '123', 0, 0, '2023-08-28 23:25:58'),
(365, 1, 2, 64, '123', 0, 0, '2023-08-28 23:25:58'),
(366, 1, 2, 64, '123', 0, 0, '2023-08-28 23:26:44'),
(367, 1, 2, 64, '123', 0, 0, '2023-08-28 23:27:11'),
(368, 1, 2, 64, '123', 0, 0, '2023-08-28 23:27:33'),
(369, 1, 2, 64, '123', 0, 0, '2023-08-28 23:27:44'),
(370, 1, 2, 64, '123', 0, 0, '2023-08-28 23:27:57'),
(371, 1, 2, 64, '123', 0, 0, '2023-08-28 23:28:19'),
(372, 1, 2, 64, '123', 0, 0, '2023-08-28 23:28:47'),
(373, 1, 2, 64, '123', 0, 0, '2023-08-28 23:29:09'),
(374, 1, 2, 64, '123', 0, 0, '2023-08-28 23:29:51'),
(375, 1, 2, 64, '123', 0, 0, '2023-08-28 23:30:29'),
(376, 1, 2, 64, '321', 0, 0, '2023-08-28 23:30:31'),
(377, 1, 2, 64, '321', 0, 0, '2023-08-28 23:30:56'),
(378, 1, 2, 64, '321', 0, 0, '2023-08-28 23:31:23'),
(379, 1, 2, 64, '321', 0, 0, '2023-08-28 23:31:31'),
(380, 1, 2, 64, '321', 0, 0, '2023-08-28 23:31:39'),
(381, 1, 2, 64, '321', 0, 0, '2023-08-28 23:31:52'),
(382, 1, 2, 64, '321', 0, 0, '2023-08-28 23:32:54'),
(383, 1, 2, 64, '321', 0, 0, '2023-08-28 23:32:55'),
(384, 1, 2, 64, '321', 0, 0, '2023-08-28 23:33:09'),
(385, 1, 2, 64, '321', 0, 0, '2023-08-28 23:33:24'),
(386, 1, 2, 64, '321', 0, 0, '2023-08-28 23:33:53'),
(387, 1, 2, 64, '321', 0, 0, '2023-08-28 23:34:24'),
(388, 1, 2, 64, '321', 0, 0, '2023-08-28 23:35:03'),
(389, 1, 2, 64, '321', 0, 0, '2023-08-28 23:35:08'),
(390, 1, 2, 64, '321', 0, 0, '2023-08-28 23:35:56'),
(391, 1, 2, 64, '3', 0, 0, '2023-08-28 23:36:01'),
(392, 1, 2, 64, '3', 0, 0, '2023-08-28 23:36:48'),
(393, 1, 2, 64, '3', 0, 0, '2023-08-28 23:36:49'),
(394, 1, 2, 64, '3', 0, 0, '2023-08-28 23:37:05'),
(395, 1, 2, 64, '3', 0, 0, '2023-08-28 23:37:16'),
(396, 1, 2, 64, '3', 0, 0, '2023-08-28 23:37:33'),
(397, 1, 2, 64, '3', 0, 0, '2023-08-28 23:37:47'),
(398, 1, 2, 64, '3', 0, 0, '2023-08-28 23:38:07'),
(399, 1, 2, 64, '3', 0, 0, '2023-08-28 23:38:43'),
(400, 1, 2, 64, '3', 0, 0, '2023-08-28 23:38:45'),
(401, 1, 2, 64, '3', 0, 0, '2023-08-28 23:39:24'),
(402, 1, 2, 64, '3', 0, 0, '2023-08-28 23:40:33'),
(403, 1, 2, 64, '3', 0, 0, '2023-08-28 23:40:37'),
(404, 1, 2, 64, 'ˇㄅ', 0, 0, '2023-08-28 23:41:06'),
(405, 1, 2, 64, 'ˇㄅ', 0, 0, '2023-08-28 23:41:19'),
(406, 1, 2, 64, '321', 0, 0, '2023-08-28 23:41:21'),
(407, 1, 2, 64, '321', 0, 0, '2023-08-28 23:41:31'),
(408, 1, 2, 64, '321', 0, 0, '2023-08-28 23:41:31'),
(409, 1, 2, 64, '321', 0, 0, '2023-08-28 23:41:49'),
(410, 1, 2, 64, '321', 0, 0, '2023-08-28 23:42:01'),
(411, 1, 2, 64, '321', 0, 0, '2023-08-28 23:42:56'),
(412, 1, 2, 64, '321', 0, 0, '2023-08-28 23:42:57'),
(413, 1, 2, 64, '321', 0, 0, '2023-08-28 23:43:29'),
(414, 1, 2, 64, '321', 0, 0, '2023-08-28 23:43:34'),
(415, 1, 2, 64, '321', 0, 0, '2023-08-28 23:43:35'),
(416, 1, 2, 64, '321', 0, 0, '2023-08-28 23:43:46'),
(417, 1, 2, 64, '321', 0, 0, '2023-08-28 23:44:44'),
(418, 1, 2, 64, '321', 0, 0, '2023-08-28 23:45:05'),
(419, 1, 2, 64, '321', 0, 0, '2023-08-28 23:52:08'),
(420, 1, 2, 64, '321', 0, 0, '2023-08-28 23:52:26'),
(421, 1, 2, 64, '321', 0, 0, '2023-08-28 23:52:26'),
(422, 1, 2, 64, '321', 0, 0, '2023-08-28 23:52:50'),
(423, 1, 2, 64, '123', 0, 0, '2023-08-28 23:53:06'),
(424, 1, 2, 11, '嗨各位', 0, 0, '2023-08-29 09:34:39'),
(425, 1, 6, 11, '喜歡留言一下啊～', 0, 0, '2023-08-29 10:07:43'),
(428, 1, 2, 65, '留言留言', 0, 0, '2023-08-29 15:04:39'),
(429, 1, 2, 65, '留言留言', 0, 0, '2023-08-29 15:04:43'),
(430, 1, 2, 65, '留言留言', 0, 0, '2023-08-29 15:04:44'),
(431, 1, 2, 65, '留言留言', 0, 0, '2023-08-29 15:04:45'),
(432, 1, 2, 65, '留言留言', 0, 0, '2023-08-29 15:04:46'),
(433, 1, 2, 65, '留言留言', 0, 0, '2023-08-29 15:04:47'),
(434, 1, 2, 11, 'q23', 0, 0, '2023-08-29 15:09:12'),
(435, 1, 2, 11, 'tyutui', 0, 0, '2023-08-29 15:09:14'),
(436, 1, 2, 11, '123', 0, 0, '2023-08-30 12:02:18'),
(437, 1, 2, 11, '123', 0, 0, '2023-08-30 12:02:19'),
(438, 1, 2, 11, '123', 0, 0, '2023-08-30 12:02:19'),
(439, 1, 2, 11, '123', 0, 0, '2023-08-30 12:02:20'),
(440, 1, 2, 11, '123', 0, 0, '2023-08-30 12:02:20'),
(441, 1, 2, 11, '123', 0, 0, '2023-08-30 12:02:20'),
(442, 1, 2, 11, '123', 0, 0, '2023-08-30 12:02:20'),
(443, 1, 2, 11, '123', 0, 0, '2023-08-30 12:02:20'),
(446, 1, 5, 11, 'ㄉˇ', 0, 0, '2023-08-30 12:20:12'),
(447, 1, 5, 11, 'ㄉˇ', 0, 0, '2023-08-30 12:20:13'),
(448, 1, 5, 11, 'ㄉˇ', 0, 0, '2023-08-30 12:20:13'),
(449, 1, 5, 11, 'ㄉˇ', 0, 0, '2023-08-30 12:20:13'),
(450, 1, 5, 11, 'ㄉˇ', 0, 0, '2023-08-30 12:20:14'),
(451, 1, 5, 11, 'ㄉˇ', 0, 0, '2023-08-30 12:20:14'),
(452, 1, 33, 11, '1233333', 0, 0, '2023-08-30 14:57:03'),
(453, 1, 7, 81, '123213', 0, 0, '2023-08-31 02:17:33'),
(454, 1, 7, 81, '3213123', 0, 0, '2023-08-31 02:17:34'),
(455, 1, 7, 82, '12313', 0, 0, '2023-08-31 02:17:52'),
(456, 1, 7, 82, '123213', 0, 0, '2023-08-31 02:17:53'),
(457, 1, 7, 82, '123213', 0, 0, '2023-08-31 02:17:55'),
(458, 1, 7, 82, '123213', 0, 0, '2023-08-31 02:17:56'),
(461, 1, 5, 92, '123213', 0, 0, '2023-08-31 10:01:03'),
(462, 1, 5, 92, '123213', 0, 0, '2023-08-31 10:01:03'),
(463, 1, 5, 92, '123213', 0, 0, '2023-08-31 10:01:03'),
(464, 1, 5, 92, '321321', 0, 0, '2023-08-31 10:01:05'),
(465, 1, 5, 93, '哇操', 0, 0, '2023-08-31 10:35:00'),
(466, 1, 5, 93, '哇操', 0, 0, '2023-08-31 10:35:00'),
(467, 1, 21, 94, '安安各位', 0, 0, '2023-08-31 11:32:17'),
(468, 1, 21, 94, '安安', 0, 0, '2023-08-31 11:32:21'),
(469, 1, 103, 93, '超讚', 0, 0, '2023-08-31 11:32:31'),
(470, 1, 486, 94, '安安', 0, 0, '2023-08-31 11:32:57'),
(471, 2, 486, 94, '１２３', 0, 0, '2023-08-31 11:33:19'),
(472, 1, 50, 95, '32', 0, 0, '2023-09-02 15:50:44'),
(473, 2, 50, 95, '321', 0, 0, '2023-09-02 15:50:47');

-- --------------------------------------------------------

--
-- 資料表結構 `forum_pc`
--

CREATE TABLE `forum_pc` (
  `forum_pc_id` int(11) NOT NULL,
  `forum_id` int(10) NOT NULL,
  `forum_category_id` int(11) NOT NULL
) ENGINE=InnoDB DEFAULT CHARSET=utf8mb4 COLLATE=utf8mb4_general_ci;

-- --------------------------------------------------------

--
-- 資料表結構 `forum_pt`
--

CREATE TABLE `forum_pt` (
  `forum_pt_id` int(11) NOT NULL,
  `forum_id` int(10) UNSIGNED NOT NULL,
  `forum_tag_id` int(11) NOT NULL
) ENGINE=InnoDB DEFAULT CHARSET=utf8mb4 COLLATE=utf8mb4_general_ci;

-- --------------------------------------------------------

--
-- 資料表結構 `forum_question`
--

CREATE TABLE `forum_question` (
  `question_id` int(11) NOT NULL,
  `question_name` varchar(255) NOT NULL
) ENGINE=InnoDB DEFAULT CHARSET=utf8mb4 COLLATE=utf8mb4_general_ci;

--
-- 傾印資料表的資料 `forum_question`
--

INSERT INTO `forum_question` (`question_id`, `question_name`) VALUES
(1, '購書'),
(2, '閱讀'),
(3, '抱怨'),
(4, '推薦'),
(5, '團購');

-- --------------------------------------------------------

--
-- 資料表結構 `forum_reply`
--

CREATE TABLE `forum_reply` (
  `forum_reply_id` int(10) NOT NULL,
  `forum_content` text NOT NULL,
  `forum_create_time` datetime DEFAULT current_timestamp(),
  `forum_likes` int(11) DEFAULT NULL,
  `forum_id` int(11) NOT NULL,
  `client_id` int(11) NOT NULL,
  `forum_category_id` int(11) NOT NULL,
  `avatar` varchar(255) DEFAULT NULL
) ENGINE=InnoDB DEFAULT CHARSET=utf8mb4 COLLATE=utf8mb4_general_ci;

--
-- 傾印資料表的資料 `forum_reply`
--

INSERT INTO `forum_reply` (`forum_reply_id`, `forum_content`, `forum_create_time`, `forum_likes`, `forum_id`, `client_id`, `forum_category_id`, `avatar`) VALUES
(7, 'This is post 11', '2023-08-10 18:25:00', 86, 11, 1, 3, '01.png'),
(8, 'This is post 12', '2023-08-11 19:40:00', 57, 12, 1, 2, '01.png'),
(9, 'This is post 13', '2023-08-12 20:15:00', 63, 13, 1, 1, '01.png'),
(10, 'This is post 14', '2023-08-13 21:05:00', 72, 14, 1, 2, '01.png'),
(25, '<p>123123213213</p>', '2023-08-27 18:25:19', NULL, 0, 5, 3, '1692686271210shai.png'),
(28, '<p>12323463245435345</p>', '2023-08-28 13:51:11', NULL, 62, 2, 4, '02.png'),
(29, '<p>12312321313123</p>', '2023-08-28 13:51:21', NULL, 62, 2, 4, '02.png'),
(31, '<p>123</p>', '2023-08-28 22:56:10', NULL, 64, 2, 4, '02.png'),
(32, '<p>123</p>', '2023-08-28 23:00:54', NULL, 64, 2, 4, '02.png'),
(33, '<p>123</p>', '2023-08-28 23:02:32', NULL, 64, 2, 4, '02.png'),
(34, '<p>123</p>', '2023-08-28 23:02:49', NULL, 64, 2, 4, '02.png'),
(35, '<p>123</p>', '2023-08-29 09:59:43', NULL, 11, 2, 4, '02.png'),
(36, '<p>這是正常的哦ＸＤ</p>', '2023-08-29 10:09:50', NULL, 65, 2, 5, '02.png'),
(38, '<p> ㄏasascasc</p>', '2023-08-29 15:05:04', NULL, 65, 2, 3, '02.png'),
(40, '<p>123123</p>', '2023-08-31 02:17:29', NULL, 81, 7, 4, '07.png'),
(43, '<p>?</p>', '2023-08-31 09:48:46', NULL, 92, 454, 2, '1693412827067logo.jpg'),
(44, '<p>以下開放留言</p>', '2023-08-31 10:35:47', NULL, 93, 5, 4, '1693246173440shai.png'),
(45, '<h1>安安 你這篇文章很讚喔</h1>', '2023-08-31 11:33:11', NULL, 94, 486, 6, NULL),
(46, '<p>123</p>', '2023-09-02 13:46:00', NULL, 94, 50, 3, '50.png'),
(47, '<p>123</p>', '2023-09-02 13:55:44', NULL, 94, 50, 5, '50.png'),
(48, '<p>31211112312331313</p>', '2023-09-02 13:56:23', 0, 95, 50, 4, '50.png');

-- --------------------------------------------------------

--
-- 資料表結構 `forum_tag`
--

CREATE TABLE `forum_tag` (
  `forum_tag_id` int(10) UNSIGNED NOT NULL,
  `forum_tag_name` varchar(255) NOT NULL
) ENGINE=InnoDB DEFAULT CHARSET=utf8mb4 COLLATE=utf8mb4_general_ci;

-- --------------------------------------------------------

--
-- 資料表結構 `forum_view_history`
--

CREATE TABLE `forum_view_history` (
  `forum_view_history_id` int(10) UNSIGNED NOT NULL,
  `client_id` int(11) NOT NULL,
  `forum_id` int(11) NOT NULL,
  `forum_view_time` datetime DEFAULT current_timestamp()
) ENGINE=InnoDB DEFAULT CHARSET=utf8mb4 COLLATE=utf8mb4_general_ci;

-- --------------------------------------------------------

--
-- 資料表結構 `message`
--

CREATE TABLE `message` (
  `number` int(11) NOT NULL,
  `id` int(11) DEFAULT NULL,
  `client_id` int(11) DEFAULT NULL,
  `post_id` int(11) DEFAULT NULL,
  `content` text DEFAULT NULL,
  `likes` int(11) DEFAULT 0,
  `views` int(11) DEFAULT 0,
  `publish_time` datetime DEFAULT current_timestamp()
) ENGINE=InnoDB DEFAULT CHARSET=utf8mb4 COLLATE=utf8mb4_general_ci;

--
-- 傾印資料表的資料 `message`
--

INSERT INTO `message` (`number`, `id`, `client_id`, `post_id`, `content`, `likes`, `views`, `publish_time`) VALUES
(1, 1, 1, 5, 'hello world', 0, 0, '2023-08-05 20:08:04'),
(2, 1, 2, 5, 'hello world', 0, 0, '2023-08-05 20:08:04'),
(3, 1, 3, 5, 'hello world', 0, 0, '2023-08-05 20:08:04'),
(4, 2, 1, 4, 'hello world', 0, 0, '2023-08-05 20:09:35'),
(5, 2, 2, 4, 'hello world', 0, 0, '2023-08-05 20:09:35'),
(6, 2, 3, 4, 'hello world', 0, 0, '2023-08-05 20:09:35'),
(7, 2, 1, 5, 'hello world', 0, 0, '2023-08-05 20:11:12'),
(8, 2, 2, 5, 'hello world', 0, 0, '2023-08-05 20:11:12'),
(9, 2, 3, 5, 'hello world', 0, 0, '2023-08-05 20:11:12'),
(10, 1, 1, 5, '超電磁電波少女', 0, 0, '2023-08-06 17:32:26'),
(11, 1, 1, 5, '超級中二病少年', 0, 0, '2023-08-06 18:03:31'),
(12, 1, 1, 5, 'Nine one one 打鐵 LOLOLOLOLO', 0, 0, '2023-08-06 18:05:23'),
(13, 1, 5, 5, '草你媽垃圾留言區', 0, 0, '2023-08-08 16:20:37'),
(14, 2, 5, 5, '幹你娘終於好了齁', 0, 0, '2023-08-08 16:20:53'),
(15, 3, 5, 5, '幹你娘給我出現喔', 0, 0, '2023-08-08 16:21:03'),
(16, 1, 5, 5, '終於有了', 0, 0, '2023-08-08 16:25:28'),
(17, 3, 5, 5, '白痴東西幹你娘', 0, 0, '2023-08-08 16:25:46'),
(18, 3, 5, 5, '白痴東西幹你娘', 0, 0, '2023-08-08 16:25:46'),
(19, 3, 5, 5, '11', 0, 0, '2023-08-08 16:27:27'),
(20, 3, 5, 5, '11', 0, 0, '2023-08-08 16:28:20'),
(21, 3, 5, 5, '11', 0, 0, '2023-08-08 16:31:05'),
(22, 1, 5, 5, '123', 0, 0, '2023-08-08 16:32:45'),
(23, 1, 5, 5, '123', 0, 0, '2023-08-08 16:32:48'),
(24, 1, 5, 5, '123', 0, 0, '2023-08-08 16:32:51'),
(25, 1, 5, 5, '123456', 0, 0, '2023-08-08 16:32:57'),
(26, 1, 5, 5, '123456', 0, 0, '2023-08-08 16:33:07'),
(27, 1, 5, 3, '幹你娘', 0, 0, '2023-08-08 16:41:49'),
(28, 1, 5, 3, '哈囉', 0, 0, '2023-08-08 16:41:53'),
(29, 2, 5, 3, '草', 0, 0, '2023-08-08 16:41:58'),
(30, 2, 5, 3, '草', 0, 0, '2023-08-08 16:41:58'),
(31, 2, 5, 3, '草', 0, 0, '2023-08-08 16:41:58'),
(32, 2, 5, 3, '草', 0, 0, '2023-08-08 16:41:58'),
(33, 2, 5, 3, '草', 0, 0, '2023-08-08 16:41:59'),
(34, 1, 5, 1, 'ㄕjowepjfopwejfp', 0, 0, '2023-08-08 16:42:10'),
(35, 1, 5, 1, 'ㄕjowepjfopwejfp', 0, 0, '2023-08-08 16:42:10'),
(36, 1, 5, 1, 'ㄕjowepjfopwejfp', 0, 0, '2023-08-08 16:42:10'),
(37, 1, 5, 1, 'ㄕjowepjfopwejfp', 0, 0, '2023-08-08 16:42:10'),
(38, 1, 5, 3, '0123123', 0, 0, '2023-08-08 16:45:29'),
(39, 1, 5, 5, '123', 0, 0, '2023-08-10 11:41:51'),
(40, 1, 5, 5, 'ˋ直', 0, 0, '2023-08-10 13:17:30'),
(41, 1, 5, 5, 'ㄉˇ123', 0, 0, '2023-08-11 14:30:05');

-- --------------------------------------------------------

--
-- 資料表結構 `order`
--

CREATE TABLE `order` (
  `order_id` int(11) UNSIGNED NOT NULL,
  `order_create_date` datetime DEFAULT current_timestamp(),
  `consignee` varchar(10) NOT NULL,
  `consignee_phone` char(10) NOT NULL,
  `consignee_address` tinytext NOT NULL,
  `total` int(11) NOT NULL,
  `order_status_id` int(1) NOT NULL DEFAULT 1,
  `client_id` int(11) NOT NULL,
  `coupon_id` int(10) DEFAULT NULL,
  `delivery_id` int(1) NOT NULL,
  `receipt_id` int(1) NOT NULL,
  `pay_id` int(1) NOT NULL,
  `delivery_fee` int(11) NOT NULL DEFAULT 100,
  `paymentCode` varchar(255) DEFAULT NULL,
  `other` text DEFAULT NULL,
  `delivery_address` varchar(255) DEFAULT NULL,
  `receipt_vehicle` varchar(255) DEFAULT NULL
) ENGINE=InnoDB DEFAULT CHARSET=utf8mb4 COLLATE=utf8mb4_general_ci;

--
-- 傾印資料表的資料 `order`
--

INSERT INTO `order` (`order_id`, `order_create_date`, `consignee`, `consignee_phone`, `consignee_address`, `total`, `order_status_id`, `client_id`, `coupon_id`, `delivery_id`, `receipt_id`, `pay_id`, `delivery_fee`, `paymentCode`, `other`, `delivery_address`, `receipt_vehicle`) VALUES
(1, '2023-06-30 23:12:56', '李小紅', '0912345696', '新北市永和區文化路19號', 2020, 3, 19, 1, 1, 1, 1, 60, NULL, NULL, NULL, NULL),
(2, '2023-06-30 23:13:39', '李小紅', '0912345692', '新北市三重區重新路15號', 890, 3, 15, 1, 2, 1, 4, 60, NULL, NULL, NULL, NULL),
(3, '2023-06-30 23:14:59', '李小紅', '0912345686', '新北市新莊區中正路9號', 1540, 2, 9, 1, 3, 3, 2, 60, NULL, NULL, NULL, NULL),
(4, '2023-06-30 23:15:59', '陳小美', '0912345684', '桃園市中壢區中山東路7號', 1760, 2, 7, 1, 3, 1, 1, 60, NULL, NULL, NULL, NULL),
(5, '2023-06-30 23:16:39', '林大雄', '0912345679', '新北市永和區中正路2號', 880, 2, 2, 1, 1, 1, 4, 60, NULL, NULL, NULL, NULL),
(6, '2023-06-30 23:17:30', '王大明', '0912345697', '台中市南區工學路20號', 3650, 3, 20, 1, 2, 2, 3, 0, NULL, NULL, NULL, NULL),
(7, '2023-06-30 23:18:02', '李小紅', '0912345696', '新北市永和區文化路19號', 1720, 2, 19, 1, 1, 3, 1, 60, NULL, NULL, NULL, NULL),
(8, '2023-06-30 23:18:37', '黃大順', '0912345683', '新竹市東區中央路6號', 1470, 2, 6, 1, 3, 3, 1, 60, NULL, NULL, NULL, NULL),
(9, '2023-06-30 23:19:07', '王大明', '0912345681', '高雄市鹽埕區中山路4號', 610, 2, 4, 1, 3, 1, 1, 60, NULL, NULL, NULL, NULL),
(10, '2023-06-30 23:19:44', '林大雄', '0912345691', '台北市大同區延平北路14號', 3370, 1, 14, 1, 1, 2, 2, 0, NULL, NULL, NULL, NULL),
(11, '2023-06-30 23:32:19', '王大明', '0912345693', '台中市北區太平路16號', 2030, 3, 16, 1, 3, 3, 4, 60, NULL, NULL, NULL, NULL),
(12, '2023-06-30 23:32:53', '黃大順', '0912345689', '新竹市北區光復路12號', 1690, 1, 12, 1, 1, 1, 3, 60, NULL, NULL, NULL, NULL),
(13, '2023-06-30 23:33:29', '王大明', '0912345687', '台中市南區大墩路10號', 3060, 1, 10, 1, 1, 1, 1, 0, NULL, NULL, NULL, NULL),
(14, '2023-06-30 23:33:55', '王大明', '0912345697', '台中市南區工學路20號', 620, 1, 20, 1, 1, 1, 1, 60, NULL, NULL, NULL, NULL),
(15, '2023-06-30 23:34:26', '張小華', '0912345688', '台南市永康區中山路11號', 1480, 1, 11, 1, 1, 1, 1, 60, NULL, NULL, NULL, NULL),
(16, '2023-06-30 23:35:01', '李小紅', '0912345680', '台中市西區民生南路3號', 910, 2, 3, 1, 3, 1, 4, 60, NULL, NULL, NULL, NULL),
(17, '2023-06-30 23:35:14', '李小紅', '0912345680', '台中市西區民生南路3號', 360, 2, 3, 1, 2, 1, 1, 60, NULL, NULL, NULL, NULL),
(18, '2023-06-30 23:35:51', '李小紅', '0912345686', '新北市新莊區中正路9號', 1690, 2, 9, 1, 1, 1, 1, 60, NULL, NULL, NULL, NULL),
(19, '2023-06-30 23:37:23', '陳小美', '0912345684', '桃園市中壢區中山東路7號', 6320, 1, 7, 1, 3, 2, 3, 0, NULL, NULL, NULL, NULL),
(20, '2023-06-30 23:37:57', '王大明', '0912345693', '台中市北區太平路16號', 1170, 1, 16, 1, 1, 1, 1, 60, NULL, NULL, NULL, NULL),
(21, '2023-06-30 23:38:22', '陳小美', '0912345694', '台南市安平區中華路17號', 330, 1, 17, 1, 1, 1, 1, 60, NULL, NULL, NULL, NULL),
(22, '2023-06-30 23:38:56', '陳小美', '0912345690', '桃園市中壢區中山西路13號', 1250, 1, 13, 1, 1, 2, 4, 60, NULL, NULL, NULL, NULL),
(23, '2023-06-30 23:39:57', '王大明', '0912345687', '台中市南區大墩路10號', 2660, 1, 10, 1, 2, 1, 1, 60, NULL, NULL, NULL, NULL),
(24, '2023-06-30 23:43:02', '黃大順', '0912345683', '新竹市東區中央路6號', 1140, 1, 6, 1, 2, 1, 4, 60, NULL, NULL, NULL, NULL),
(25, '2023-06-30 23:51:58', '王大明', '0912345681', '高雄市鹽埕區中山路4號', 1190, 1, 4, 1, 2, 1, 4, 60, NULL, NULL, NULL, NULL),
(26, '2023-07-02 14:30:02', '陳小美', '0912345678', '台北市中山區民生東路1號', 1450, 1, 1, 1, 2, 3, 1, 60, NULL, NULL, NULL, NULL),
(27, '2023-07-02 14:32:07', '陳小美', '0912345678', '台北市中山區民生東路1號', 850, 1, 1, 1, 1, 1, 1, 60, NULL, NULL, NULL, NULL),
(28, '2023-07-02 20:56:17', '陳小美', '0912345678', '台北市中山區民生東路1號', 1830, 1, 1, 1, 2, 2, 4, 60, NULL, NULL, NULL, NULL),
(29, '2023-08-19 13:58:53', '陳小美', '0912345678', '台北市中山區民生東路1號', 299, 1, 1, NULL, 1, 1, 1, 100, '657fee78-e408-429b-bcb2-4664686f007e', '', NULL, NULL),
(30, '2023-08-19 14:08:42', '陳小美', '0912345678', '台北市中山區民生東路1號', 599, 1, 1, NULL, 1, 1, 1, 100, '64342ffc-32b4-4923-9c80-95aaa816a0eb', '', NULL, NULL),
(31, '2023-08-19 14:23:31', '陳小美', '0912345678', '台北市中山區民生東路1號', 299, 1, 1, NULL, 1, 1, 1, 100, '8d9b5081-7ab4-43cc-bee0-e2be621d42f9', '', NULL, NULL),
(32, '2023-08-19 15:47:41', '陳小美', '0912345678', '台北市中山區民生東路1號', 780, 1, 1, NULL, 1, 1, 0, 100, 'a3124943-d634-48bd-be95-eef38965b5f3', '', NULL, NULL),
(33, '2023-08-19 16:31:28', '陳小美', '0912345678', '台北市中山區民生東路1號', 299, 1, 1, NULL, 1, 1, 0, 100, '6cd6aa00-e4cf-470a-847d-fd4f4878cf11', '', NULL, NULL),
(34, '2023-08-19 16:33:12', '陳小美', '0912345678', '台北市中山區民生東路1號', 299, 1, 1, NULL, 1, 1, 0, 100, 'b949e063-919d-4f97-aaff-1e01be88b3ad', '', NULL, NULL),
(35, '2023-08-19 16:49:53', '陳小美', '0912345678', '台北市中山區民生東路1號', 400, 1, 1, NULL, 1, 1, 0, 100, 'ac6f5708-4cd1-4cab-bde5-a206d25c5fd6', '', NULL, NULL),
(36, '2023-08-19 16:51:24', '陳小美', '0912345678', '台北市中山區民生東路1號', 400, 1, 1, NULL, 1, 1, 0, 100, '770d5bfb-062d-4f1e-8b16-ade4d0ca9c4b', '', NULL, NULL),
(37, '2023-08-19 17:03:02', '陳小美', '0912345678', '台北市中山區民生東路1號', 400, 3, 1, NULL, 2, 2, 2, 100, '782475d8-7cc2-464c-86ea-987413bc42f5', '', NULL, NULL),
(38, '2023-08-19 18:22:10', '陳小美', '0912345678', '台北市中山區民生東路1號', 1198, 3, 1, NULL, 1, 2, 1, 100, '5792107f-d972-40e4-bd63-7f1744253fb7', '', NULL, NULL),
(39, '2023-08-19 18:45:08', '陳小美', '0912345678', '台北市中山區民生東路1號', 400, 3, 1, NULL, 1, 1, 1, 100, 'ed9431fe-a8eb-497f-8a5a-76bc7b03edc5', '', NULL, NULL),
(40, '2023-08-19 18:51:11', '陳小美', '0912345678', '台北市中山區民生東路1號', 1560, 3, 1, NULL, 1, 1, 1, 100, 'c783faea-f46e-4ca7-957d-d4b95fb49790', '', NULL, NULL),
(41, '2023-08-19 18:54:02', '陳小美', '0912345678', '台北市中山區民生東路1號', 400, 3, 1, NULL, 1, 1, 1, 100, 'cc01e67b-9ec1-439f-9257-8d5ae4b98b75', '', NULL, NULL),
(42, '2023-08-19 19:10:06', '陳小美', '0912345678', '台北市中山區民生東路1號', 780, 3, 1, NULL, 1, 1, 1, 100, '2193912a-6c6a-4ff6-bc95-c0c122fbb5b3', '', NULL, NULL),
(43, '2023-08-20 23:23:46', '陳小美', '0912345678', '台北市中山區民生東路1號', 3377, 3, 1, NULL, 1, 1, 1, 0, '22a45b4f-d885-45b4-ad63-9d9bf7ee5be2', '', NULL, NULL),
(44, '2023-08-20 23:27:21', '陳小美', '0912345678', '台北市中山區民生東路1號', 1200, 3, 1, 12, 1, 1, 1, 100, 'a17c7a9a-e6e6-42d2-8c77-031a11351b58', '', NULL, NULL),
(45, '2023-08-21 00:02:25', '陳小美', '0912345678', '台北市中山區民生東路1號', 589, 3, 1, 10, 1, 1, 1, 100, 'c57e4493-6872-4bd0-8f34-5ec2a2cd2d7b', '', NULL, NULL),
(46, '2023-08-21 12:09:19', '陳小美', '0912345678', '台北市中山區民生東路1號', 390, 1, 1, 10, 1, 1, 1, 100, '11c55b6f-b5a8-44cb-9c7f-8447ff4832a8', '', NULL, NULL),
(47, '2023-08-21 14:02:07', '陳小美', '0912345678', '台北市中山區民生東路1號', 1177, 1, 1, NULL, 2, 1, 1, 100, '58c8a51f-76c2-421c-bc6e-14dbe7bedd96', '', NULL, NULL),
(48, '2023-08-21 14:02:26', '陳小美', '0912345678', '台北市中山區民生東路1號', 1177, 1, 1, NULL, 1, 1, 4, 100, '143c4aad-f6aa-4924-92a9-8fe0f99e9069', '', NULL, NULL),
(49, '2023-08-21 14:02:48', '陳小美', '0912345678', '台北市中山區民生東路1號', 1177, 1, 1, NULL, 2, 1, 4, 100, 'dd058f8f-6cd8-4670-bb16-bdaa9c3e7f0d', '', NULL, NULL),
(50, '2023-08-21 14:03:24', '陳小美', '0912345678', '台北市中山區民生東路1號', 1291, 1, 1, NULL, 1, 1, 3, 100, '5ec6063d-50a3-4f82-a724-bfc64047d1c0', '', NULL, NULL),
(51, '2023-08-21 19:42:22', '陳小美', '0912345678', '台北市中山區民生東路1號', 399, 1, 1, 13, 1, 1, 1, 60, '728a1941-9abf-4605-a92f-fba29d9bae45', '', NULL, NULL),
(52, '2023-08-21 19:42:57', '陳小美', '0912345678', '台北市中山區民生東路1號', 599, 3, 1, 13, 1, 1, 1, 60, 'f51c1202-53dc-4f15-ab88-71efd483ea01', '', NULL, NULL),
(53, '2023-08-21 19:45:51', '陳小美', '0912345678', '台北市中山區民生東路1號', 400, 3, 1, 13, 1, 1, 1, 60, '0698e307-5961-4f96-8ff2-f6a19d80d409', '', NULL, NULL),
(54, '2023-08-21 20:01:30', '陳小美', '0912345678', '台北市中山區民生東路1號', 780, 3, 1, 10, 1, 1, 1, 60, '0304fed7-0a73-4c15-afe7-2f1071916cca', '', NULL, NULL),
(55, '2023-08-21 20:42:07', '陳小美', '0912345678', '台北市中山區民生東路1號', 55, 3, 1, 9, 1, 2, 1, 60, '726ed01b-6292-4bde-8b9b-7e149cbe2eef', '', NULL, NULL),
(56, '2023-08-21 21:02:22', '陳小美', '0912345678', '台北市中山區民生東路1號', 280, 3, 1, 13, 1, 1, 1, 60, '0a66ff4d-cd0d-4560-8d33-542b1f9fbc9a', '', NULL, NULL),
(57, '2023-08-21 21:24:59', '陳小美', '0912345678', '台北市中山區民生東路1號', 400, 3, 1, 10, 1, 1, 1, 60, 'a7be33a8-43a8-4fb5-b4ae-439cff04e35d', '', NULL, NULL),
(58, '2023-08-22 11:25:34', '陳小美', '0912345678', '台北市中山區民生東路1號', 55, 3, 1, 10, 1, 1, 1, 60, '18363c70-1e47-4442-8090-ad55533c72f9', '', NULL, NULL),
(59, '2023-08-22 15:45:51', '陳小美', '0912345678', '台北市中山區民生東路1號', 400, 1, 1, 10, 1, 1, 1, 60, '514f81dd-584a-4cf3-a02f-66d6dbd52e95', '', NULL, NULL),
(60, '2023-08-24 00:47:06', '陳小美', '0912345678', '台北市中山區民生東路1號', 6588, 1, 1, NULL, 1, 1, 1, 0, '35297398-61af-4e3c-b7a6-3ff2d581d8ef', '', NULL, NULL),
(61, '2023-08-24 00:47:11', '陳小美', '0912345678', '台北市中山區民生東路1號', 6588, 1, 1, NULL, 1, 1, 1, 0, '5b8fa423-ab8b-43ab-aaad-a7059f6a3c89', '', NULL, NULL),
(62, '2023-08-24 01:38:51', '陳小美', '0912345678', '台北市中山區民生東路1號', 358, 3, 1, NULL, 2, 2, 1, 60, '9a8a550d-49fe-43d0-ab1f-ab15e673a800', '', NULL, NULL),
(63, '2023-08-24 14:01:08', '測試人員', '0912345694', '台南市安平區中華路17號', 270, 1, 17, NULL, 1, 1, 1, 60, '82fc91b3-98dc-4646-9f1b-ebe05cb082d0', '', NULL, NULL),
(64, '2023-08-24 16:33:35', '王小綠', '0912345777', '台北市中山區松江路100號', 1188, 3, 100, NULL, 1, 1, 1, 60, '5c056882-27c7-417b-8d94-f0a947e28354', '', NULL, NULL),
(65, '2023-08-25 15:06:52', '測試人員', '0912345694', '台南市安平區中華路17號', 1280, 3, 17, NULL, 2, 1, 1, 60, 'a1fc0bbf-4a5c-4bb8-88fe-6886efcd4dfa', '', NULL, NULL),
(66, '2023-08-26 11:23:38', '', '', '', 1368, 1, 1, NULL, 0, 1, 1, 60, 'f2be4a69-c6a9-4f4a-a4a9-9efcb9f6184e', '', NULL, NULL),
(67, '2023-08-26 12:59:32', '', '', '', 2377, 1, 1, NULL, 0, 1, 1, 60, '3b95a9d0-3085-45f2-add1-b3799cf7fb8a', '', NULL, NULL),
(68, '2023-08-26 16:17:07', '', '', '', 3789, 1, 1, NULL, 1, 1, 1, 0, 'a2ce2e7c-e4cc-4ae6-b7ef-5e38649ff2a2', '', NULL, NULL),
(69, '2023-08-26 16:17:38', '', '', '', 3789, 1, 1, NULL, 0, 1, 1, 0, 'f4197f53-b768-4128-861f-bfda485e2db1', '', NULL, NULL),
(70, '2023-08-26 16:20:10', '', '', '', 3789, 1, 1, NULL, 2, 1, 1, 0, 'bf461d60-28f4-489c-a6ef-c4508ba0cc40', '', NULL, NULL),
(71, '2023-08-26 16:43:57', '林大值', '0912345678', '台北市中山區民生東路100號', 3789, 1, 1, NULL, 1, 1, 1, 0, '3cd08052-f992-485c-99f8-e36c0bc71eee', '', NULL, NULL),
(72, '2023-08-26 16:44:03', '林大值', '0912345678', '台北市中山區民生東路100號', 3789, 1, 1, NULL, 1, 1, 1, 0, '6c230ee8-c262-47ab-9ad5-02446afd8580', '', NULL, NULL),
(73, '2023-08-26 16:49:43', '林大值', '0912345678', '台北市中山區民生東路100號', 3789, 1, 1, NULL, 1, 1, 1, 0, '3a41e45b-04e0-47e2-b797-efce5c5a35c1', '', NULL, NULL),
(74, '2023-08-26 16:50:00', '林大值', '0912345678', '台北市中山區民生東路100號', 3789, 1, 1, NULL, 1, 1, 1, 0, '3dd505ce-c502-4e48-9fb8-348bc1c78f71', '', NULL, NULL),
(75, '2023-08-26 16:50:52', '林大值', '0912345678', '台北市中山區民生東路100號', 3789, 3, 1, NULL, 1, 1, 1, 0, '175fac52-c900-4dbf-aa74-4ac017770561', '', NULL, NULL),
(76, '2023-08-26 16:51:47', '安安', '0998798787', '屏東市中正文化區', 259, 1, 17, NULL, 1, 1, 1, 60, '04687280-686f-4c3e-9e52-d25834832d22', '', NULL, NULL),
(77, '2023-08-26 16:52:21', '安安', '0998798787', '屏東市中正文化區', 259, 1, 17, NULL, 1, 1, 1, 60, '987c1408-cfdb-4227-acd9-8677be36211e', '', NULL, NULL),
(78, '2023-08-26 16:53:10', '安安', '0998798787', '屏東市中正文化區', 259, 3, 17, NULL, 1, 1, 1, 60, '7ade40b5-ef4d-4e77-bea1-438c233b270a', '', NULL, NULL),
(79, '2023-08-26 16:53:43', '林大值', '0912345678', '台北市中山區民生東路100號', 3789, 1, 1, NULL, 1, 1, 1, 0, '6a3cc120-cdc8-4676-bf4a-cb906dde1826', '', NULL, NULL),
(80, '2023-08-26 18:11:52', '林大值', '0912345678', '台北市中山區民生東路100號', 614, 3, 1, 8, 1, 1, 1, 60, '2cfe7502-555b-4ff9-8665-fd4889d5a9cb', '', NULL, NULL),
(81, '2023-08-26 18:29:25', '林大值', '0912345678', '台北市中山區民生東路100號', 99, 3, 1, 5, 1, 1, 1, 60, '4ad9e4f9-ec6e-46dd-b8ac-5c37e53e04cc', '', NULL, NULL),
(82, '2023-08-26 21:36:47', '林大值', '0912345678', '台北市中山區民生東路100號', 171, 3, 1, NULL, 1, 2, 1, 60, 'af108038-001d-46f3-bf57-df3470161f11', '', NULL, NULL),
(83, '2023-08-26 22:50:45', '林大值', '0912345678', '台北市中山區民生東路100號', 1075, 3, 1, 4, 2, 1, 1, 60, '0530218b-4cb9-49da-8c1e-37d824413c5b', '', NULL, NULL),
(84, '2023-08-27 01:47:14', '張小華', '0912345682', '台南市北區民權路5號', 7400, 3, 5, NULL, 1, 1, 1, 0, '89d9c38f-ac31-4ea2-9e0b-6b99433dda5e', '', NULL, NULL),
(85, '2023-08-27 02:23:35', '安安', '0998798787', '屏東市中正文化區', 480, 3, 17, NULL, 1, 1, 1, 60, 'b0b7be2f-b4fb-441d-bd31-47218a5ad288', '', NULL, NULL),
(86, '2023-08-27 02:38:37', '張小華', '0912345682', '台南市北區民權路5號', 171, 1, 5, NULL, 2, 1, 1, 60, '162e96c7-9166-4725-b54c-cd1018a6b663', '', NULL, NULL),
(87, '2023-08-27 02:38:42', '張小華', '0912345682', '台南市北區民權路5號', 171, 1, 5, NULL, 2, 1, 1, 60, '0d487bf6-e464-41c0-8297-8fce230b779a', '', NULL, NULL),
(88, '2023-08-27 02:44:44', '張小華', '0912345682', '台南市北區民權路5號', 171, 3, 5, NULL, 1, 1, 1, 60, '0c1670d7-9c3f-4236-a010-ff2ae8474212', '', NULL, NULL),
(89, '2023-08-27 02:47:00', '張小華', '0912345682', '台南市北區民權路5號', 171, 3, 5, NULL, 1, 1, 1, 60, '411d8cb3-7f41-4dfc-a0bf-1d0ad4d3ee87', '', NULL, NULL),
(90, '2023-08-27 02:49:40', '張小華', '0912345682', '台南市北區民權路5號', 171, 3, 5, NULL, 2, 1, 1, 60, 'c37a4ae1-e8b8-488d-bae1-f71da2de87e8', '', NULL, NULL),
(91, '2023-08-27 03:07:18', '安安', '0998798787', '屏東市中正文化區', 571, 3, 17, 5, 1, 1, 1, 60, 'debc3a25-1bbe-4341-9153-c4ffdbef2553', '', NULL, NULL),
(92, '2023-08-27 03:25:52', '安安', '0998798787', '屏東市中正文化區', 410, 3, 17, NULL, 1, 1, 1, 60, '29f56a8c-e2e1-4726-a885-42fe169ccb2c', '', NULL, NULL),
(93, '2023-08-27 16:47:40', '李大雄', '0912345702', '台中市西屯區市政北路25號', 480, 1, 25, NULL, 1, 2, 2, 60, '[object Object]', '', NULL, NULL),
(94, '2023-08-27 16:48:42', '李大雄', '0912345702', '台中市西屯區市政北路25號', 480, 1, 25, NULL, 1, 2, 2, 60, '[object Object]', '', NULL, NULL),
(95, '2023-08-27 16:49:45', '李大雄', '0912345702', '台中市西屯區市政北路25號', 480, 1, 25, NULL, 2, 1, 2, 60, '[object Object]', '', NULL, NULL),
(96, '2023-08-27 16:52:09', '林小美', '0912345707', '桃園市中壢區高鐵路30號', 259, 1, 30, NULL, 1, 2, 2, 60, '[object Object]', '', NULL, NULL),
(97, '2023-08-27 16:53:25', '林小美', '0912345707', '桃園市中壢區高鐵路30號', 259, 1, 30, NULL, 1, 2, 2, 60, '1693126294036', '', NULL, NULL),
(98, '2023-08-27 16:53:42', '林小美', '0912345707', '桃園市中壢區高鐵路30號', 259, 1, 30, NULL, 2, 2, 2, 60, '1693126404683', '', NULL, NULL),
(99, '2023-08-27 18:02:35', '林小美', '0912345707', '桃園市中壢區高鐵路30號', 259, 1, 30, NULL, 1, 1, 2, 60, '1693130543923', '', NULL, NULL),
(100, '2023-08-27 18:02:50', '林小美', '0912345707', '桃園市中壢區高鐵路30號', 259, 1, 30, NULL, 1, 1, 2, 60, '1693130569077', '', NULL, NULL),
(101, '2023-08-27 18:03:20', '李大雄', '0912345702', '台中市西屯區市政北路25號', 480, 1, 25, NULL, 1, 1, 2, 60, '1693130598482', '', NULL, NULL),
(102, '2023-08-27 18:05:18', '李大雄', '0912345702', '台中市西屯區市政北路25號', 480, 1, 25, NULL, 2, 1, 2, 60, '1693130716412', '', NULL, NULL),
(103, '2023-08-27 18:59:35', '李大雄', '0912345702', '台中市西屯區市政北路25號', 778, 1, 25, NULL, 1, 2, 2, 60, '1693133972578', '', NULL, NULL),
(104, '2023-08-27 19:04:23', '李大雄', '0912345702', '台中市西屯區市政北路25號', 778, 2, 25, NULL, 1, 2, 1, 60, '9609dd8d-b5ca-433e-a0f6-33603375ee44', '', NULL, NULL),
(105, '2023-08-27 19:49:27', '李大雄', '0912345702', '台中市西屯區市政北路25號', 384, 1, 25, 3, 1, 2, 1, 60, 'a761063e-08f2-4f58-b651-abda649aa16b', '', NULL, NULL),
(106, '2023-08-27 19:49:27', '李大雄', '0912345702', '台中市西屯區市政北路25號', 384, 1, 25, 3, 1, 2, 1, 60, '96739818-48e5-4c90-99f9-a0c10c2a5d3a', '', NULL, NULL),
(107, '2023-08-27 20:59:30', '林大值', '0912345678', '台北市中山區民生東路100號', 442, 1, 1, 7, 1, 2, 1, 60, '413f4871-cf41-4011-89d4-5f3ab2d0390f', '', NULL, NULL),
(108, '2023-08-27 20:59:50', '林大值', '0912345678', '台北市中山區民生東路100號', 442, 1, 1, 7, 1, 2, 1, 60, '85d95313-1f87-43ac-849e-4c227645f3b4', '', NULL, NULL),
(109, '2023-08-27 21:28:19', '林大值', '0912345678', '台北市中山區民生東路100號', 540, 2, 1, 11, 1, 2, 1, 60, '20d960ea-389c-427b-a019-f862c56ec07b', '', NULL, NULL),
(110, '2023-08-27 21:39:14', '安安', '0998798787', '屏東市中正文化區', 371, 1, 17, NULL, 1, 1, 2, 60, '1693143552061', '', NULL, NULL),
(111, '2023-08-27 21:44:56', '林大值', '0912345678', '台北市中山區民生東路100號', 55, 1, 1, 3, 1, 2, 2, 60, '1693143893053', '', NULL, NULL),
(112, '2023-08-27 21:50:56', '林大值', '0912345678', '台北市中山區民生東路100號', 0, 1, 1, 5, 1, 2, 2, 60, '1693143893053', '', NULL, NULL),
(113, '2023-08-27 21:51:03', '林大值', '0912345678', '台北市中山區民生東路100號', 0, 1, 1, 5, 1, 2, 2, 60, '1693144255417', '', NULL, NULL),
(114, '2023-08-27 21:52:59', '林大值', '0912345678', '台北市中山區民生東路100號', 0, 1, 1, 5, 1, 2, 2, 60, '1693144377037', '', NULL, NULL),
(115, '2023-08-27 21:53:03', '林大值', '0912345678', '台北市中山區民生東路100號', 0, 1, 1, 5, 1, 2, 2, 60, '1693144377037', '', NULL, NULL),
(116, '2023-08-27 21:54:16', '林小美', '0912345707', '桃園市中壢區高鐵路30號', 929, 2, 30, NULL, 1, 1, 2, 60, '1693144454349', '', NULL, NULL),
(117, '2023-08-28 15:50:18', '安安', '0998798787', '屏東市中正文化區', 2815, 1, 17, NULL, 1, 1, 2, 60, '1693209016269', '', NULL, NULL),
(118, '2023-08-28 16:34:24', '安安', '0998798787', '屏東市中正文化區', 7287, 1, 17, NULL, 1, 1, 2, 0, '1693211659446', '', NULL, NULL),
(119, '2023-08-28 22:08:23', '安安', '0998798787', '屏東市中正文化區', 259, 1, 17, NULL, 1, 2, 2, 60, '1693231700008', '', NULL, NULL),
(120, '2023-08-28 23:01:43', '安安', '0998798787', '屏東市中正文化區', 259, 2, 17, NULL, 1, 1, 2, 60, '1693234899125', '', NULL, NULL),
(121, '2023-08-28 23:19:13', '葉小綠', '0912345877', '台中市西屯區文心路200號', 660, 1, 200, NULL, 1, 2, 2, 60, '1693235807771', '', NULL, NULL),
(122, '2023-08-28 23:29:34', '葉小綠', '0912345877', '台中市西屯區文心路200號', 809, 2, 200, NULL, 2, 2, 2, 60, '1693236564199', '', NULL, NULL),
(123, '2023-08-28 23:53:48', '葉小綠', '0912345877', '台中市西屯區文心路200號', 205, 2, 200, NULL, 1, 1, 2, 60, '1693238025321', '', NULL, NULL),
(124, '2023-08-28 23:55:54', '葉小綠', '0912345877', '台中市西屯區文心路200號', 305, 3, 200, NULL, 2, 1, 2, 60, '1693238149211', '', NULL, NULL),
(125, '2023-08-29 00:02:45', '葉小綠', '0912345877', '台中市西屯區文心路200號', 305, 1, 200, NULL, 2, 1, 2, 60, '1693238471961', '', NULL, NULL),
(126, '2023-08-29 00:02:53', '葉小綠', '0912345877', '台中市西屯區文心路200號', 305, 2, 200, NULL, 1, 1, 2, 60, '1693238570269', '', NULL, NULL),
(127, '2023-08-29 00:05:59', '葉小綠', '0912345877', '台中市西屯區文心路200號', 259, 1, 200, NULL, 2, 1, 2, 60, '1693238680624', '', NULL, NULL),
(128, '2023-08-29 00:06:09', '葉小綠', '0912345877', '台中市西屯區文心路200號', 259, 2, 200, NULL, 2, 1, 2, 60, '1693238763496', '', NULL, NULL),
(129, '2023-08-29 00:11:29', '葉小綠', '0912345877', '台中市西屯區文心路200號', 282, 2, 200, NULL, 2, 1, 2, 60, '1693239086357', '', NULL, NULL),
(130, '2023-08-29 00:12:29', '葉小綠', '0912345877', '台中市西屯區文心路200號', 171, 2, 200, NULL, 1, 1, 2, 60, '1693239147384', '', NULL, NULL),
(131, '2023-08-29 00:17:04', '葉小綠', '0912345877', '台中市西屯區文心路200號', 948, 2, 200, NULL, 2, 1, 2, 60, '1693239416108', '', NULL, NULL),
(132, '2023-08-29 00:18:44', '葉小綠', '0912345877', '台中市西屯區文心路200號', 440, 2, 200, NULL, 2, 1, 2, 60, '1693239522048', '', NULL, NULL),
(133, '2023-08-29 00:20:06', '葉小綠', '0912345877', '台中市西屯區文心路200號', 259, 3, 200, NULL, 2, 1, 2, 60, '1693239603452', '', NULL, NULL),
(134, '2023-08-29 00:21:15', '葉小綠', '0912345877', '台中市西屯區文心路200號', 259, 2, 200, NULL, 2, 1, 2, 60, '1693239673608', '', NULL, NULL),
(135, '2023-08-29 00:24:53', '葉小綠', '0912345877', '台中市西屯區文心路200號', 259, 3, 200, NULL, 2, 1, 2, 60, '1693239890144', '', NULL, NULL),
(136, '2023-08-29 00:29:16', '葉小綠', '0912345877', '台中市西屯區文心路200號', 382, 2, 200, NULL, 2, 2, 2, 60, '1693240150496', '', NULL, NULL),
(137, '2023-08-29 00:32:10', '葉小綠', '0912345877', '台中市西屯區文心路200號', 669, 2, 200, NULL, 1, 1, 2, 60, '1693240327896', '', NULL, NULL),
(138, '2023-08-29 00:33:41', '葉小綠', '0912345877', '台中市西屯區文心路200號', 171, 2, 200, NULL, 2, 2, 2, 60, '1693240416034', '', NULL, NULL),
(139, '2023-08-29 01:22:03', '葉小綠', '0912345877', '台中市西屯區文心路200號', 259, 2, 200, NULL, 2, 1, 1, 60, '6a38ab75-d840-4253-975d-75aa30df75e1', '', NULL, NULL),
(140, '2023-08-29 01:25:32', '葉小綠', '0912345877', '台中市西屯區文心路200號', 259, 2, 200, NULL, 2, 1, 1, 60, '014c224f-546a-4e8c-8f9b-3e8dcadd3ae4', '', NULL, NULL),
(141, '2023-08-29 10:20:17', '兔兔不可以吃', '0912345693', '台中市北區太平路16號', 410, 2, 16, NULL, 1, 1, 2, 60, '1693275612300', '', NULL, NULL),
(142, '2023-08-29 10:29:25', '兔兔不可以吃', '0912345693', '台中市北區太平路16號', 2750, 2, 16, 3, 1, 2, 2, 0, '1693276153084', '', NULL, NULL),
(143, '2023-08-31 01:13:36', '陳哲嘉', '0912345678', '台北市中山區民生東路100號', -316, 1, 1, NULL, 1, 1, 2, 60, '1693415612102', '', NULL, NULL),
(144, '2023-08-31 01:13:40', '陳哲嘉', '0912345678', '台北市中山區民生東路100號', -316, 1, 1, NULL, 1, 1, 2, 60, '1693415612102', '', NULL, NULL),
(145, '2023-08-31 01:13:50', '陳哲嘉', '0912345678', '台北市中山區民生東路100號', 1340, 1, 1, NULL, 1, 1, 2, 60, '1693415628956', '', NULL, NULL),
(146, '2023-08-31 01:13:56', '陳哲嘉', '0912345678', '台北市中山區民生東路100號', 1340, 1, 1, NULL, 1, 1, 2, 60, '1693415628956', '', NULL, NULL),
(147, '2023-08-31 01:14:20', '陳哲嘉', '0912345678', '台北市中山區民生東路100號', -296, 1, 1, NULL, 1, 1, 2, 60, '1693415658755', '', NULL, NULL),
(148, '2023-08-31 01:14:26', '陳哲嘉', '0912345678', '台北市中山區民生東路100號', -296, 1, 1, NULL, 1, 1, 2, 60, '1693415658755', '', NULL, NULL),
(149, '2023-08-31 01:24:55', '許小紅', '0912345887', '新北市三峽區中正路210號', 259, 1, 210, NULL, 1, 1, 3, 60, NULL, '', NULL, NULL),
(150, '2023-08-31 01:27:52', '許小紅', '0912345887', '新北市三峽區中正路210號', 110, 1, 210, NULL, 1, 1, 3, 60, NULL, '', NULL, NULL),
(151, '2023-08-31 01:29:21', '許小紅', '0912345887', '新北市三峽區中正路210號', 205, 1, 210, NULL, 1, 1, 3, 60, NULL, '', NULL, NULL),
(152, '2023-08-31 01:31:01', '王小莉', '0934567001', '台北市中山區南京東路321號', 2460, 2, 281, 12, 1, 1, 1, 60, 'fe4fe28b-22b6-4da2-a517-013757305522', '', NULL, NULL),
(153, '2023-08-31 01:33:27', '王小莉', '0934567001', '台北市中山區南京東路321號', 2460, 1, 281, 12, 1, 1, 1, 60, 'e7539df9-9f11-49d4-bb2e-b6ee9b5a4a66', '', NULL, NULL),
(154, '2023-08-31 01:36:15', '王小莉', '0934567001', '台北市中山區南京東路321號', 520, 1, 281, NULL, 1, 1, 1, 60, 'c1bdc48c-d38e-429f-9306-e188f57b4b56', '', NULL, NULL),
(155, '2023-08-31 01:37:26', '王小莉', '0934567001', '台北市中山區南京東路321號', 520, 1, 281, NULL, 1, 1, 1, 60, '43d592fa-f5da-4c05-9d5d-7737154e2658', '', NULL, NULL),
(156, '2023-08-31 01:37:37', '王小莉', '0934567001', '台北市中山區南京東路321號', 520, 1, 281, NULL, 1, 1, 1, 60, 'a985e96b-e2d0-498c-8440-1c29da3a6521', '', NULL, NULL),
(157, '2023-08-31 01:38:10', '王小莉', '0934567001', '台北市中山區南京東路321號', 520, 1, 281, NULL, 1, 1, 1, 60, 'b5826986-dada-44b6-8807-ca7b3daf552e', '', NULL, NULL),
(158, '2023-08-31 01:38:24', '王小莉', '0934567001', '台北市中山區南京東路321號', 520, 1, 281, NULL, 1, 1, 1, 60, '88d32f42-1d74-4081-b77b-d31b944f3861', '', NULL, NULL),
(159, '2023-08-31 01:39:04', '王小莉', '0934567001', '台北市中山區南京東路321號', 520, 1, 281, NULL, 1, 1, 1, 60, '319d1c8a-98cc-4101-a56a-f982a2f47b66', '', NULL, NULL),
(160, '2023-08-31 01:41:49', '王小莉', '0934567001', '台北市中山區南京東路321號', 520, 2, 281, NULL, 1, 1, 1, 60, 'ae1b99a5-e5f9-4bb1-855b-ec49a697fc89', '', NULL, NULL),
(161, '2023-08-31 01:42:49', '王小莉', '0934567001', '台北市中山區南京東路321號', 280, 2, 281, NULL, 1, 1, 1, 60, '06e36ff9-a67a-4ac3-af4d-f638cac506ca', '', NULL, NULL),
(162, '2023-08-31 01:44:54', '王小莉', '0934567001', '台北市中山區南京東路321號', 480, 2, 281, NULL, 1, 1, 1, 60, '62d25741-8a2c-4a7c-926c-77af13b15f0d', '', NULL, NULL),
(163, '2023-08-31 01:59:08', '許小紅', '0912345887', '新北市三峽區中正路210號', 730, 1, 210, NULL, 1, 1, 3, 60, NULL, '', NULL, NULL),
(164, '2023-08-31 01:59:55', '許小紅', '0912345887', '新北市三峽區中正路210號', 730, 1, 210, NULL, 1, 1, 3, 60, NULL, '', NULL, NULL),
(165, '2023-08-31 02:00:09', '許小紅', '0912345887', '新北市三峽區中正路210號', 730, 1, 210, NULL, 2, 1, 3, 60, NULL, '', NULL, NULL),
(166, '2023-08-31 02:01:06', '許小紅', '0912345887', '新北市三峽區中正路210號', 241, 1, 210, 13, 1, 1, 4, 0, NULL, '', NULL, NULL),
(167, '2023-08-31 02:44:32', '張景羽', '0912345684', '桃園市中壢區中山東路7號', 550, 2, 7, NULL, 1, 1, 1, 60, '168e2fb6-1ec9-4655-961c-491db97eb68e', '', NULL, NULL),
(168, '2023-08-31 03:10:43', '黃大順', '0912345683', '新竹市東區中央路6號', 171, 2, 6, NULL, 1, 1, 2, 60, '1693422642526', '', NULL, NULL),
(169, '2023-08-31 03:13:11', '黃大順', '0912345683', '新竹市東區中央路6號', 416, 2, 6, NULL, 1, 1, 2, 60, '1693422789168', '', NULL, NULL),
(170, '2023-08-31 03:14:08', '黃大順', '0912345683', '新竹市東區中央路6號', 259, 2, 6, NULL, 1, 1, 2, 60, '1693422848278', '', NULL, NULL),
(171, '2023-08-31 03:14:47', '黃大順', '0912345683', '新竹市東區中央路6號', 662, 1, 6, NULL, 1, 1, 1, 60, '7e317d54-d0fb-474d-90be-3c3bcf4dcf77', '', NULL, NULL),
(172, '2023-08-31 03:15:39', '黃大順', '0912345683', '新竹市東區中央路6號', 662, 1, 6, NULL, 1, 1, 1, 60, 'a62b14b3-203b-451b-a7ce-c015ff7f95e6', '', NULL, NULL),
(173, '2023-08-31 03:16:18', '黃大順', '0912345683', '新竹市東區中央路6號', 662, 2, 6, NULL, 1, 1, 1, 60, '5d80ef4b-e2f7-4507-b9ec-d122e7e8d39d', '', NULL, NULL),
(174, '2023-08-31 03:17:31', '黃大順', '0912345683', '新竹市東區中央路6號', 662, 1, 6, NULL, 1, 1, 1, 60, '9df6bca6-da41-4ccb-8b29-0419c357f9f8', '', NULL, NULL),
(175, '2023-08-31 03:17:36', '黃大順', '0912345683', '新竹市東區中央路6號', 662, 1, 6, NULL, 1, 1, 1, 60, 'daa25a6f-7cbb-4cac-b578-109c9248330d', '', NULL, NULL),
(176, '2023-08-31 03:18:01', '黃大順', '0912345683', '新竹市東區中央路6號', 114, 2, 6, NULL, 1, 1, 1, 60, 'c23f0f40-c5aa-42c0-887f-051e799c5983', '', NULL, NULL),
(177, '2023-08-31 03:18:48', '陳哲嘉', '0912345678', '台北市中山區民生東路100號', 2126, 1, 1, NULL, 1, 1, 2, 60, '1693423118470', '', NULL, NULL),
(178, '2023-08-31 03:18:55', '陳哲嘉', '0912345678', '台北市中山區民生東路100號', 2126, 1, 1, NULL, 2, 1, 2, 60, '1693423134112', '', NULL, NULL),
(179, '2023-08-31 03:19:03', '陳哲嘉', '0912345678', '台北市中山區民生東路100號', 2126, 1, 1, NULL, 2, 1, 2, 60, '1693423134112', '', NULL, NULL),
(180, '2023-08-31 03:19:07', '陳哲嘉', '0912345678', '台北市中山區民生東路100號', 2126, 2, 1, NULL, 2, 1, 2, 60, '1693423146781', '', NULL, NULL),
(181, '2023-08-31 03:22:18', '林安安', '0998798787', '屏東市中正文化區', 8036, 2, 17, NULL, 1, 1, 2, 0, '1693423336665', '', NULL, NULL),
(182, '2023-08-31 10:26:19', '張玉雄', '0912345698', '新竹市東區民生路21號', 1440, 2, 21, NULL, 1, 1, 1, 60, 'f42200d5-9093-46f3-ac50-77e7fb1cf775', '', NULL, NULL),
(183, '2023-08-31 10:29:43', '張玉雄', '0912345698', '新竹市東區民生路21號', 960, 2, 21, NULL, 1, 1, 1, 60, '41b2a69b-473b-4487-8c3c-842132b45ff5', '', NULL, NULL),
(184, '2023-08-31 10:30:52', '張玉雄', '0912345698', '新竹市東區民生路21號', 1012, 2, 21, NULL, 1, 1, 2, 60, '1693449051009', '', NULL, NULL),
(185, '2023-08-31 11:23:54', '張玉雄', '0912345698', '新竹市東區民生路21號', 460, 2, 21, NULL, 1, 1, 1, 60, '8fcb1ca4-542c-4dfb-8dac-e984b4715da0', '', NULL, NULL),
(186, '2023-08-31 11:25:33', '張玉雄', '0912345698', '新竹市東區民生路21號', 1260, 2, 21, NULL, 1, 1, 2, 60, '1693452331169', '', NULL, NULL),
(187, '2023-08-31 12:56:59', '尤阿傑', '0988168168', '高雄市三民區建工路900號', 160, 1, 486, NULL, 1, 1, 2, 60, '1693457816576', '', NULL, NULL),
(188, '2023-08-31 12:58:56', '尤阿傑', '0988168168', '高雄市三民區建工路900號', 160, 2, 486, NULL, 1, 1, 2, 60, '1693457934364', '', NULL, NULL),
(189, '2023-08-31 13:00:02', '尤阿傑', '0988168168', '高雄市三民區建工路900號', 415, 2, 486, NULL, 2, 1, 2, 60, '1693458000457', '', NULL, NULL),
(190, '2023-08-31 13:04:09', '尤阿傑', '0988168168', '高雄市三民區建工路900號', 415, 2, 486, NULL, 1, 1, 2, 60, '1693458247376', '', NULL, NULL),
(191, '2023-08-31 13:06:20', '尤阿傑', '0988168168', '高雄市三民區建工路900號', 205, 2, 486, NULL, 1, 1, 2, 60, '1693458379188', '', NULL, NULL),
(192, '2023-08-31 13:09:00', '尤阿傑', '0988168168', '高雄市三民區建工路900號', 205, 2, 486, NULL, 1, 1, 2, 60, '1693458539420', '', NULL, NULL),
(193, '2023-08-31 13:10:17', '尤阿傑', '0988168168', '高雄市三民區建工路900號', 419, 2, 486, NULL, 1, 1, 2, 60, '1693458616264', '', NULL, NULL),
(194, '2023-08-31 13:12:57', '尤阿傑', '0988168168', '高雄市三民區建工路900號', 87, 2, 486, NULL, 2, 1, 2, 60, '1693458775911', '', NULL, NULL),
(195, '2023-08-31 13:14:09', '尤阿傑', '0988168168', '高雄市三民區建工路900號', 171, 2, 486, NULL, 1, 1, 2, 60, '1693458846122', '', NULL, NULL),
(196, '2023-08-31 13:15:06', '尤阿傑', '0988168168', '高雄市三民區建工路900號', 260, 2, 486, NULL, 1, 1, 2, 60, '1693458904751', '', NULL, NULL),
(197, '2023-08-31 13:16:10', '尤阿傑', '0988168168', '高雄市三民區建工路900號', 160, 2, 486, NULL, 1, 1, 2, 60, '1693458968203', '', NULL, NULL),
(198, '2023-08-31 13:17:07', '尤阿傑', '0988168168', '高雄市三民區建工路900號', 420, 2, 486, NULL, 1, 1, 2, 60, '1693459025637', '', NULL, NULL),
(199, '2023-08-31 13:19:15', '尤阿傑', '0988168168', '高雄市三民區建工路900號', 420, 2, 486, NULL, 1, 1, 2, 60, '1693459153903', '', NULL, NULL),
(200, '2023-08-31 13:20:54', '尤阿傑', '0988168168', '高雄市三民區建工路900號', 137, 2, 486, NULL, 1, 1, 2, 60, '1693459252287', '', NULL, NULL),
(201, '2023-08-31 13:23:02', '尤阿傑', '0988168168', '高雄市三民區建工路900號', 380, 2, 486, NULL, 1, 1, 2, 60, '1693459381980', '', NULL, NULL),
(202, '2023-08-31 13:25:49', '尤阿傑', '0988168168', '高雄市三民區建工路900號', 510, 2, 486, NULL, 1, 1, 2, 60, '1693459548488', '', NULL, NULL),
(204, '2023-08-31 13:51:12', '林安安', '0998798787', '屏東市中正文化區', 171, 1, 17, NULL, 1, 1, 2, 60, '1693461071394', '', NULL, NULL),
(205, '2023-08-31 13:54:01', '林安安', '0998798787', '屏東市中正文化區', 171, 1, 17, NULL, 1, 1, 2, 60, '1693461209674', '', NULL, NULL),
(206, '2023-08-31 13:56:39', '林安安', '0998798787', '屏東市中正文化區', 171, 1, 17, NULL, 1, 1, 2, 60, '1693461397081', '', NULL, NULL),
(207, '2023-08-31 13:58:39', '林安安', '0998798787', '屏東市中正文化區', 171, 2, 17, NULL, 1, 1, 2, 60, '1693461516275', '', NULL, NULL),
(208, '2023-08-31 14:00:46', '林安安', '0998798787', '屏東市中正文化區', 370, 2, 17, NULL, 1, 2, 2, 60, '1693461644636', '', NULL, NULL),
(209, '2023-08-31 14:05:34', '林安安', '0998798787', '屏東市中正文化區', 370, 1, 17, NULL, 1, 1, 2, 60, '1693461928331', '', NULL, NULL),
(210, '2023-08-31 14:07:26', '林安安', '0998798787', '屏東市中正文化區', 370, 1, 17, NULL, 1, 1, 2, 60, '1693462045508', '', NULL, NULL),
(211, '2023-08-31 14:10:59', '林安安', '0998798787', '屏東市中正文化區', 370, 1, 17, NULL, 1, 1, 2, 60, '1693462258329', '', NULL, NULL),
(212, '2023-08-31 14:26:21', '林安安', '0998798787', '屏東市中正文化區', 370, 1, 17, NULL, 1, 1, 2, 60, '1693463179955', '', NULL, NULL),
(213, '2023-08-31 14:27:06', '林安安', '0998798787', '屏東市中正文化區', 370, 1, 17, NULL, 1, 1, 2, 60, '1693463220458', '', NULL, NULL),
(216, '2023-08-31 14:45:17', '王浩友', '0912345695', '高雄市鳳山區鳳松路18號', 121, 1, 18, NULL, 1, 1, 2, 60, '1693464314695', '', NULL, NULL),
(217, '2023-08-31 14:45:25', '王浩友', '0912345695', '高雄市鳳山區鳳松路18號', 121, 1, 18, NULL, 1, 1, 2, 60, '1693464314695', '', NULL, NULL),
(218, '2023-08-31 15:23:50', '由阿傑', '0912345682', '台南市北區民權路5號', 171, 2, 5, NULL, 1, 1, 1, 60, 'e8b85cdd-03ab-4c28-800d-a04653d2852b', '', NULL, NULL),
(219, '2023-08-31 15:25:40', '由阿傑', '0912345682', '台南市北區民權路5號', 484, 2, 5, NULL, 1, 1, 1, 60, '1b0cff88-09fd-472b-9379-5e65de077194', '', NULL, NULL),
(220, '2023-08-31 15:32:27', '王浩友', '0912345695', '高雄市鳳山區鳳松路18號', 260, 2, 18, NULL, 1, 1, 1, 60, 'f14c7023-002c-4bd4-90fe-a15bcece056b', '', NULL, NULL),
(221, '2023-08-31 15:38:13', '張玉雄', '0912345698', '新竹市東區民生路21號', 126, 1, 21, NULL, 1, 1, 1, 60, '59f38774-7090-4cb4-85b9-10b36b031aaa', '', NULL, NULL),
(222, '2023-08-31 16:27:30', '陳哲嘉', '0912345678', '台北市中山區民生東路100號', 1055, 1, 1, NULL, 2, 1, 2, 60, '1693470443921', '', NULL, NULL),
(234, '2023-09-01 13:56:46', '林安安', '0998798787', '屏東市中正文化區', 370, 2, 17, NULL, 1, 1, 1, 60, '21244f64-a517-4794-be10-df5de54f2fcf', '', NULL, NULL),
(235, '2023-09-01 13:58:03', '林安安', '0998798787', '屏東市中正文化區', 171, 1, 17, NULL, 1, 1, 2, 60, '1693547879355', '', NULL, NULL),
(236, '2023-09-01 13:58:49', '林安安', '0998798787', '屏東市中正文化區', 171, 1, 17, NULL, 1, 1, 2, 60, '1693547879355', '', NULL, NULL),
(270, '2023-09-02 20:30:25', '', '', '', 259, 1, 1, NULL, 2, 1, 4, 60, NULL, '', NULL, NULL),
(271, '2023-09-02 20:54:32', '蔡明宏', '0912345727', '台北市中山區松江路50號', 1643, 1, 50, NULL, 2, 1, 2, 60, '1693659258363', '', NULL, NULL),
(272, '2023-09-02 20:54:38', '蔡明宏', '0912345727', '台北市中山區松江路50號', 1643, 1, 50, NULL, 2, 1, 2, 60, '1693659258363', '', NULL, NULL),
(273, '2023-09-02 20:54:51', '蔡明宏', '0912345727', '台北市中山區松江路50號', 1643, 1, 50, NULL, 1, 1, 2, 60, '1693659289693', '', NULL, NULL),
(274, '2023-09-02 21:16:55', '蔡明宏', '0912345727', '台北市中山區松江路50號', 615, 2, 50, NULL, 1, 1, 1, 60, '434d8e40-56de-4015-b158-ddcf436ba1ca', '', NULL, NULL),
(275, '2023-09-02 21:18:39', '蔡明宏', '0912345727', '台北市中山區松江路50號', 61, 2, 50, 10, 1, 1, 1, 60, '4172cc29-f8f4-4215-8edd-b737abab424c', '', NULL, NULL),
(276, '2023-09-02 21:20:35', '蔡明宏', '0912345727', '台北市中山區松江路50號', 1225, 2, 50, 13, 1, 1, 1, 60, '7f2e21f2-a6f2-4a1b-9829-f40e24ee3d03', '', NULL, NULL),
(277, '2023-09-02 21:22:24', '蔡明宏', '0912345727', '台北市中山區松江路50號', 1194, 2, 50, 13, 1, 1, 1, 60, '80d879ce-5868-4bae-a842-15deff692c80', '', NULL, NULL),
(278, '2023-09-02 21:23:11', '蔡明宏', '0912345727', '台北市中山區松江路50號', 305, 2, 50, NULL, 1, 1, 1, 60, '80c3d1fc-94df-4920-9375-621d8f2d619f', '', NULL, NULL),
(279, '2023-09-02 21:24:13', '蔡明宏', '0912345727', '台北市中山區松江路50號', 1165, 2, 50, 13, 1, 1, 1, 0, '4ccf728f-6e7e-43bb-8d08-bf855ae463aa', '', NULL, NULL),
(280, '2023-09-02 21:26:07', '蔡明宏', '0912345727', '台北市中山區松江路50號', 595, 2, 50, 13, 1, 1, 1, 0, '4d0b3c39-1d8d-4bf4-82b9-7bccd789eb34', '', NULL, NULL),
(281, '2023-09-02 21:29:38', '陳哲嘉', '0912345678', '台北市中山區民生東路100號', 1281, 1, 1, NULL, 1, 1, 1, 60, '96d3aa54-4a52-4262-9571-5381f297c6f1', '', NULL, NULL),
(282, '2023-09-02 21:29:47', '陳哲嘉', '0912345678', '台北市中山區民生東路100號', 1281, 1, 1, NULL, 1, 1, 1, 60, '7aea481b-2963-4b54-ba8b-961f164a6359', '', NULL, NULL),
(283, '2023-09-02 21:32:01', '陳哲嘉', '0912345678', '台北市中山區民生東路100號', 60, 2, 1, 5, 1, 1, 1, 60, '882bfa75-d1d8-4253-8546-b7632e9ca763', '', NULL, NULL),
(284, '2023-09-02 21:36:12', '陳哲嘉', '0912345678', '台北市中山區民生東路100號', 2, 2, 1, 13, 1, 1, 1, 0, '52d3dcae-bb4d-41bd-b879-9e140c36fb93', '', NULL, NULL),
(285, '2023-09-02 21:36:53', '陳哲嘉', '0912345678', '台北市中山區民生東路100號', 1, 2, 1, 13, 1, 1, 1, 0, 'ff09b5a0-0a1e-43ce-9cb3-ea34e8ecd3f3', '', NULL, NULL),
(286, '2023-09-02 21:37:44', '陳哲嘉', '0912345678', '台北市中山區民生東路100號', 2, 2, 1, 13, 1, 1, 1, 0, 'fce71251-e2be-432b-9741-877f271cbe07', '', NULL, NULL),
(287, '2023-09-02 21:39:59', '陳哲嘉', '0912345678', '台北市中山區民生東路100號', 1120, 2, 1, 13, 1, 1, 1, 0, '119f65be-1343-4609-aed9-d0507b3984be', '', NULL, NULL),
(288, '2023-09-02 21:40:59', '陳哲嘉', '0912345678', '台北市中山區民生東路100號', 724, 2, 1, 5, 1, 1, 1, 60, 'ab61062f-f717-42b3-acef-35fd164125a8', '', NULL, NULL),
(289, '2023-09-02 21:41:41', '陳哲嘉', '0912345678', '台北市中山區民生東路100號', 1521, 2, 1, 13, 1, 1, 1, 0, '4672fcc9-3300-4d9d-9d53-0b7bb8ad93b7', '', NULL, NULL),
(290, '2023-09-02 21:44:04', '陳哲嘉', '0912345678', '台北市中山區民生東路100號', 2378, 2, 1, 13, 1, 1, 1, 0, '3c84ab6b-52cd-4233-838d-7b2927feae13', '', NULL, NULL),
(291, '2023-09-02 21:49:41', '陳哲嘉', '0912345678', '台北市中山區民生東路100號', 2129, 2, 1, 13, 1, 1, 1, 0, '4a7c13dc-727f-4f1f-b87c-30f5637a1e68', '', NULL, NULL),
(292, '2023-09-02 21:51:17', '陳哲嘉', '0912345678', '台北市中山區民生東路100號', 1715, 2, 1, 5, 1, 1, 1, 60, 'c3c072aa-be98-44c2-aa57-22c3a603e8db', '', NULL, NULL),
(293, '2023-09-02 21:53:06', '陳哲嘉', '0912345678', '台北市中山區民生東路100號', 259, 2, 1, NULL, 2, 1, 1, 60, '61908761-d0ea-4f1c-a568-9811bb43ff55', '', NULL, NULL),
(294, '2023-09-02 21:54:36', '陳哲嘉', '0912345678', '台北市中山區民生東路100號', 1055, 2, 1, NULL, 1, 1, 1, 60, '6c9d11a1-8093-4773-a8d3-58e67b66ab67', '', NULL, NULL),
(295, '2023-09-02 21:55:20', '陳哲嘉', '0912345678', '台北市中山區民生東路100號', 305, 2, 1, NULL, 1, 1, 1, 60, '2fdc57bf-6745-4b14-86ef-39adc5766f35', '', NULL, NULL),
(296, '2023-09-02 21:58:08', '陳哲嘉', '0912345678', '台北市中山區民生東路100號', 735, 2, 1, 5, 1, 1, 1, 60, '6ecaed36-3063-4ecf-985e-11309150d2e5', '', NULL, NULL),
(297, '2023-09-02 22:00:31', '陳哲嘉', '0912345678', '台北市中山區民生東路100號', 560, 2, 1, 5, 1, 1, 1, 60, '82bf564d-ea66-4d53-b2b3-8c16dc5bf302', '', NULL, NULL),
(298, '2023-09-02 22:01:19', '陳哲嘉', '0912345678', '台北市中山區民生東路100號', 597, 2, 1, 5, 1, 1, 1, 60, '0ff80b6c-dcd3-4921-ae32-8c8b634165c7', '', NULL, NULL),
(299, '2023-09-02 22:02:06', '陳哲嘉', '0912345678', '台北市中山區民生東路100號', 1165, 2, 1, 13, 1, 1, 1, 0, 'a4cb2e41-4f66-4cf4-a7d0-435f1e062bed', '', NULL, NULL),
(300, '2023-09-02 22:03:06', '陳哲嘉', '0912345678', '台北市中山區民生東路100號', 2, 2, 1, 13, 1, 1, 1, 0, '9b953269-01e0-4036-a56b-55eac2ed7fdf', '', NULL, NULL),
(301, '2023-09-02 22:04:05', '陳哲嘉', '0912345678', '台北市中山區民生東路100號', 1, 2, 1, 13, 1, 1, 1, 0, '626c4af0-30ce-4a31-ae4b-18ba60c3fdc0', '', NULL, NULL),
(302, '2023-09-02 22:07:40', '陳哲嘉', '0912345678', '台北市中山區民生東路100號', 1, 2, 1, 13, 1, 1, 1, 0, '26a8d8ad-15a7-4c65-b6cb-7bc3503b989f', '', NULL, NULL),
(303, '2023-09-02 22:07:42', '陳哲嘉', '0912345678', '台北市中山區民生東路100號', 1, 1, 1, 10, 2, 1, 1, 60, '222bff88-3815-43ac-bd76-125f97e43499', '', NULL, NULL),
(304, '2023-09-02 22:08:35', '陳哲嘉', '0912345678', '台北市中山區民生東路100號', 590, 2, 1, 13, 1, 1, 1, 0, '9fe81481-f1fb-4015-b0c7-8745dea6d494', '', NULL, NULL),
(305, '2023-09-02 22:08:44', '陳哲嘉', '0912345678', '台北市中山區民生東路100號', 1, 1, 1, 10, 0, 1, 1, 60, '69c762ea-ba55-4dda-99f7-5c2d325b9cde', '', NULL, NULL),
(306, '2023-09-02 22:14:58', '', '', '', 1524, 1, 1, NULL, 2, 1, 2, 60, '1693663736483', '', NULL, NULL),
(307, '2023-09-02 22:19:48', '', '', '', 1524, 1, 1, NULL, 2, 1, 2, 60, '1693664172305', '', NULL, NULL),
(308, '2023-09-02 22:19:48', '', '', '', 1524, 1, 1, NULL, 2, 1, 2, 60, '1693664172305', '', NULL, NULL),
(309, '2023-09-02 22:19:48', '', '', '', 1524, 1, 1, NULL, 2, 1, 2, 60, '1693664172305', '', NULL, NULL),
(310, '2023-09-02 22:19:48', '', '', '', 1524, 1, 1, NULL, 2, 1, 2, 60, '1693664172305', '', NULL, NULL),
(311, '2023-09-02 22:20:17', '', '', '', 1524, 1, 1, NULL, 2, 1, 2, 60, '1693664387325', '', NULL, NULL),
(312, '2023-09-02 22:21:35', '', '', '', 1524, 1, 1, NULL, 2, 1, 2, 60, '1693664450499', '', NULL, NULL),
(313, '2023-09-02 22:22:03', '', '', '', 1524, 1, 1, NULL, 2, 1, 2, 60, '1693664494007', '', NULL, NULL),
(314, '2023-09-02 22:22:43', '', '', '', 1524, 1, 1, NULL, 2, 1, 2, 60, '1693664522123', '', NULL, NULL),
(315, '2023-09-02 22:22:48', '', '', '', 1524, 1, 1, NULL, 2, 1, 2, 60, '1693664561999', '', NULL, NULL),
(316, '2023-09-02 22:22:51', '', '', '', 1524, 1, 1, NULL, 2, 1, 2, 60, '1693664566855', '', NULL, NULL),
(317, '2023-09-02 22:22:58', '', '', '', 1524, 1, 1, NULL, 2, 1, 2, 60, '1693664570168', '', NULL, NULL),
(318, '2023-09-02 22:23:01', '', '', '', 1524, 1, 1, NULL, 2, 1, 2, 60, '1693664577209', '', NULL, NULL),
(319, '2023-09-02 22:23:09', '', '', '', 1524, 1, 1, NULL, 2, 1, 2, 60, '1693664580658', '', NULL, NULL),
(320, '2023-09-02 22:23:12', '', '', '', 1524, 1, 1, NULL, 2, 1, 2, 60, '1693664588512', '', NULL, NULL),
(321, '2023-09-02 22:23:14', '', '', '', 1524, 1, 1, NULL, 2, 1, 2, 60, '1693664591177', '', NULL, NULL),
(322, '2023-09-02 22:28:55', '', '', '', 1524, 1, 1, NULL, 2, 1, 1, 60, 'f963017c-7362-4e78-9408-d51c983ec35b', '', NULL, NULL),
(323, '2023-09-02 22:38:57', '陳哲嘉', '0912345678', '台北市中山區民生東路100號', 548, 1, 1, NULL, 1, 1, 3, 60, NULL, '', NULL, NULL),
(324, '2023-09-02 22:46:17', '陳哲嘉', '0912345678', '台北市中山區民生東路100號', 480, 1, 1, NULL, 1, 3, 3, 60, NULL, '', NULL, NULL),
(325, '2023-09-02 23:00:57', '陳哲嘉', '0912345678', '台北市中山區民生東路100號', 111, 1, 1, 10, 1, 1, 3, 60, NULL, '', NULL, NULL),
(326, '2023-09-02 23:22:45', '陳哲嘉', '0912345678', '台北市中山區民生東路100號', 171, 1, 1, NULL, 2, 1, 3, 60, NULL, '65166161651615', NULL, NULL),
(327, '2023-09-02 23:23:16', '陳哲嘉', '0912345678', '台北市中山區民生東路100號', 111, 1, 1, 10, 2, 1, 3, 60, NULL, '65416154165', NULL, NULL),
(328, '2023-09-02 23:28:28', '陳哲嘉', '0912345678', '台北市中山區民生東路100號', 259, 1, 1, NULL, 2, 1, 3, 60, NULL, '', '新北市板橋區三民路一段31巷14號16號', NULL),
(329, '2023-09-02 23:29:18', '陳哲嘉', '0912345678', '台北市中山區民生東路100號', 259, 1, 1, NULL, 2, 1, 3, 60, NULL, '有', '新北市板橋區三民路一段31巷14號16號', NULL),
(330, '2023-09-02 23:35:26', '陳哲嘉', '0912345678', '台北市中山區民生東路100號', 275, 1, 1, NULL, 2, 1, 4, 60, NULL, 'NO', '台北市松山區八德路三段27號', NULL),
(331, '2023-09-02 23:35:26', '陳哲嘉', '0912345678', '台北市中山區民生東路100號', 275, 1, 1, NULL, 2, 1, 4, 60, NULL, '', '台北市松山區八德路二段366巷7號1樓', NULL),
(332, '2023-09-02 23:51:11', '陳哲嘉', '0912345678', '台北市中山區民生東路100號', 60, 2, 1, NULL, 1, 1, 1, 60, 'dc1b4958-be67-4985-8a4d-c916774da0e5', '', NULL, NULL),
(333, '2023-09-02 23:56:48', '陳哲嘉', '0912345678', '台北市中山區民生東路100號', 259, 1, 1, NULL, 1, 3, 3, 60, NULL, '', '', NULL),
(334, '2023-09-02 23:56:48', '陳哲嘉', '0912345678', '台北市中山區民生東路100號', 259, 1, 1, NULL, 1, 3, 3, 60, NULL, '', '', NULL),
(335, '2023-09-03 00:01:54', '陳哲嘉', '0912345678', '台北市中山區民生東路100號', 259, 1, 1, NULL, 1, 3, 3, 60, NULL, '', '', NULL),
(336, '2023-09-03 00:06:38', '陳哲嘉', '0912345678', '台北市中山區民生東路100號', 171, 1, 1, NULL, 1, 3, 3, 60, NULL, '', '', NULL),
(337, '2023-09-03 00:08:12', '', '', '', 171, 1, 1, NULL, 1, 3, 3, 60, NULL, '', '', NULL),
(338, '2023-09-03 00:08:12', '', '', '', 171, 1, 1, NULL, 1, 3, 3, 60, NULL, '', '', NULL),
(339, '2023-09-03 00:09:55', '陳哲嘉', '0912345678', '台北市中山區民生東路100號', 259, 1, 1, NULL, 1, 3, 3, 60, NULL, '', '', NULL),
(340, '2023-09-03 00:11:11', '陳哲嘉', '0912345678', '台北市中山區民生東路100號', 305, 1, 1, NULL, 1, 3, 3, 60, NULL, '', '', NULL),
(341, '2023-09-03 00:15:25', '', '', '', 305, 1, 1, NULL, 1, 3, 3, 60, NULL, '', '', NULL),
(342, '2023-09-03 00:36:35', '陳哲嘉', '0912345678', '台北市中山區民生東路100號', 60, 1, 1, NULL, 1, 3, 1, 60, '41d0d152-3356-45a4-bf73-8435c04ac01a', '', '', NULL),
(343, '2023-09-03 00:36:38', '陳哲嘉', '0912345678', '台北市中山區民生東路100號', 60, 1, 1, NULL, 1, 3, 1, 60, 'd265fada-2b06-4717-991f-8bd59fa6b64a', '', '', NULL),
(344, '2023-09-03 00:43:15', '陳哲嘉', '0912345678', '台北市中山區民生東路100號', 71, 1, 1, 12, 2, 3, 2, 60, '1693672986568', '123', '台北市松山區八德路二段439號', '/16516GF'),
(345, '2023-09-03 00:44:20', '陳哲嘉', '0912345678', '台北市中山區民生東路100號', 91, 2, 1, 10, 2, 3, 1, 60, '29123298-97a4-49c8-8e5a-a61de944ab04', '123', '基隆市七堵區工建路1之22號1之23號1樓', '/SDVLSKD'),
(346, '2023-09-03 00:45:49', '陳哲嘉', '0912345678', '台北市中山區民生東路100號', 259, 1, 1, NULL, 1, 3, 3, 60, NULL, '555', '', '/FNBHUDS'),
(347, '2023-09-03 00:46:18', '陳哲嘉', '0912345678', '台北市中山區民生東路100號', 195, 1, 1, 10, 1, 3, 4, 60, NULL, '123', '', '/DFGJNSF'),
(348, '2023-09-03 00:51:54', '陳哲嘉', '0912345678', '台北市中山區民生東路100號', 60, 1, 1, 10, 2, 3, 3, 60, NULL, '', '台北市松山區八德路二段366巷7號1樓', '/U531651'),
(349, '2023-09-03 00:55:22', '陳哲嘉', '0912345678', '台北市中山區民生東路100號', 60, 1, 1, 10, 2, 3, 3, 60, NULL, '', '台北市松山區八德路二段366巷7號1樓', '/1KJBDSV'),
(350, '2023-09-03 14:11:24', '黃博鈞', '0912345710', '高雄市左營區蓮池潭33號', 1723, 2, 33, 12, 1, 1, 1, 60, 'fef2a8eb-4080-4d06-8865-6450ab9af733', '', '', ''),
(351, '2023-09-03 17:53:16', '書營管理員', '0911111111', '台北市中山區民生東路100號', 60, 1, 454, NULL, 1, 1, 2, 60, NULL, '', '', ''),
(352, '2023-09-03 17:53:18', '書營管理員', '0911111111', '台北市中山區民生東路100號', 60, 1, 454, NULL, 1, 1, 2, 60, NULL, '', '', ''),
(353, '2023-09-03 19:00:49', '尤阿傑', '0988168168', '高雄市三民區建工路900號', 1284, 2, 494, NULL, 1, 1, 1, 60, '5340eb65-f618-46c0-9e21-25d6ae3f18e5', '', '', ''),
(354, '2023-09-03 19:00:49', '尤阿傑', '0988168168', '高雄市三民區建工路900號', 1284, 2, 494, NULL, 1, 1, 1, 60, '5340eb65-f618-46c0-9e21-25d6ae3f18e5', '', NULL, NULL),
(355, '2023-09-03 19:02:16', '尤阿傑', '0988168168', '高雄市三民區建工路900號', 960, 1, 494, 3, 1, 1, 1, 60, 'c513acc8-df9d-41f2-ae03-e4eec7d1b2e9', '', '', ''),
(356, '2023-09-03 19:02:16', '尤阿傑', '0988168168', '高雄市三民區建工路900號', 960, 1, 494, 3, 1, 1, 1, 60, 'c513acc8-df9d-41f2-ae03-e4eec7d1b2e9', '', NULL, NULL),
(357, '2023-09-03 19:02:38', '尤阿傑', '0988168168', '高雄市三民區建工路900號', 890, 1, 494, 3, 1, 1, 1, 60, 'c3fbdf21-f770-4d82-b078-e17ce1ada312', '', '', ''),
(358, '2023-09-03 19:02:38', '尤阿傑', '0988168168', '高雄市三民區建工路900號', 890, 1, 494, 3, 1, 1, 1, 60, 'c3fbdf21-f770-4d82-b078-e17ce1ada312', '', NULL, NULL),
(359, '2023-09-03 19:15:42', '張玉雄', '0912345698', '新竹市東區民生路21號', 1949, 1, 21, NULL, 1, 1, 1, 60, 'ec6ca65b-065f-4846-b532-c00cf9c8c1d7', '', '', ''),
(360, '2023-09-03 19:15:42', '張玉雄', '0912345698', '新竹市東區民生路21號', 1949, 1, 21, NULL, 1, 1, 1, 60, '8b9c8d30-1bd3-4d20-878c-c9cd2c75b8de', '', '', ''),
(361, '2023-09-03 19:30:10', '張玉雄', '0912345698', '新竹市東區民生路21號', 960, 1, 21, 3, 1, 1, 1, 60, '5693f580-42c5-4d28-b1a3-1bfbfc034473', '', '', ''),
(362, '2023-09-03 19:36:38', '張玉雄', '0912345698', '新竹市東區民生路21號', 1950, 1, 21, 3, 2, 1, 3, 60, NULL, '', '台北市松山區八德路二段439號', ''),
(363, '2023-09-03 19:43:50', '林安安', '0998798787', '屏東市中正文化區', 1411, 2, 17, 10, 1, 1, 1, 60, '78ded5ae-3e08-4621-8dad-b5a93e09ee3b', '', '', ''),
(364, '2023-09-03 19:45:52', '林安安', '0998798787', '屏東市中正文化區', 789, 1, 17, 12, 2, 1, 2, 60, '1693741525311', '', '台北市松山區八德路二段439號', ''),
(365, '2023-09-03 22:24:13', '張明宇', '0912345721', '台中市北區建國北路44號', 2760, 1, 44, NULL, 2, 3, 3, 60, NULL, '', '台北市松山區八德路二段366巷7號1樓', '/D15KNSK'),
(366, '2023-09-03 22:26:47', '張明宇', '0912345721', '台中市北區建國北路44號', 960, 1, 44, NULL, 2, 1, 4, 60, NULL, '', '基隆市七堵區大德路103號', ''),
(367, '2023-09-03 22:31:16', '張明宇', '0912345721', '台中市北區建國北路44號', 2760, 1, 44, NULL, 2, 1, 3, 60, NULL, '', '新北市三重區力行路二段158號160號', ''),
(368, '2023-09-03 22:32:42', '張明宇', '0912345721', '台中市北區建國北路44號', 850, 2, 44, 5, 2, 3, 1, 60, '2b68cf07-bfa3-4ce5-8829-5391cfe0dfc5', '', '台北市松山區八德路三段200號202號1樓', '/16516JJ'),
(369, '2023-09-03 22:32:42', '張明宇', '0912345721', '台中市北區建國北路44號', 850, 2, 44, 5, 2, 3, 1, 60, '2b68cf07-bfa3-4ce5-8829-5391cfe0dfc5', '', NULL, NULL),
(370, '2023-09-03 22:35:28', '張明宇', '0912345721', '台中市北區建國北路44號', 1060, 2, 44, NULL, 2, 1, 1, 60, 'b9ec0185-3749-42c8-9426-7b02132e65da', '', '台中市豐原區三民路38號1樓', ''),
(371, '2023-09-03 22:36:05', '張明宇', '0912345721', '台中市北區建國北路44號', 360, 1, 44, NULL, 2, 1, 2, 60, '1693751763837', '', '新北市三重區力行路一段60之1號60之2號1樓', ''),
(372, '2023-09-03 22:41:42', '張明宇', '0912345721', '台中市北區建國北路44號', 360, 1, 44, NULL, 1, 1, 3, 60, NULL, '', '', ''),
(373, '2023-09-03 22:50:46', '黃博鈞', '0912345710', '高雄市左營區蓮池潭33號', 1194, 2, 33, 10, 2, 1, 1, 60, '6bf6d0e3-3670-4322-abc6-3f38ffda9dd0', '', '新北市永和區仁愛路128號130號1樓', ''),
(374, '2023-09-03 23:12:32', '尤阿傑', '0988168168', '高雄市三民區建工路900號', 760, 2, 495, NULL, 1, 1, 2, 60, '1693753951511', '', '', ''),
(375, '2023-09-03 23:16:21', '尤阿傑', '0988168168', '高雄市三民區建工路900號', 1060, 2, 495, NULL, 2, 3, 2, 60, '1693754165947', '', '新北市中和區工專路110號112號1樓112號2樓', '/WTGH123'),
(376, '2023-09-03 23:17:24', '書營管理員', '0911111111', '台北市中山區民生東路100號', 900, 1, 454, NULL, 1, 1, 2, 0, '1693754242317', '', '', ''),
(377, '2023-09-03 23:17:29', '書營管理員', '0911111111', '台北市中山區民生東路100號', 900, 1, 454, NULL, 1, 1, 2, 0, '1693754242317', '', '', ''),
(378, '2023-09-03 23:17:57', '書營管理員', '0911111111', '台北市中山區民生東路100號', 0, 1, 454, NULL, 1, 1, 2, 0, '1693754273528', '', '', ''),
(379, '2023-09-03 23:18:04', '尤阿傑', '0988168168', '高雄市三民區建工路900號', 1560, 2, 495, NULL, 1, 1, 2, 60, '1693754282766', '', '', ''),
(380, '2023-09-03 23:18:19', '書營管理員', '0911111111', '台北市中山區民生東路100號', 0, 1, 454, NULL, 1, 1, 2, 0, '1693754292155', '', '', ''),
(381, '2023-09-03 23:18:44', '書營管理員', '0911111111', '台北市中山區民生東路100號', 90, 1, 454, NULL, 1, 1, 2, 0, '1693754319800', '', '', ''),
(382, '2023-09-03 23:19:14', '書營管理員', '0911111111', '台北市中山區民生東路100號', 90, 1, 454, NULL, 1, 1, 2, 0, '1693754319800', '', '', ''),
(383, '2023-09-03 23:20:03', '尤阿傑', '0988168168', '高雄市三民區建工路900號', 1060, 2, 495, NULL, 1, 1, 2, 60, '1693754402126', '', '', ''),
(384, '2023-09-03 23:22:42', '由阿傑', '0912345682', '台南市北區民權路5號', 1360, 2, 5, NULL, 1, 1, 2, 60, '1693754561014', '', '', ''),
(385, '2023-09-03 23:29:02', '尤阿傑', '0988168168', '高雄市三民區建工路900號', 1360, 2, 495, NULL, 2, 2, 2, 60, '1693754921088', '', '屏東縣屏東市崇蘭里自由路666號1樓', ''),
(388, '2023-09-03 23:40:22', '林安安', '0998798787', '屏東市中正文化區', 960, 2, 17, NULL, 2, 2, 2, 60, '1693755619467', '', '新竹市香山區香山里大庄路75、77號1樓', ''),
(390, '2023-09-04 17:31:11', '林安安', '0998798787', '屏東市中正文化區', 789, 1, 17, 12, 2, 1, 2, 60, '1693755619467', '', '台北市松山區八德路二段366巷7號1樓', ''),
(393, '2023-09-04 23:01:11', '黃博鈞', '0912345710', '高雄市左營區蓮池潭33號', 1300, 2, 33, 9, 1, 1, 1, 60, '1541c92d-bd21-4335-ad59-8beb4580bb0e', '', '', ''),
(394, '2023-09-05 00:16:02', '書營管理員', '0911111111', '台北市中山區民生東路100號', 0, 1, 454, NULL, 2, 1, 4, 0, NULL, '', '台北市信義區中坡北路11號1樓', ''),
(395, '2023-09-05 00:31:13', '書營管理員', '0911111111', '台北市中山區民生東路100號', 13000, 1, 454, NULL, 2, 1, 4, 0, NULL, '', '基隆市七堵區大德路103號', ''),
(396, '2023-09-05 00:39:01', '陳大紅', '0912345764', '台南市南區西門路87號', 1660, 2, 87, NULL, 2, 3, 2, 60, '1693845540275', '', '基隆市中山區中華路9號', '/QWEQWEQ'),
(397, '2023-09-05 00:44:11', '陳大紅', '0912345764', '台南市南區西門路87號', 1660, 2, 87, NULL, 2, 1, 2, 60, '1693845840463', '', '新竹縣竹北市中正東路194號', ''),
(398, '2023-09-05 00:46:43', '陳大紅', '0912345764', '台南市南區西門路87號', 1463, 2, 87, 3, 2, 1, 2, 60, '1693846002592', '', '嘉義縣大林鎮大美里19鄰大智一街1號', ''),
(399, '2023-09-05 00:48:18', '陳大紅', '0912345764', '台南市南區西門路87號', 1060, 1, 87, NULL, 1, 1, 2, 60, '1693846097985', '', '', ''),
(400, '2023-09-05 00:49:44', '陳大紅', '0912345764', '台南市南區西門路87號', 1060, 1, 87, NULL, 1, 1, 2, 60, '1693846183561', '', '', ''),
(401, '2023-09-05 00:50:46', '陳大紅', '0912345764', '台南市南區西門路87號', 1060, 1, 87, NULL, 1, 1, 2, 60, '1693846245294', '', '', ''),
(402, '2023-09-05 00:51:26', '陳大紅', '0912345764', '台南市南區西門路87號', 1060, 1, 87, NULL, 1, 1, 2, 60, '1693846284915', '', '', ''),
(403, '2023-09-05 00:51:59', '陳大紅', '0912345764', '台南市南區西門路87號', 1060, 1, 87, NULL, 1, 1, 2, 60, '1693846316862', '', '', ''),
(404, '2023-09-05 00:52:57', '陳大紅', '0912345764', '台南市南區西門路87號', 1060, 1, 87, NULL, 1, 1, 2, 60, '1693846375704', '', '', ''),
(405, '2023-09-05 00:53:54', '陳大紅', '0912345764', '台南市南區西門路87號', 1060, 1, 87, NULL, 1, 1, 2, 60, '1693846433244', '', '', ''),
(406, '2023-09-05 00:54:58', '陳大紅', '0912345764', '台南市南區西門路87號', 1060, 2, 87, NULL, 1, 1, 2, 60, '1693846496971', '', '', ''),
(407, '2023-09-05 01:01:53', '陳大紅', '0912345764', '台南市南區西門路87號', 960, 1, 87, NULL, 1, 1, 2, 60, '1693846911574', '', '', ''),
(408, '2023-09-05 01:03:34', '陳大紅', '0912345764', '台南市南區西門路87號', 960, 2, 87, NULL, 1, 1, 2, 60, '1693847013267', '', '', ''),
(409, '2023-09-05 01:04:59', '陳大紅', '0912345764', '台南市南區西門路87號', 560, 2, 87, NULL, 1, 1, 2, 60, '1693847092763', '', '', ''),
(410, '2023-09-05 01:06:13', '陳大紅', '0912345764', '台南市南區西門路87號', 960, 2, 87, NULL, 1, 1, 2, 60, '1693847171943', '', '', ''),
(411, '2023-09-05 01:08:37', '陳大紅', '0912345764', '台南市南區西門路87號', 2660, 1, 87, NULL, 1, 1, 2, 60, '1693847316482', '', '', ''),
(412, '2023-09-05 01:09:54', '陳大紅', '0912345764', '台南市南區西門路87號', 2660, 1, 87, NULL, 1, 1, 2, 60, '1693847393222', '', '', ''),
(413, '2023-09-05 01:11:01', '陳大紅', '0912345764', '台南市南區西門路87號', 2660, 1, 87, NULL, 1, 1, 2, 60, '1693847461214', '', '', ''),
(414, '2023-09-05 01:12:10', '陳大紅', '0912345764', '台南市南區西門路87號', 2660, 1, 87, NULL, 1, 1, 2, 60, '1693847528793', '', '', ''),
(415, '2023-09-05 01:13:19', '陳大紅', '0912345764', '台南市南區西門路87號', 2660, 2, 87, NULL, 1, 1, 2, 60, '1693847598718', '', '', ''),
(416, '2023-09-05 01:17:32', '陳大紅', '0912345764', '台南市南區西門路87號', 960, 2, 87, NULL, 1, 1, 2, 60, '1693847850893', '', '', ''),
(417, '2023-09-05 01:19:23', '陳大紅', '0912345764', '台南市南區西門路87號', 1560, 2, 87, NULL, 1, 1, 2, 60, '1693847961831', '', '', ''),
(418, '2023-09-05 01:22:28', '陳大紅', '0912345764', '台南市南區西門路87號', 1560, 2, 87, NULL, 1, 1, 2, 60, '1693848147482', '', '', ''),
(419, '2023-09-05 01:23:31', '陳大紅', '0912345764', '台南市南區西門路87號', 1060, 2, 87, NULL, 1, 1, 2, 60, '1693848210234', '', '', ''),
(420, '2023-09-05 01:25:11', '陳大紅', '0912345764', '台南市南區西門路87號', 960, 2, 87, NULL, 1, 1, 2, 60, '1693848310605', '', '', ''),
(421, '2023-09-05 01:26:17', '陳大紅', '0912345764', '台南市南區西門路87號', 1160, 2, 87, NULL, 1, 1, 2, 60, '1693848376273', '', '', '');
INSERT INTO `order` (`order_id`, `order_create_date`, `consignee`, `consignee_phone`, `consignee_address`, `total`, `order_status_id`, `client_id`, `coupon_id`, `delivery_id`, `receipt_id`, `pay_id`, `delivery_fee`, `paymentCode`, `other`, `delivery_address`, `receipt_vehicle`) VALUES
(422, '2023-09-05 01:27:54', '陳大紅', '0912345764', '台南市南區西門路87號', 1553, 2, 87, 3, 2, 1, 1, 60, '0afd33b8-3de7-4ddf-bf09-746e2a7df89f', '', '新北市永和區中山路一段58號', ''),
(423, '2023-09-05 01:33:23', '陳大紅', '0912345764', '台南市南區西門路87號', 1260, 2, 87, NULL, 1, 1, 1, 60, '06281a23-3df6-45c7-b151-b2589929a8ea', '', '', ''),
(424, '2023-09-05 01:34:20', '陳大紅', '0912345764', '台南市南區西門路87號', 923, 2, 87, 3, 2, 1, 2, 60, '1693848856992', '', '基隆市七堵區百三街61號', ''),
(425, '2023-09-05 01:35:57', '陳大紅', '0912345764', '台南市南區西門路87號', 1640, 2, 87, 13, 1, 1, 1, 0, '36d86220-fff7-464f-9e97-3e31c2874917', '', '', ''),
(426, '2023-09-05 09:46:04', '陳大紅', '0912345764', '台南市南區西門路87號', 1260, 2, 87, NULL, 2, 1, 2, 60, '1693878361638', '', '台北市松山區八德路二段439號', ''),
(427, '2023-09-05 09:47:44', '陳大紅', '0912345764', '台南市南區西門路87號', 760, 2, 87, NULL, 1, 1, 1, 60, '86a8cb75-d41e-453e-a2b0-c1e7c475090e', '', '', ''),
(428, '2023-09-05 09:49:39', '陳大紅', '0912345764', '台南市南區西門路87號', 1960, 2, 87, NULL, 1, 1, 2, 60, '1693878576157', '', '', ''),
(429, '2023-09-05 09:55:58', '陳大紅', '0912345764', '台南市南區西門路87號', 1560, 2, 87, NULL, 1, 1, 2, 60, '1693878955675', '', '', ''),
(430, '2023-09-05 10:40:53', '陳大紅', '0912345764', '台南市南區西門路87號', 900, 2, 87, NULL, 1, 1, 2, 60, '1693881648182', '', '', '51616555'),
(431, '2023-09-05 10:45:37', '陳大紅', '0912345764', '台南市南區西門路87號', 960, 1, 87, NULL, 2, 1, 3, 60, NULL, '', '屏東縣屏東市一心里廣東南路88-15號', '/EEE8484'),
(432, '2023-09-05 14:46:16', '陳大紅', '0912345764', '台南市南區西門路87號', 2160, 2, 87, NULL, 2, 1, 2, 60, '1693896375548', '', '基隆市中正區和一路125號127號1樓', ''),
(433, '2023-09-05 15:31:05', '陳大紅', '0912345764', '台南市南區西門路87號', 3060, 2, 87, NULL, 2, 1, 2, 60, '1693899064328', '', '基隆市七堵區工建路1之22號1之23號1樓', ''),
(434, '2023-09-05 16:51:28', '陳大紅', '0912345764', '台南市南區西門路87號', 900, 2, 87, NULL, 2, 3, 2, 60, '1693903846531', '', '屏東縣屏東市和生路一段107-3號', '/DPVIANE'),
(435, '2023-09-05 16:52:12', '陳大紅', '0912345764', '台南市南區西門路87號', 2760, 2, 87, NULL, 1, 1, 1, 60, '6462d839-3412-4344-aa0c-3a7cea4f7f66', '', '', ''),
(436, '2023-09-06 09:37:17', '陳大紅', '0912345764', '台南市南區西門路87號', 760, 2, 87, NULL, 1, 1, 2, 60, '1693964235473', '', '', ''),
(437, '2023-09-06 10:40:43', '陳大紅', '0912345764', '台南市南區西門路87號', 670, 2, 87, NULL, 2, 1, 2, 60, '1693967997819', '', '高雄市鳳山區中崙路501.503.505號', '15165646'),
(438, '2023-09-06 23:46:48', '書營管理員', '0911111111', '台北市中山區民生東路100號', 0, 1, 454, NULL, 2, 1, 4, 0, NULL, '', '高雄市前金區中山一路11號(中央公園站內)', ''),
(439, '2023-09-07 09:12:57', '黃小晴', '0912345764', '台南市南區西門路87號', 1400, 2, 87, 9, 1, 1, 2, 60, '1694049162955', '', '', ''),
(440, '2023-09-07 09:14:09', '黃小晴', '0912345764', '台南市南區西門路87號', 260, 1, 87, NULL, 1, 1, 3, 60, NULL, '', '', ''),
(441, '2023-09-07 09:14:52', '黃小晴', '0912345764', '台南市南區西門路87號', 150, 1, 87, NULL, 1, 1, 4, 60, NULL, '', '', ''),
(442, '2023-09-07 09:21:15', '張小青', '0912345765', '新北市三重區中正北路88號', 150, 1, 88, NULL, 2, 1, 3, 60, NULL, '', '高雄市鳳山區文衡里八德路305號1樓', ''),
(443, '2023-09-07 10:13:34', '黃小晴', '0912345764', '台南市南區西門路87號', 500, 2, 87, 10, 2, 1, 2, 60, '1694052802732', '', '高雄市鳳山區文衡里八德路305號1樓', '65165165'),
(444, '2023-09-07 10:14:17', '黃小晴', '0912345764', '台南市南區西門路87號', 2160, 2, 87, NULL, 1, 1, 1, 60, '0c5ae244-8825-44e3-9b91-41eff9ec6bf3', '', '', '');

-- --------------------------------------------------------

--
-- 資料表結構 `order_detail`
--

CREATE TABLE `order_detail` (
  `order_detail_id` int(11) NOT NULL,
  `book_count` int(11) NOT NULL,
  `book_price` int(11) NOT NULL,
  `book_assess` text DEFAULT NULL,
  `book_id` int(11) NOT NULL,
  `order_id` int(11) NOT NULL,
  `book_star` int(5) DEFAULT NULL
) ENGINE=InnoDB DEFAULT CHARSET=utf8mb4 COLLATE=utf8mb4_general_ci;

--
-- 傾印資料表的資料 `order_detail`
--

INSERT INTO `order_detail` (`order_detail_id`, `book_count`, `book_price`, `book_assess`, `book_id`, `order_id`, `book_star`) VALUES
(1, 5, 250, '這本書很好看！', 25, 1, 4),
(2, 3, 180, '值得一讀。', 15, 1, 5),
(3, 1, 120, NULL, 12, 2, 5),
(4, 4, 320, '很推薦這本書。', 92, 3, 5),
(5, 2, 150, '讀完讓人心情愉悅。', 56, 3, 5),
(6, 1, 110, NULL, 38, 3, 3),
(7, 3, 280, '這是一本引人入勝的書。', 78, 4, 4),
(8, 2, 140, '內容非常精彩！', 41, 4, 4),
(9, 1, 180, NULL, 18, 5, 5),
(10, 1, 220, '這是我讀過最好的書之一！', 73, 5, 4),
(11, 6, 420, '非常值得一讀！', 128, 6, 5),
(12, 2, 200, '推薦給所有讀者。', 62, 6, 5),
(13, 4, 280, NULL, 89, 7, 2),
(14, 1, 110, '短而精彩。', 36, 8, 4),
(15, 3, 360, '書寫很生動，很喜歡。', 107, 8, 5),
(16, 1, 130, NULL, 19, 9, 5),
(17, 2, 150, '值得收藏。', 47, 9, 5),
(18, 3, 280, '讀完讓人深思。', 88, 10, 5),
(19, 1, 180, '一本很有啟發性的書。', 33, 10, 4),
(20, 5, 450, '我非常喜歡這本書！', 173, 10, 3),
(21, 2, 220, NULL, 65, 11, 4),
(22, 1, 160, '讓人流連忘返。', 27, 11, 4),
(23, 3, 290, '一本很棒的書！', 82, 11, 5),
(24, 1, 130, '值得一讀。', 16, 11, 2),
(25, 2, 200, '這本書很有趣。', 54, 12, 5),
(26, 1, 140, NULL, 37, 12, 5),
(27, 4, 380, '非常推薦這本書！', 103, 13, 4),
(28, 3, 270, '一本寫得很好的書。', 74, 13, 5),
(29, 2, 160, NULL, 21, 14, 5),
(30, 1, 130, '讓我大開眼界。', 11, 15, 5),
(31, 5, 480, '這本書很棒！', 189, 16, 5),
(32, 1, 150, NULL, 43, 17, 3),
(33, 2, 210, '讀完後讓我深思。', 67, 18, 4),
(34, 3, 330, '這是一本非常有趣的書。', 97, 19, 4),
(35, 1, 180, '非常喜歡這本書！', 34, 19, 5),
(36, 4, 400, '很值得收藏的書。', 117, 19, 2),
(37, 2, 220, NULL, 59, 20, 5),
(38, 1, 160, '讀完後感觸良多。', 26, 20, 5),
(39, 3, 280, '很值得一讀。', 85, 21, 4),
(40, 1, 130, '5555555', 17, 21, 5),
(41, 4, 320, '我很享受閱讀這本書。', 94, 21, 5),
(42, 2, 190, '這是一本很特別的書。', 50, 22, 5),
(43, 1, 120, NULL, 10, 22, 5),
(44, 3, 270, '很喜歡這本書！', 76, 23, 5),
(45, 1, 140, '書寫很細膩。', 31, 23, 5),
(46, 2, 180, '好棒', 15, 24, 2),
(47, 1, 150, '非常值得一讀！', 42, 25, 3),
(48, 3, 360, '這本書非常有深度。', 105, 25, 4),
(49, 1, 170, NULL, 23, 26, 4),
(50, 2, 210, '推薦給所有讀者。', 68, 26, 5),
(51, 5, 480, '非常棒的一本書！', 187, 26, 2),
(52, 2, 220, NULL, 60, 27, 5),
(53, 1, 160, '寫得很好。', 28, 27, 5),
(54, 3, 290, '我對這本書讚不絕口。', 84, 27, 4),
(55, 1, 130, NULL, 13, 28, 5),
(56, 2, 200, '一本很有趣的書。', 52, 28, 5),
(57, 3, 270, '推薦給大家。', 79, 28, 5),
(58, 1, 299, NULL, 2, 29, 5),
(59, 1, 599, NULL, 9, 30, 5),
(60, 1, 299, NULL, 2, 31, 3),
(61, 1, 780, '!!', 19, 32, 1),
(62, 1, 299, '123', 2, 33, 4),
(63, 1, 299, NULL, 2, 34, 4),
(64, 1, 400, NULL, 6, 35, 4),
(65, 1, 400, '123', 6, 36, 5),
(66, 1, 400, NULL, 6, 37, 5),
(67, 2, 599, NULL, 9, 38, 2),
(68, 1, 400, NULL, 6, 39, 5),
(69, 2, 780, NULL, 19, 40, 5),
(70, 1, 400, NULL, 15, 41, NULL),
(71, 1, 780, NULL, 19, 42, NULL),
(72, 3, 599, NULL, 9, 43, NULL),
(73, 1, 400, NULL, 6, 43, NULL),
(74, 1, 780, NULL, 19, 43, NULL),
(75, 1, 400, NULL, 15, 43, NULL),
(76, 3, 400, NULL, 6, 44, NULL),
(77, 1, 599, NULL, 9, 45, NULL),
(78, 1, 400, '123', 15, 46, 3),
(79, 1, 400, NULL, 6, 47, NULL),
(80, 2, 400, NULL, 15, 47, NULL),
(81, 1, 400, NULL, 6, 48, NULL),
(82, 2, 400, NULL, 15, 48, NULL),
(83, 1, 400, NULL, 6, 49, NULL),
(84, 2, 400, NULL, 15, 49, NULL),
(85, 1, 400, NULL, 6, 50, 4),
(86, 2, 400, NULL, 15, 50, NULL),
(87, 3, 133, NULL, 55, 51, 5),
(88, 1, 599, NULL, 9, 52, 5),
(89, 1, 400, NULL, 6, 53, 2),
(90, 1, 780, NULL, 19, 54, NULL),
(91, 1, 55, NULL, 65, 55, 5),
(92, 1, 280, NULL, 41, 56, NULL),
(93, 1, 400, NULL, 15, 57, NULL),
(94, 1, 55, NULL, 75, 58, NULL),
(95, 1, 50, NULL, 23, 59, 5),
(96, 1, 133, NULL, 55, 59, NULL),
(97, 1, 123, NULL, 112, 59, NULL),
(98, 1, 99, NULL, 93, 59, NULL),
(99, 1, 245, NULL, 6, 59, NULL),
(100, 1, 145, NULL, 9, 59, NULL),
(101, 1, 111, NULL, 1, 59, NULL),
(102, 1, 90, NULL, 103, 59, NULL),
(103, 1, 110, NULL, 19, 59, NULL),
(104, 1, 194, NULL, 106, 59, NULL),
(105, 1, 200, NULL, 292, 60, 4),
(106, 1, 98, NULL, 101, 60, NULL),
(107, 5, 90, NULL, 103, 60, NULL),
(108, 1, 110, NULL, 19, 60, NULL),
(109, 1, 123, NULL, 112, 60, NULL),
(110, 1, 194, NULL, 106, 60, NULL),
(111, 2, 245, NULL, 6, 60, NULL),
(112, 3, 299, NULL, 2, 60, NULL),
(113, 2, 111, NULL, 1, 60, NULL),
(114, 1, 488, NULL, 10, 60, NULL),
(115, 2, 99, NULL, 20, 60, NULL),
(116, 6, 359, NULL, 5, 60, NULL),
(117, 3, 99, NULL, 8, 60, NULL),
(118, 1, 122, NULL, 34, 60, NULL),
(119, 2, 112, NULL, 18, 60, NULL),
(120, 1, 122, NULL, 22, 60, NULL),
(121, 1, 99, NULL, 4, 60, NULL),
(122, 1, 100, NULL, 27, 60, NULL),
(123, 1, 200, NULL, 292, 61, NULL),
(124, 1, 98, NULL, 101, 61, NULL),
(125, 5, 90, NULL, 103, 61, NULL),
(126, 1, 110, NULL, 19, 61, NULL),
(127, 1, 123, NULL, 112, 61, NULL),
(128, 1, 194, NULL, 106, 61, NULL),
(129, 2, 245, NULL, 6, 61, NULL),
(130, 3, 299, NULL, 2, 61, NULL),
(131, 2, 111, NULL, 1, 61, NULL),
(132, 1, 488, NULL, 10, 61, NULL),
(133, 2, 99, NULL, 20, 61, NULL),
(134, 6, 359, NULL, 5, 61, NULL),
(135, 3, 99, NULL, 8, 61, NULL),
(136, 1, 122, NULL, 34, 61, NULL),
(137, 2, 112, NULL, 18, 61, NULL),
(138, 1, 122, NULL, 22, 61, NULL),
(139, 1, 99, NULL, 4, 61, NULL),
(140, 1, 100, NULL, 27, 61, NULL),
(141, 1, 200, NULL, 292, 62, NULL),
(142, 1, 98, NULL, 101, 62, NULL),
(143, 1, 99, '我覺得很好', 8, 63, 4),
(144, 1, 111, '不好', 13, 63, 4),
(145, 1, 111, NULL, 1, 64, NULL),
(146, 1, 99, NULL, 4, 64, NULL),
(147, 1, 222, NULL, 286, 64, NULL),
(148, 1, 99, NULL, 105, 64, NULL),
(149, 1, 99, NULL, 93, 64, NULL),
(150, 1, 299, NULL, 2, 64, NULL),
(151, 1, 199, NULL, 3, 64, NULL),
(152, 1, 299, NULL, 2, 65, 5),
(153, 1, 359, NULL, 5, 65, NULL),
(154, 1, 245, NULL, 6, 65, NULL),
(155, 1, 123, NULL, 112, 65, NULL),
(156, 1, 194, NULL, 106, 65, NULL),
(157, 1, 55, NULL, 66, 66, NULL),
(158, 1, 155, NULL, 282, 66, NULL),
(159, 1, 45, NULL, 67, 66, NULL),
(160, 1, 50, NULL, 25, 66, NULL),
(161, 1, 111, NULL, 14, 66, NULL),
(162, 1, 350, NULL, 149, 66, NULL),
(163, 2, 99, NULL, 11, 66, NULL),
(164, 1, 145, NULL, 12, 66, NULL),
(165, 1, 199, NULL, 3, 66, NULL),
(166, 1, 55, NULL, 66, 67, NULL),
(167, 1, 155, NULL, 282, 67, NULL),
(168, 1, 45, NULL, 67, 67, NULL),
(169, 1, 50, NULL, 25, 67, NULL),
(170, 1, 111, NULL, 14, 67, NULL),
(171, 1, 350, NULL, 149, 67, NULL),
(172, 2, 99, NULL, 11, 67, NULL),
(173, 1, 145, NULL, 12, 67, NULL),
(174, 1, 199, NULL, 3, 67, NULL),
(175, 1, 450, NULL, 186, 67, NULL),
(176, 1, 200, NULL, 451, 67, 2),
(177, 1, 359, NULL, 5, 67, NULL),
(178, 1, 55, NULL, 66, 68, NULL),
(179, 1, 155, NULL, 282, 68, NULL),
(180, 1, 45, NULL, 67, 68, NULL),
(181, 1, 50, NULL, 25, 68, NULL),
(182, 1, 111, NULL, 14, 68, NULL),
(183, 1, 350, NULL, 149, 68, NULL),
(184, 2, 99, NULL, 11, 68, NULL),
(185, 1, 145, NULL, 12, 68, 5),
(186, 1, 199, NULL, 3, 68, NULL),
(187, 1, 450, NULL, 186, 68, NULL),
(188, 1, 200, NULL, 451, 68, NULL),
(189, 1, 359, NULL, 5, 68, NULL),
(190, 1, 87, NULL, 71, 68, NULL),
(191, 1, 420, NULL, 187, 68, NULL),
(192, 2, 299, NULL, 2, 68, NULL),
(193, 1, 145, NULL, 9, 68, NULL),
(194, 2, 111, NULL, 15, 68, NULL),
(195, 1, 55, NULL, 66, 69, NULL),
(196, 1, 155, NULL, 282, 69, NULL),
(197, 1, 45, NULL, 67, 69, NULL),
(198, 1, 50, NULL, 25, 69, NULL),
(199, 1, 111, NULL, 14, 69, 5),
(200, 1, 350, NULL, 149, 69, NULL),
(201, 2, 99, NULL, 11, 69, NULL),
(202, 1, 145, NULL, 12, 69, NULL),
(203, 1, 199, NULL, 3, 69, NULL),
(204, 1, 450, NULL, 186, 69, NULL),
(205, 1, 200, NULL, 451, 69, NULL),
(206, 1, 359, NULL, 5, 69, NULL),
(207, 1, 87, NULL, 71, 69, NULL),
(208, 1, 420, NULL, 187, 69, NULL),
(209, 2, 299, NULL, 2, 69, NULL),
(210, 1, 145, NULL, 9, 69, NULL),
(211, 2, 111, NULL, 15, 69, NULL),
(212, 1, 55, NULL, 66, 70, NULL),
(213, 1, 155, NULL, 282, 70, NULL),
(214, 1, 45, NULL, 67, 70, NULL),
(215, 1, 50, NULL, 25, 70, NULL),
(216, 1, 111, NULL, 14, 70, NULL),
(217, 1, 350, NULL, 149, 70, NULL),
(218, 2, 99, NULL, 11, 70, NULL),
(219, 1, 145, NULL, 12, 70, NULL),
(220, 1, 199, NULL, 3, 70, 5),
(221, 1, 450, NULL, 186, 70, NULL),
(222, 1, 200, NULL, 451, 70, 5),
(223, 1, 359, NULL, 5, 70, NULL),
(224, 1, 87, NULL, 71, 70, NULL),
(225, 1, 420, NULL, 187, 70, NULL),
(226, 2, 299, NULL, 2, 70, NULL),
(227, 1, 145, NULL, 9, 70, NULL),
(228, 2, 111, NULL, 15, 70, NULL),
(229, 1, 55, NULL, 66, 71, NULL),
(230, 1, 155, NULL, 282, 71, NULL),
(231, 1, 45, NULL, 67, 71, NULL),
(232, 1, 50, NULL, 25, 71, 5),
(233, 1, 111, NULL, 14, 71, NULL),
(234, 1, 350, NULL, 149, 71, NULL),
(235, 2, 99, NULL, 11, 71, NULL),
(236, 1, 145, NULL, 12, 71, NULL),
(237, 1, 199, NULL, 3, 71, NULL),
(238, 1, 450, NULL, 186, 71, NULL),
(239, 1, 200, NULL, 451, 71, NULL),
(240, 1, 359, NULL, 5, 71, NULL),
(241, 1, 87, NULL, 71, 71, NULL),
(242, 1, 420, NULL, 187, 71, NULL),
(243, 2, 299, NULL, 2, 71, NULL),
(244, 1, 145, NULL, 9, 71, NULL),
(245, 2, 111, NULL, 15, 71, NULL),
(246, 1, 55, NULL, 66, 72, NULL),
(247, 1, 155, NULL, 282, 72, NULL),
(248, 1, 45, NULL, 67, 72, NULL),
(249, 1, 50, NULL, 25, 72, NULL),
(250, 1, 111, NULL, 14, 72, NULL),
(251, 1, 350, NULL, 149, 72, NULL),
(252, 2, 99, NULL, 11, 72, NULL),
(253, 1, 145, NULL, 12, 72, NULL),
(254, 1, 199, NULL, 3, 72, NULL),
(255, 1, 450, NULL, 186, 72, NULL),
(256, 1, 200, NULL, 451, 72, NULL),
(257, 1, 359, NULL, 5, 72, NULL),
(258, 1, 87, NULL, 71, 72, NULL),
(259, 1, 420, NULL, 187, 72, NULL),
(260, 2, 299, NULL, 2, 72, NULL),
(261, 1, 145, NULL, 9, 72, NULL),
(262, 2, 111, NULL, 15, 72, NULL),
(263, 1, 55, NULL, 66, 73, NULL),
(264, 1, 155, NULL, 282, 73, NULL),
(265, 1, 45, NULL, 67, 73, NULL),
(266, 1, 50, NULL, 25, 73, NULL),
(267, 1, 111, NULL, 14, 73, NULL),
(268, 1, 350, NULL, 149, 73, NULL),
(269, 2, 99, NULL, 11, 73, NULL),
(270, 1, 145, NULL, 12, 73, NULL),
(271, 1, 199, NULL, 3, 73, NULL),
(272, 1, 450, NULL, 186, 73, NULL),
(273, 1, 200, NULL, 451, 73, NULL),
(274, 1, 359, NULL, 5, 73, NULL),
(275, 1, 87, NULL, 71, 73, NULL),
(276, 1, 420, NULL, 187, 73, NULL),
(277, 2, 299, NULL, 2, 73, NULL),
(278, 1, 145, NULL, 9, 73, NULL),
(279, 2, 111, NULL, 15, 73, NULL),
(280, 1, 55, NULL, 66, 74, NULL),
(281, 1, 155, NULL, 282, 74, NULL),
(282, 1, 45, NULL, 67, 74, NULL),
(283, 1, 50, NULL, 25, 74, NULL),
(284, 1, 111, NULL, 14, 74, NULL),
(285, 1, 350, NULL, 149, 74, NULL),
(286, 2, 99, NULL, 11, 74, NULL),
(287, 1, 145, NULL, 12, 74, NULL),
(288, 1, 199, NULL, 3, 74, 3),
(289, 1, 450, NULL, 186, 74, NULL),
(290, 1, 200, NULL, 451, 74, NULL),
(291, 1, 359, NULL, 5, 74, NULL),
(292, 1, 87, NULL, 71, 74, NULL),
(293, 1, 420, NULL, 187, 74, NULL),
(294, 2, 299, NULL, 2, 74, NULL),
(295, 1, 145, NULL, 9, 74, NULL),
(296, 2, 111, NULL, 15, 74, NULL),
(297, 1, 55, NULL, 66, 75, NULL),
(298, 1, 155, NULL, 282, 75, NULL),
(299, 1, 45, NULL, 67, 75, NULL),
(300, 1, 50, NULL, 25, 75, NULL),
(301, 1, 111, NULL, 14, 75, NULL),
(302, 1, 350, NULL, 149, 75, NULL),
(303, 2, 99, NULL, 11, 75, NULL),
(304, 1, 145, NULL, 12, 75, NULL),
(305, 1, 199, NULL, 3, 75, NULL),
(306, 1, 450, NULL, 186, 75, NULL),
(307, 1, 200, NULL, 451, 75, NULL),
(308, 1, 359, NULL, 5, 75, NULL),
(309, 1, 87, NULL, 71, 75, NULL),
(310, 1, 420, NULL, 187, 75, NULL),
(311, 2, 299, NULL, 2, 75, NULL),
(312, 1, 145, NULL, 9, 75, NULL),
(313, 2, 111, NULL, 15, 75, NULL),
(314, 1, 199, '好', 3, 76, 4),
(315, 1, 199, NULL, 3, 77, NULL),
(316, 1, 199, '55555555', 3, 78, 5),
(317, 1, 55, NULL, 66, 79, NULL),
(318, 1, 155, NULL, 282, 79, NULL),
(319, 1, 45, NULL, 67, 79, NULL),
(320, 1, 50, NULL, 25, 79, NULL),
(321, 1, 111, NULL, 14, 79, NULL),
(322, 1, 350, NULL, 149, 79, NULL),
(323, 2, 99, NULL, 11, 79, NULL),
(324, 1, 145, NULL, 12, 79, NULL),
(325, 1, 199, NULL, 3, 79, NULL),
(326, 1, 450, NULL, 186, 79, NULL),
(327, 1, 200, NULL, 451, 79, NULL),
(328, 1, 359, NULL, 5, 79, NULL),
(329, 1, 87, NULL, 71, 79, NULL),
(330, 1, 420, NULL, 187, 79, NULL),
(331, 2, 299, NULL, 2, 79, NULL),
(332, 1, 145, NULL, 9, 79, NULL),
(333, 2, 111, NULL, 15, 79, NULL),
(334, 1, 245, NULL, 6, 80, NULL),
(335, 1, 359, NULL, 5, 80, NULL),
(336, 1, 99, NULL, 4, 81, NULL),
(337, 1, 111, NULL, 1, 82, NULL),
(338, 6, 199, NULL, 3, 83, NULL),
(339, 4, 350, NULL, 147, 84, NULL),
(340, 10, 240, NULL, 279, 84, NULL),
(341, 2, 200, NULL, 100, 84, NULL),
(342, 4, 800, NULL, 169, 84, NULL),
(343, 3, 140, NULL, 359, 85, NULL),
(344, 1, 111, NULL, 15, 86, NULL),
(345, 1, 111, NULL, 15, 87, NULL),
(346, 1, 111, NULL, 15, 88, NULL),
(347, 1, 111, NULL, 15, 89, NULL),
(348, 1, 111, '123', 15, 90, 5),
(349, 1, 238, NULL, 438, 91, NULL),
(350, 1, 333, NULL, 435, 91, NULL),
(351, 1, 350, '很棒!!!', 168, 92, 5),
(352, 1, 100, NULL, 27, 93, 4),
(353, 1, 320, NULL, 133, 93, NULL),
(354, 1, 100, NULL, 27, 94, NULL),
(355, 1, 320, NULL, 133, 94, NULL),
(356, 1, 100, NULL, 27, 95, NULL),
(357, 1, 320, NULL, 133, 95, NULL),
(358, 1, 199, NULL, 3, 96, NULL),
(359, 1, 199, NULL, 3, 97, NULL),
(360, 1, 199, NULL, 3, 98, NULL),
(361, 1, 199, NULL, 3, 99, NULL),
(362, 1, 199, NULL, 3, 100, NULL),
(363, 1, 100, NULL, 27, 101, NULL),
(364, 1, 320, NULL, 133, 101, NULL),
(365, 1, 100, NULL, 27, 102, NULL),
(366, 1, 320, NULL, 133, 102, NULL),
(367, 1, 480, NULL, 142, 103, NULL),
(368, 1, 238, NULL, 438, 103, NULL),
(369, 1, 480, NULL, 142, 104, NULL),
(370, 1, 238, NULL, 438, 104, NULL),
(371, 1, 360, NULL, 179, 106, NULL),
(372, 1, 360, NULL, 179, 106, NULL),
(373, 1, 400, NULL, 446, 107, NULL),
(374, 1, 111, NULL, 15, 107, NULL),
(375, 1, 400, NULL, 446, 108, NULL),
(376, 1, 111, NULL, 15, 108, NULL),
(377, 1, 400, NULL, 446, 109, NULL),
(378, 1, 111, NULL, 15, 109, NULL),
(379, 1, 199, '你好', 3, 110, 3),
(380, 1, 112, NULL, 18, 110, NULL),
(381, 1, 50, NULL, 24, 111, NULL),
(382, 1, 50, NULL, 24, 112, NULL),
(383, 1, 50, NULL, 24, 113, NULL),
(384, 1, 50, NULL, 24, 114, NULL),
(385, 1, 50, NULL, 24, 115, NULL),
(386, 1, 580, NULL, 116, 116, NULL),
(387, 1, 289, NULL, 302, 116, NULL),
(388, 1, 350, NULL, 147, 117, NULL),
(389, 3, 550, NULL, 115, 117, NULL),
(390, 1, 199, NULL, 3, 117, NULL),
(391, 1, 299, NULL, 2, 117, NULL),
(392, 1, 145, NULL, 9, 117, NULL),
(393, 1, 112, NULL, 18, 117, NULL),
(394, 1, 199, NULL, 3, 118, NULL),
(395, 1, 112, NULL, 18, 118, NULL),
(396, 3, 299, NULL, 2, 118, NULL),
(397, 3, 550, NULL, 115, 118, NULL),
(398, 4, 145, NULL, 9, 118, NULL),
(399, 1, 350, NULL, 147, 118, NULL),
(400, 1, 580, NULL, 131, 118, NULL),
(401, 1, 420, NULL, 321, 118, NULL),
(402, 1, 480, NULL, 201, 118, NULL),
(403, 1, 322, NULL, 159, 118, NULL),
(404, 1, 480, NULL, 137, 118, NULL),
(405, 1, 123, NULL, 112, 118, NULL),
(406, 1, 100, NULL, 405, 118, NULL),
(407, 2, 245, NULL, 6, 118, NULL),
(408, 1, 359, NULL, 5, 118, NULL),
(409, 1, 145, NULL, 12, 118, NULL),
(410, 1, 199, '123', 3, 119, 5),
(411, 1, 199, '', 3, 120, 4),
(412, 1, 600, NULL, 290, 121, NULL),
(413, 1, 299, NULL, 2, 122, NULL),
(414, 1, 450, NULL, 132, 122, NULL),
(415, 1, 145, NULL, 9, 123, 5),
(416, 1, 245, NULL, 6, 124, 5),
(417, 1, 245, NULL, 6, 125, 2),
(418, 1, 245, NULL, 6, 126, 5),
(419, 1, 199, NULL, 3, 127, 4),
(420, 1, 199, NULL, 3, 128, 4),
(421, 1, 222, NULL, 286, 129, 3),
(422, 1, 111, NULL, 48, 130, 5),
(423, 1, 222, NULL, 285, 131, 5),
(424, 1, 222, NULL, 285, 131, 5),
(425, 1, 222, NULL, 311, 131, 5),
(426, 1, 222, '這本書太精彩了！', 285, 131, 4),
(427, 1, 380, '非常吸引人的故事，無法放下。', 370, 132, NULL),
(428, 1, 199, '主角的成長過程令人深受觸動，讓我陷入深思。', 36, 133, NULL),
(429, 1, 199, '這是一本意猶未盡的佳作，值得一讀再讀。', 36, 134, NULL),
(430, 1, 199, NULL, 3, 135, NULL),
(431, 1, 199, NULL, 3, 136, 5),
(432, 1, 123, NULL, 45, 136, 5),
(433, 1, 111, NULL, 15, 137, 5),
(434, 1, 199, '故事中的反轉讓我屢屢驚艷，出乎意料之外。', 3, 137, 2),
(435, 1, 299, '作者的筆法獨特，營造出令人迷失其中的氛圍。', 2, 137, 5),
(436, 1, 111, '書中的描寫讓我彷彿親歷其境，彷彿置身其中。', 15, 138, 4),
(437, 1, 199, NULL, 3, 139, 4),
(438, 1, 199, NULL, 3, 140, 3),
(439, 1, 350, '結局出奇不意，引人思考人生的意義。', 154, 141, 5),
(440, 8, 299, '非常吸引人的故事，我無法將書本放下！', 2, 142, 5),
(441, 1, 215, '這本書太精彩了！情節跌宕起伏，令人難以置信。', 431, 142, 5),
(442, 1, 560, '主角的成長過程令人深受觸動。', 339, 142, 4),
(443, 1, 380, NULL, 337, 143, NULL),
(444, 1, 450, NULL, 199, 143, NULL),
(445, 1, 380, NULL, 337, 144, NULL),
(446, 1, 450, NULL, 199, 144, NULL),
(447, 1, 50, NULL, 24, 145, NULL),
(448, 1, 400, NULL, 42, 145, NULL),
(449, 1, 380, NULL, 337, 145, NULL),
(450, 1, 450, NULL, 199, 145, NULL),
(451, 1, 50, NULL, 24, 146, NULL),
(452, 1, 400, NULL, 42, 146, NULL),
(453, 1, 380, NULL, 337, 146, NULL),
(454, 1, 450, NULL, 199, 146, NULL),
(455, 1, 400, NULL, 42, 147, NULL),
(456, 1, 450, NULL, 199, 147, NULL),
(457, 1, 400, NULL, 42, 148, NULL),
(458, 1, 450, NULL, 199, 148, NULL),
(459, 1, 199, NULL, 3, 149, NULL),
(460, 1, 50, NULL, 25, 150, NULL),
(461, 1, 145, NULL, 9, 151, NULL),
(462, 10, 245, NULL, 6, 152, NULL),
(463, 10, 245, NULL, 6, 153, NULL),
(464, 1, 460, NULL, 369, 154, NULL),
(465, 1, 460, NULL, 369, 155, NULL),
(466, 1, 460, NULL, 369, 156, NULL),
(467, 1, 460, NULL, 369, 157, NULL),
(468, 1, 460, NULL, 369, 158, NULL),
(469, 1, 460, NULL, 369, 159, NULL),
(470, 1, 460, NULL, 369, 160, NULL),
(471, 1, 220, NULL, 138, 161, NULL),
(472, 1, 420, NULL, 381, 162, NULL),
(473, 1, 245, NULL, 6, 163, NULL),
(474, 1, 425, NULL, 313, 163, NULL),
(475, 1, 245, NULL, 6, 164, NULL),
(476, 1, 425, NULL, 313, 164, NULL),
(477, 1, 245, NULL, 6, 165, NULL),
(478, 1, 425, NULL, 313, 165, NULL),
(479, 1, 349, '我覺得這是一本非常實用的書，各位可以買起來!!', 367, 166, 5),
(480, 2, 245, NULL, 6, 167, NULL),
(481, 1, 111, NULL, 15, 168, NULL),
(482, 1, 245, NULL, 6, 169, NULL),
(483, 1, 111, NULL, 15, 169, NULL),
(484, 1, 99, NULL, 104, 170, NULL),
(485, 1, 100, NULL, 390, 170, NULL),
(486, 1, 380, NULL, 188, 171, NULL),
(487, 1, 222, NULL, 47, 171, NULL),
(488, 1, 380, NULL, 188, 172, NULL),
(489, 1, 222, NULL, 47, 172, NULL),
(490, 1, 380, NULL, 188, 173, NULL),
(491, 1, 222, NULL, 47, 173, NULL),
(492, 1, 380, NULL, 188, 174, NULL),
(493, 1, 222, NULL, 47, 174, NULL),
(494, 1, 380, NULL, 188, 175, NULL),
(495, 1, 222, NULL, 47, 175, NULL),
(496, 2, 27, NULL, 2, 176, 5),
(497, 1, 50, NULL, 24, 177, NULL),
(498, 1, 400, NULL, 42, 177, NULL),
(499, 1, 380, NULL, 337, 177, NULL),
(500, 1, 450, NULL, 199, 177, NULL),
(501, 1, 420, NULL, 381, 177, NULL),
(502, 1, 55, NULL, 65, 177, NULL),
(503, 1, 311, NULL, 51, 177, NULL),
(504, 1, 50, NULL, 24, 178, NULL),
(505, 1, 400, NULL, 42, 178, NULL),
(506, 1, 380, NULL, 337, 178, NULL),
(507, 1, 450, NULL, 199, 178, NULL),
(508, 1, 420, NULL, 381, 178, NULL),
(509, 1, 55, NULL, 65, 178, NULL),
(510, 1, 311, NULL, 51, 178, NULL),
(511, 1, 50, NULL, 24, 179, NULL),
(512, 1, 400, NULL, 42, 179, NULL),
(513, 1, 380, NULL, 337, 179, NULL),
(514, 1, 450, NULL, 199, 179, NULL),
(515, 1, 420, NULL, 381, 179, NULL),
(516, 1, 55, NULL, 65, 179, NULL),
(517, 1, 311, NULL, 51, 179, NULL),
(518, 1, 50, NULL, 24, 180, NULL),
(519, 1, 400, NULL, 42, 180, NULL),
(520, 1, 380, NULL, 337, 180, NULL),
(521, 1, 450, NULL, 199, 180, NULL),
(522, 1, 420, NULL, 381, 180, NULL),
(523, 1, 55, NULL, 65, 180, NULL),
(524, 1, 311, NULL, 51, 180, NULL),
(525, 1, 145, NULL, 9, 181, NULL),
(526, 1, 350, NULL, 147, 181, NULL),
(527, 3, 580, NULL, 131, 181, NULL),
(528, 1, 420, NULL, 321, 181, NULL),
(529, 1, 480, NULL, 201, 181, NULL),
(530, 1, 322, NULL, 159, 181, NULL),
(531, 1, 480, NULL, 137, 181, NULL),
(532, 1, 123, NULL, 112, 181, NULL),
(533, 1, 100, NULL, 405, 181, NULL),
(534, 2, 245, NULL, 6, 181, NULL),
(535, 1, 359, NULL, 5, 181, NULL),
(536, 1, 145, NULL, 12, 181, NULL),
(537, 1, 238, NULL, 438, 181, NULL),
(538, 1, 699, NULL, 368, 181, NULL),
(539, 2, 333, NULL, 435, 181, NULL),
(540, 1, 380, NULL, 343, 181, NULL),
(541, 1, 411, NULL, 298, 181, NULL),
(542, 1, 488, NULL, 449, 181, NULL),
(543, 1, 800, NULL, 169, 182, 5),
(544, 1, 580, NULL, 116, 182, 5),
(545, 1, 600, '1', 182, 183, 5),
(546, 1, 300, NULL, 304, 183, 5),
(547, 1, 222, NULL, 445, 184, 5),
(548, 1, 730, NULL, 378, 184, NULL),
(549, 1, 500, '這本書我學到很多!!!!', 459, 144, 5),
(550, 1, 880, NULL, 125, 186, 4),
(551, 1, 320, '456', 151, 186, 5),
(552, 1, 100, NULL, 402, 187, NULL),
(553, 1, 100, NULL, 402, 188, NULL),
(554, 1, 355, NULL, 319, 189, NULL),
(555, 1, 355, NULL, 319, 190, NULL),
(556, 1, 145, NULL, 9, 191, NULL),
(557, 1, 145, NULL, 9, 192, NULL),
(558, 1, 359, NULL, 5, 193, NULL),
(559, 1, 27, NULL, 2, 194, NULL),
(560, 1, 111, NULL, 15, 195, NULL),
(561, 1, 200, NULL, 439, 196, NULL),
(562, 1, 100, NULL, 412, 197, NULL),
(563, 1, 360, NULL, 128, 198, NULL),
(564, 1, 360, NULL, 128, 199, NULL),
(565, 1, 77, NULL, 60, 200, NULL),
(566, 1, 320, NULL, 139, 201, NULL),
(567, 1, 450, NULL, 171, 202, NULL),
(568, 4, 350, NULL, 184, 203, NULL),
(569, 5, 144, NULL, 29, 203, NULL),
(570, 1, 194, NULL, 106, 203, NULL),
(571, 1, 111, NULL, 15, 204, NULL),
(572, 1, 111, NULL, 15, 205, NULL),
(573, 1, 111, NULL, 15, 206, NULL),
(574, 1, 111, NULL, 15, 207, NULL),
(575, 1, 111, NULL, 15, 208, NULL),
(576, 1, 199, NULL, 3, 208, NULL),
(577, 1, 111, NULL, 15, 209, NULL),
(578, 1, 199, NULL, 3, 209, NULL),
(579, 1, 111, NULL, 15, 210, NULL),
(580, 1, 199, NULL, 3, 210, NULL),
(581, 1, 111, NULL, 15, 211, NULL),
(582, 1, 199, NULL, 3, 211, NULL),
(583, 1, 111, NULL, 15, 212, NULL),
(584, 1, 199, NULL, 3, 212, NULL),
(585, 1, 111, NULL, 15, 213, NULL),
(586, 1, 199, NULL, 3, 213, NULL),
(587, 3, 245, NULL, 6, 214, NULL),
(588, 3, 245, NULL, 6, 215, NULL),
(589, 1, 200, NULL, 100, 216, NULL),
(590, 1, 200, NULL, 100, 217, NULL),
(591, 1, 111, '', 15, 218, 5),
(592, 1, 144, ',,', 56, 219, 5),
(593, 1, 280, NULL, 197, 219, NULL),
(594, 1, 200, NULL, 100, 220, NULL),
(595, 1, 66, '456', 80, 221, 5),
(596, 5, 199, NULL, 3, 222, NULL),
(597, 3, 245, NULL, 6, 223, NULL),
(598, 1, 368, NULL, 430, 224, NULL),
(599, 25, 27, NULL, 2, 225, NULL),
(600, 1, 245, NULL, 6, 226, NULL),
(601, 1, 599, NULL, 441, 226, NULL),
(602, 1, 144, NULL, 56, 227, NULL),
(603, 2, 499, NULL, 341, 228, NULL),
(604, 1, 550, NULL, 165, 229, NULL),
(605, 1, 55, NULL, 66, 229, NULL),
(606, 1, 450, NULL, 148, 230, NULL),
(607, 1, 350, NULL, 184, 230, NULL),
(608, 8, 80, NULL, 392, 231, NULL),
(609, 1, 55, NULL, 66, 231, NULL),
(610, 2, 350, NULL, 149, 232, NULL),
(611, 1, 199, NULL, 3, 233, NULL),
(612, 3, 144, NULL, 56, 233, NULL),
(613, 1, 111, NULL, 15, 234, NULL),
(614, 1, 199, NULL, 3, 234, NULL),
(615, 1, 111, NULL, 15, 235, NULL),
(616, 1, 111, '很棒呢 我會再回購', 15, 236, 5),
(617, 5, 245, NULL, 6, 237, NULL),
(618, 5, 245, NULL, 6, 238, NULL),
(619, 5, 245, NULL, 6, 239, NULL),
(620, 4, 380, NULL, 352, 240, NULL),
(621, 1, 155, NULL, 388, 240, NULL),
(622, 4, 380, NULL, 352, 241, NULL),
(623, 1, 155, NULL, 388, 241, NULL),
(624, 4, 380, NULL, 352, 242, NULL),
(625, 1, 155, NULL, 388, 242, NULL),
(626, 4, 380, NULL, 352, 243, NULL),
(627, 1, 155, NULL, 388, 243, NULL),
(628, 4, 380, NULL, 352, 244, NULL),
(629, 1, 155, NULL, 388, 244, NULL),
(630, 4, 380, NULL, 352, 245, NULL),
(631, 1, 155, NULL, 388, 245, NULL),
(632, 4, 380, NULL, 352, 246, NULL),
(633, 1, 155, NULL, 388, 246, NULL),
(634, 4, 380, NULL, 352, 247, NULL),
(635, 1, 155, NULL, 388, 247, NULL),
(636, 1, 111, NULL, 15, 248, NULL),
(637, 1, 111, NULL, 15, 249, NULL),
(638, 1, 111, NULL, 15, 250, NULL),
(639, 1, 111, NULL, 15, 251, NULL),
(640, 1, 111, NULL, 15, 252, NULL),
(641, 1, 111, NULL, 15, 253, NULL),
(642, 1, 111, NULL, 15, 254, NULL),
(643, 1, 111, NULL, 15, 255, NULL),
(644, 1, 111, NULL, 15, 256, NULL),
(645, 1, 199, NULL, 3, 257, NULL),
(646, 1, 450, NULL, 132, 257, NULL),
(647, 5, 245, NULL, 6, 258, NULL),
(648, 5, 245, NULL, 6, 259, NULL),
(649, 5, 245, NULL, 6, 260, NULL),
(650, 5, 245, NULL, 6, 261, NULL),
(651, 5, 245, NULL, 6, 262, NULL),
(652, 5, 245, NULL, 6, 263, NULL),
(653, 5, 245, NULL, 6, 264, NULL),
(654, 5, 245, NULL, 6, 265, NULL),
(655, 5, 245, NULL, 6, 266, NULL),
(656, 5, 245, NULL, 6, 267, NULL),
(657, 5, 245, NULL, 6, 268, NULL),
(658, 5, 245, NULL, 6, 269, NULL),
(659, 1, 199, NULL, 3, 270, NULL),
(660, 1, 111, NULL, 15, 271, NULL),
(661, 1, 27, NULL, 2, 271, NULL),
(662, 5, 199, NULL, 3, 271, NULL),
(663, 1, 450, NULL, 132, 271, NULL),
(664, 1, 111, NULL, 15, 272, NULL),
(665, 1, 27, NULL, 2, 272, NULL),
(666, 5, 199, NULL, 3, 272, NULL),
(667, 1, 450, NULL, 132, 272, NULL),
(668, 1, 111, NULL, 15, 273, NULL),
(669, 1, 27, NULL, 2, 273, NULL),
(670, 5, 199, NULL, 3, 273, NULL),
(671, 1, 450, NULL, 132, 273, NULL),
(672, 5, 111, NULL, 15, 274, NULL),
(673, 1, 245, NULL, 6, 275, NULL),
(674, 5, 245, NULL, 6, 276, NULL),
(675, 6, 199, NULL, 3, 277, NULL),
(676, 1, 245, NULL, 6, 278, NULL),
(677, 5, 245, NULL, 6, 279, NULL),
(678, 6, 199, NULL, 3, 280, NULL),
(679, 11, 111, NULL, 70, 281, NULL),
(680, 11, 111, NULL, 70, 282, NULL),
(681, 11, 111, NULL, 70, 283, NULL),
(682, 7, 245, NULL, 6, 284, NULL),
(683, 9, 245, NULL, 6, 285, NULL),
(684, 6, 245, NULL, 6, 286, NULL),
(685, 9, 145, NULL, 9, 287, NULL),
(686, 3, 245, NULL, 6, 288, NULL),
(687, 8, 199, NULL, 3, 289, NULL),
(688, 10, 245, NULL, 6, 290, NULL),
(689, 11, 199, NULL, 3, 291, NULL),
(690, 7, 245, NULL, 6, 292, NULL),
(691, 1, 199, NULL, 3, 293, NULL),
(692, 5, 199, NULL, 3, 294, NULL),
(693, 1, 245, NULL, 6, 295, NULL),
(694, 3, 245, NULL, 6, 296, NULL),
(695, 2, 280, NULL, 124, 297, NULL),
(696, 3, 199, NULL, 3, 298, NULL),
(697, 5, 245, NULL, 6, 299, NULL),
(698, 3, 359, NULL, 5, 300, NULL),
(699, 3, 488, NULL, 10, 301, NULL),
(700, 3, 488, NULL, 10, 302, NULL),
(701, 2, 488, NULL, 10, 303, NULL),
(702, 1, 245, NULL, 6, 303, NULL),
(703, 3, 488, NULL, 10, 304, NULL),
(704, 2, 488, NULL, 10, 305, NULL),
(705, 1, 245, NULL, 6, 305, NULL),
(706, 3, 488, NULL, 10, 306, NULL),
(707, 3, 488, NULL, 10, 307, NULL),
(708, 3, 488, NULL, 10, 308, NULL),
(709, 3, 488, NULL, 10, 309, NULL),
(710, 3, 488, NULL, 10, 310, NULL),
(711, 3, 488, NULL, 10, 311, NULL),
(712, 3, 488, NULL, 10, 312, NULL),
(713, 3, 488, NULL, 10, 313, NULL),
(714, 3, 488, NULL, 10, 314, NULL),
(715, 3, 488, NULL, 10, 315, NULL),
(716, 3, 488, NULL, 10, 316, NULL),
(717, 3, 488, NULL, 10, 317, NULL),
(718, 3, 488, NULL, 10, 318, NULL),
(719, 3, 488, NULL, 10, 319, NULL),
(720, 3, 488, NULL, 10, 320, NULL),
(721, 3, 488, NULL, 10, 321, NULL),
(722, 3, 488, NULL, 10, 322, NULL),
(723, 1, 488, NULL, 10, 323, NULL),
(724, 1, 420, NULL, 187, 324, NULL),
(725, 1, 111, NULL, 15, 325, NULL),
(726, 1, 111, NULL, 15, 326, NULL),
(727, 1, 111, NULL, 15, 327, NULL),
(728, 1, 199, NULL, 3, 329, NULL),
(729, 1, 215, NULL, 431, 331, NULL),
(730, 1, 215, NULL, 431, 331, NULL),
(731, 1, 245, NULL, 6, 332, NULL),
(732, 1, 199, NULL, 3, 334, NULL),
(733, 1, 199, NULL, 3, 334, NULL),
(734, 1, 199, NULL, 3, 335, NULL),
(735, 1, 111, NULL, 15, 336, NULL),
(736, 1, 111, NULL, 15, 338, NULL),
(737, 1, 111, NULL, 15, 338, NULL),
(738, 1, 199, NULL, 3, 339, NULL),
(739, 1, 245, NULL, 6, 340, NULL),
(740, 1, 245, NULL, 6, 341, NULL),
(741, 1, 111, NULL, 15, 342, NULL),
(742, 1, 111, NULL, 15, 343, NULL),
(743, 1, 111, NULL, 15, 344, NULL),
(744, 1, 111, NULL, 15, 345, NULL),
(745, 1, 199, NULL, 3, 346, NULL),
(746, 1, 245, NULL, 6, 347, NULL),
(747, 1, 488, NULL, 10, 348, NULL),
(748, 1, 380, NULL, 334, 349, NULL),
(749, 5, 245, NULL, 6, 350, NULL),
(750, 1, 488, NULL, 10, 350, NULL),
(751, 1, 100, NULL, 412, 351, NULL),
(752, 1, 730, NULL, 378, 351, NULL),
(753, 1, 80, NULL, 392, 351, NULL),
(754, 2, 99, NULL, 4, 351, NULL),
(755, 1, 222, NULL, 310, 351, NULL),
(756, 2, 111, NULL, 15, 351, NULL),
(757, 1, 199, NULL, 3, 351, NULL),
(758, 1, 200, NULL, 37, 351, NULL),
(759, 1, 333, NULL, 435, 351, NULL),
(760, 1, 488, NULL, 449, 351, NULL),
(761, 1, 100, NULL, 412, 352, NULL),
(762, 1, 730, NULL, 378, 352, NULL),
(763, 1, 80, NULL, 392, 352, NULL),
(764, 2, 99, NULL, 4, 352, NULL),
(765, 1, 222, NULL, 310, 352, NULL),
(766, 2, 111, NULL, 15, 352, NULL),
(767, 1, 199, NULL, 3, 352, NULL),
(768, 1, 200, NULL, 37, 352, NULL),
(769, 1, 333, NULL, 435, 352, NULL),
(770, 1, 488, NULL, 449, 352, NULL),
(771, 1, 99, NULL, 4, 354, NULL),
(772, 1, 880, NULL, 181, 354, NULL),
(773, 1, 245, NULL, 6, 354, NULL),
(774, 2, 500, NULL, 380, 356, NULL),
(775, 2, 500, NULL, 380, 358, NULL),
(776, 2, 245, NULL, 6, 360, NULL),
(777, 1, 177, NULL, 447, 360, NULL),
(778, 2, 245, NULL, 6, 360, NULL),
(779, 1, 111, NULL, 13, 360, NULL),
(780, 1, 177, NULL, 447, 360, NULL),
(781, 1, 111, NULL, 13, 360, NULL),
(782, 10, 100, NULL, 27, 360, NULL),
(783, 1, 111, NULL, 15, 360, NULL),
(784, 10, 100, NULL, 27, 360, NULL),
(785, 1, 111, NULL, 15, 360, NULL),
(786, 10, 100, NULL, 27, 361, NULL),
(787, 2, 100, NULL, 27, 362, NULL),
(788, 1, 1900, NULL, 418, 362, NULL),
(789, 1, 111, NULL, 15, 363, NULL),
(790, 1, 200, NULL, 92, 363, NULL),
(791, 1, 1600, NULL, 368, 363, NULL),
(792, 1, 900, '我很喜歡這本書', 459, 255, 5),
(793, 3, 900, NULL, 189, 365, NULL),
(794, 1, 900, NULL, 170, 366, NULL),
(795, 1, 1200, NULL, 40, 367, NULL),
(796, 1, 1500, NULL, 16, 367, NULL),
(797, 1, 900, NULL, 15, 369, NULL),
(798, 1, 1000, NULL, 2, 370, NULL),
(799, 1, 300, NULL, 3, 371, NULL),
(800, 1, 300, NULL, 3, 372, 5),
(801, 6, 199, NULL, 3, 373, NULL),
(802, 1, 700, NULL, 351, 374, NULL),
(803, 1, 1000, NULL, 2, 375, NULL),
(804, 2, 200, NULL, 37, 376, NULL),
(805, 2, 900, NULL, 15, 376, NULL),
(806, 13, 90, NULL, 412, 376, NULL),
(807, 2, 200, NULL, 37, 377, NULL),
(808, 2, 900, NULL, 15, 377, NULL),
(809, 13, 90, NULL, 412, 377, NULL),
(810, 2, 200, NULL, 37, 378, NULL),
(811, 2, 900, NULL, 15, 378, NULL),
(812, 13, 90, NULL, 412, 378, NULL),
(813, 1, 1500, NULL, 161, 379, NULL),
(814, 2, 200, NULL, 37, 380, NULL),
(815, 2, 900, NULL, 15, 380, NULL),
(816, 13, 90, NULL, 412, 380, NULL),
(817, 2, 200, NULL, 37, 381, NULL),
(818, 2, 900, NULL, 15, 381, NULL),
(819, 13, 90, NULL, 412, 381, NULL),
(820, 2, 200, NULL, 37, 382, NULL),
(821, 2, 900, NULL, 15, 382, NULL),
(822, 13, 90, NULL, 412, 382, NULL),
(823, 1, 1000, NULL, 203, 383, NULL),
(824, 1, 1300, NULL, 292, 384, NULL),
(825, 1, 1300, NULL, 8, 385, NULL),
(826, 1, 700, NULL, 20, 386, NULL),
(827, 1, 700, NULL, 20, 387, NULL),
(828, 1, 900, NULL, 459, 388, 5),
(829, 1, 800, NULL, 326, 389, NULL),
(830, 1, 900, '必入手的一本', 459, 177, 5),
(831, 1, 800, NULL, 326, 391, NULL),
(832, 1, 1400, NULL, 103, 391, NULL),
(833, 1, 800, NULL, 326, 392, NULL),
(834, 2, 1400, NULL, 103, 392, NULL),
(835, 1, 1100, NULL, 29, 392, NULL),
(836, 1, 300, NULL, 3, 393, NULL),
(837, 1, 1000, NULL, 2, 393, NULL),
(838, 8, 200, NULL, 37, 394, NULL),
(839, 4, 900, NULL, 15, 394, NULL),
(840, 11, 90, NULL, 412, 394, NULL),
(841, 1, 200, NULL, 66, 394, NULL),
(842, 1, 1700, NULL, 67, 394, NULL),
(843, 1, 2000, NULL, 68, 394, NULL),
(844, 1, 1900, NULL, 58, 395, NULL),
(845, 1, 80, NULL, 25, 395, NULL),
(846, 1, 300, NULL, 153, 395, NULL),
(847, 7, 1800, NULL, 322, 395, NULL),
(848, 1, 100, NULL, 444, 395, NULL),
(849, 1, 1600, NULL, 368, 396, NULL),
(850, 1, 1600, NULL, 368, 397, NULL),
(851, 6, 300, NULL, 6, 398, NULL),
(852, 1, 1000, NULL, 311, 399, NULL),
(853, 1, 1000, NULL, 311, 400, NULL),
(854, 1, 1000, NULL, 311, 401, NULL),
(855, 1, 1000, NULL, 311, 402, NULL),
(856, 1, 1000, NULL, 311, 403, NULL),
(857, 1, 1000, NULL, 311, 404, NULL),
(858, 1, 1000, NULL, 311, 405, NULL),
(859, 1, 1000, NULL, 311, 406, NULL),
(860, 1, 900, NULL, 15, 407, NULL),
(861, 1, 900, NULL, 15, 408, NULL),
(862, 1, 500, NULL, 5, 409, NULL),
(863, 1, 900, NULL, 15, 410, NULL),
(864, 2, 1300, NULL, 445, 411, NULL),
(865, 2, 1300, NULL, 445, 412, NULL),
(866, 2, 1300, NULL, 445, 413, NULL),
(867, 2, 1300, NULL, 445, 414, NULL),
(868, 2, 1300, NULL, 445, 415, NULL),
(869, 1, 900, NULL, 459, 199, 5),
(870, 1, 1500, NULL, 162, 417, NULL),
(871, 1, 1500, NULL, 62, 418, NULL),
(872, 1, 1000, NULL, 55, 419, NULL),
(873, 1, 900, NULL, 15, 420, NULL),
(874, 1, 1100, NULL, 151, 421, NULL),
(875, 1, 1900, NULL, 12, 422, NULL),
(876, 1, 1200, NULL, 369, 423, NULL),
(877, 1, 1200, NULL, 11, 424, NULL),
(878, 2, 900, NULL, 15, 425, NULL),
(879, 1, 100, NULL, 34, 426, NULL),
(880, 1, 1100, NULL, 151, 426, NULL),
(881, 1, 700, NULL, 134, 427, NULL),
(882, 1, 1900, NULL, 12, 428, NULL),
(883, 1, 1500, NULL, 367, 429, NULL),
(884, 1, 900, NULL, 459, 55, 5),
(885, 1, 900, NULL, 164, 431, NULL),
(886, 1, 1200, NULL, 100, 432, NULL),
(887, 1, 900, NULL, 164, 432, NULL),
(888, 1, 1200, NULL, 100, 433, NULL),
(889, 1, 900, NULL, 164, 433, NULL),
(890, 3, 300, NULL, 556, 433, NULL),
(891, 1, 900, '我覺得教得很好', 459, 100, 5),
(892, 1, 700, NULL, 106, 435, NULL),
(893, 1, 2000, NULL, 366, 435, NULL),
(894, 1, 700, NULL, 106, 436, NULL),
(895, 1, 900, '受益良多', 459, 7, 5),
(896, 4, 1100, NULL, 298, 438, NULL),
(897, 3, 100, NULL, 2, 438, NULL),
(898, 32, 90, NULL, 392, 438, NULL),
(899, 1, 1000, NULL, 308, 438, NULL),
(900, 1, 200, NULL, 64, 438, NULL),
(901, 1, 1500, NULL, 367, 439, NULL),
(902, 1, 200, NULL, 182, 440, NULL),
(903, 1, 90, NULL, 399, 441, NULL),
(904, 1, 90, NULL, 423, 442, NULL),
(905, 1, 900, '物超所值', 459, 443, 5),
(906, 1, 1200, NULL, 100, 444, NULL),
(907, 1, 900, NULL, 164, 444, NULL);

-- --------------------------------------------------------

--
-- 資料表結構 `order_status`
--

CREATE TABLE `order_status` (
  `order_status_id` int(10) UNSIGNED NOT NULL,
  `order_status_name` varchar(10) NOT NULL
) ENGINE=InnoDB DEFAULT CHARSET=utf8mb4 COLLATE=utf8mb4_general_ci;

--
-- 傾印資料表的資料 `order_status`
--

INSERT INTO `order_status` (`order_status_id`, `order_status_name`) VALUES
(1, '未完成'),
(2, '已完成'),
(3, '取消');

-- --------------------------------------------------------

--
-- 資料表結構 `otp`
--

CREATE TABLE `otp` (
  `id` int(11) UNSIGNED NOT NULL,
  `client_id` int(11) DEFAULT NULL,
  `email` varchar(200) DEFAULT NULL,
  `token` int(200) DEFAULT NULL,
  `exp_timestamp` bigint(20) DEFAULT NULL
) ENGINE=InnoDB DEFAULT CHARSET=utf8mb4 COLLATE=utf8mb4_general_ci;

--
-- 傾印資料表的資料 `otp`
--

INSERT INTO `otp` (`id`, `client_id`, `email`, `token`, `exp_timestamp`) VALUES
(1, 2, 's0961550904@gmail.com', 371142, 1692421041246),
(2, 2, 's0961550904@gmail.com', 452825, 1692421488540),
(3, NULL, 's0961550904@gmail.com', 326540, 1692421704532),
(4, 2, 's0961550904@gmail.com', 971665, 1692422438972),
(5, 2, 's0961550904@gmail.com', 108146, 1692423141727),
(6, 2, 's0961550904@gmail.com', 412715, 1692423404511),
(7, 2, 's0961550904@gmail.com', 208536, 1692423586953),
(8, 426, 'jsy31178@zbock.com', 395041, 1692461178088),
(9, 457, 's0961550904@gmail.com', 724689, 1693102592399),
(10, 458, 'test01@test.com', 117577, 1693108916014),
(11, 463, 'booktest134@gmail.com', 207894, 1693242211471),
(12, 464, 'bookdemo134@gmail.com', 278756, 1693242368983),
(13, 464, 'bookdemo134@gmail.com', 70257, 1693242710255),
(14, 464, 'bookdemo134@gmail.com', 463116, 1693243160687),
(15, 464, 'bookdemo134@gmail.com', 169394, 1693243219720),
(16, 468, 'bookdemo134@gmail.com', 211969, 1693276834247),
(17, 468, 'bookdemo134@gmail.com', 590346, 1693289412303),
(18, 468, 'bookdemo134@gmail.com', 108743, 1693289515464),
(19, 468, 'bookdemo134@gmail.com', 988458, 1693289625061),
(20, 471, 'bookdemo134@gmail.com', 368214, 1693294905804),
(21, 1, 'user01@test.com', 10215, 1693372014780),
(22, 485, 'bookdemo134@gmail.com', 118517, 1693407528909),
(23, 485, 'bookdemo134@gmail.com', 553588, 1693448693167),
(24, 485, 'bookdemo134@gmail.com', 297065, 1693448742335),
(25, 486, 'bookdemo134@gmail.com', 789275, 1693452478383),
(26, 494, 'bookdemo134@gmail.com', 491545, 1693583911701),
(27, 494, 'bookdemo134@gmail.com', 842883, 1693584199875),
(28, 494, 'bookdemo134@gmail.com', 901418, 1693733879410),
(29, 495, 'bookdemo134@gmail.com', 25579, 1693755184958),
(30, 499, 'bookdemo134@gmail.com', 143786, 1693882207105),
(31, 503, 'bookdemo134@gmail.com', 173403, 1693903673987),
(32, 508, 'bookdemo134@gmail.com', 530598, 1693968568769),
(33, 508, 'bookdemo134@gmail.com', 879821, 1693968665505),
(34, 508, 'bookdemo134@gmail.com', 812259, 1693968896755),
(35, 510, 'bookdemo134@gmail.com', 329884, 1694014521472),
(36, 514, 'bookdemo134@gmail.com', 260575, 1694017296698),
(37, 517, 'bookdemo134@gmail.com', 357745, 1694018264913),
(38, 519, 'bookdemo134@gmail.com', 633286, 1694045036137),
(39, 522, 'bookdemo134@gmail.com', 437751, 1694045642748),
(40, 525, 'bookdemo134@gmail.com', 803908, 1694046308984),
(41, 528, 'bookdemo134@gmail.com', 634505, 1694049163361),
(42, 529, 'bookdemo134@gmail.com', 258928, 1694049894209),
(43, 530, 'bookdemo134@gmail.com', 638331, 1694052209989),
(44, 531, 'bookdemo134@gmail.com', 27801, 1694053333454);

-- --------------------------------------------------------

--
-- 資料表結構 `pay`
--

CREATE TABLE `pay` (
  `pay_id` int(10) UNSIGNED NOT NULL,
  `pay_name` varchar(10) NOT NULL
) ENGINE=InnoDB DEFAULT CHARSET=utf8mb4 COLLATE=utf8mb4_general_ci;

--
-- 傾印資料表的資料 `pay`
--

INSERT INTO `pay` (`pay_id`, `pay_name`) VALUES
(1, 'line pay'),
(2, '信用卡'),
(3, '銀行轉帳'),
(4, '711貨到付款');

-- --------------------------------------------------------

--
-- 資料表結構 `publisher`
--

CREATE TABLE `publisher` (
  `publisher_id` int(11) NOT NULL,
  `publisher_name` varchar(30) DEFAULT NULL
) ENGINE=InnoDB DEFAULT CHARSET=utf8mb4 COLLATE=utf8mb4_general_ci;

--
-- 傾印資料表的資料 `publisher`
--

INSERT INTO `publisher` (`publisher_id`, `publisher_name`) VALUES
(1, '大雁文化事業股份有限公司'),
(2, '時報文化出版企業股份有限公司'),
(3, '遠流出版事業股份有限公司'),
(4, '知識出版社股份有限公司'),
(5, '時報出版企業股份有限公司'),
(6, '聯經出版事業股份有限公司'),
(7, '遠足文化事業股份有限公司'),
(8, '群學出版社股份有限公司'),
(9, '遠流圖書股份有限公司'),
(10, '繆思文化事業股份有限公司');

-- --------------------------------------------------------

--
-- 資料表結構 `receipt`
--

CREATE TABLE `receipt` (
  `receipt_id` int(1) UNSIGNED NOT NULL,
  `receipt_name` varchar(10) NOT NULL
) ENGINE=InnoDB DEFAULT CHARSET=utf8mb4 COLLATE=utf8mb4_general_ci;

--
-- 傾印資料表的資料 `receipt`
--

INSERT INTO `receipt` (`receipt_id`, `receipt_name`) VALUES
(1, '捐贈'),
(2, '隨貨附'),
(3, '載具');

-- --------------------------------------------------------

--
-- 資料表結構 `refund`
--

CREATE TABLE `refund` (
  `refund_id` int(11) NOT NULL,
  `return_reason` varchar(255) NOT NULL,
  `refund_status` varchar(20) NOT NULL,
  `refund_amount` int(11) NOT NULL,
  `application_date` datetime DEFAULT current_timestamp(),
  `refund_date` datetime NOT NULL,
  `order_id` int(11) NOT NULL,
  `client_id` int(11) NOT NULL
) ENGINE=InnoDB DEFAULT CHARSET=utf8mb4 COLLATE=utf8mb4_general_ci;

-- --------------------------------------------------------

--
-- 資料表結構 `robot_answer`
--

CREATE TABLE `robot_answer` (
  `answer_id` int(10) UNSIGNED NOT NULL,
  `answer_text` text NOT NULL,
  `question_id` int(11) NOT NULL
) ENGINE=InnoDB DEFAULT CHARSET=utf8mb4 COLLATE=utf8mb4_general_ci;

-- --------------------------------------------------------

--
-- 資料表結構 `robot_question`
--

CREATE TABLE `robot_question` (
  `question_id` int(11) UNSIGNED NOT NULL,
  `question_text` text NOT NULL
) ENGINE=InnoDB DEFAULT CHARSET=utf8mb4 COLLATE=utf8mb4_general_ci;

-- --------------------------------------------------------

--
-- 資料表結構 `sessions`
--

CREATE TABLE `sessions` (
  `session_id` varchar(128) CHARACTER SET utf8mb4 COLLATE utf8mb4_bin NOT NULL,
  `expires` int(11) UNSIGNED NOT NULL,
  `data` mediumtext CHARACTER SET utf8mb4 COLLATE utf8mb4_bin DEFAULT NULL
) ENGINE=InnoDB DEFAULT CHARSET=utf8mb4 COLLATE=utf8mb4_general_ci;

-- --------------------------------------------------------

--
-- 資料表結構 `usage_duration`
--

CREATE TABLE `usage_duration` (
  `usage_duration_id` int(11) NOT NULL,
  `usage_duration_name` varchar(11) NOT NULL
) ENGINE=InnoDB DEFAULT CHARSET=utf8mb4 COLLATE=utf8mb4_general_ci;

--
-- 傾印資料表的資料 `usage_duration`
--

INSERT INTO `usage_duration` (`usage_duration_id`, `usage_duration_name`) VALUES
(1, '繁體中文'),
(2, '英文'),
(3, '其他外文書');

-- --------------------------------------------------------

--
-- 資料表結構 `use_status_type`
--

CREATE TABLE `use_status_type` (
  `use_status_id` int(11) NOT NULL,
  `status_type_name` varchar(255) NOT NULL
) ENGINE=InnoDB DEFAULT CHARSET=utf8mb4 COLLATE=utf8mb4_general_ci;

--
-- 傾印資料表的資料 `use_status_type`
--

INSERT INTO `use_status_type` (`use_status_id`, `status_type_name`) VALUES
(1, '未使用'),
(2, '已使用'),
(3, '已過期');

-- --------------------------------------------------------

--
-- 資料表結構 `withdrawals`
--

CREATE TABLE `withdrawals` (
  `withdrawal_id` int(11) NOT NULL,
  `withdrawal_money` int(11) NOT NULL,
  `withdrawal_date` datetime DEFAULT current_timestamp(),
  `client_id` int(11) NOT NULL
) ENGINE=InnoDB DEFAULT CHARSET=utf8mb4 COLLATE=utf8mb4_general_ci;

--
-- 已傾印資料表的索引
--

--
-- 資料表索引 `book`
--
ALTER TABLE `book`
  ADD PRIMARY KEY (`book_id`);

--
-- 資料表索引 `bookgg`
--
ALTER TABLE `bookgg`
  ADD PRIMARY KEY (`book_id`);

--
-- 資料表索引 `cart`
--
ALTER TABLE `cart`
  ADD PRIMARY KEY (`cart_id`);

--
-- 資料表索引 `client`
--
ALTER TABLE `client`
  ADD PRIMARY KEY (`client_id`);

--
-- 資料表索引 `collect_book`
--
ALTER TABLE `collect_book`
  ADD PRIMARY KEY (`collect_book_id`);

--
-- 資料表索引 `collect_old_book`
--
ALTER TABLE `collect_old_book`
  ADD PRIMARY KEY (`collect_old_book_id`);

--
-- 資料表索引 `coupon_record`
--
ALTER TABLE `coupon_record`
  ADD PRIMARY KEY (`coupon_record_id`);

--
-- 資料表索引 `daily`
--
ALTER TABLE `daily`
  ADD PRIMARY KEY (`id`);

--
-- 資料表索引 `forum`
--
ALTER TABLE `forum`
  ADD PRIMARY KEY (`forum_id`);

--
-- 資料表索引 `forum_collect`
--
ALTER TABLE `forum_collect`
  ADD PRIMARY KEY (`collect_id`);

--
-- 資料表索引 `forum_message`
--
ALTER TABLE `forum_message`
  ADD PRIMARY KEY (`message_id`);

--
-- 資料表索引 `forum_reply`
--
ALTER TABLE `forum_reply`
  ADD PRIMARY KEY (`forum_reply_id`);

--
-- 資料表索引 `order`
--
ALTER TABLE `order`
  ADD PRIMARY KEY (`order_id`);

--
-- 資料表索引 `order_detail`
--
ALTER TABLE `order_detail`
  ADD PRIMARY KEY (`order_detail_id`);

--
-- 資料表索引 `otp`
--
ALTER TABLE `otp`
  ADD PRIMARY KEY (`id`);

--
-- 在傾印的資料表使用自動遞增(AUTO_INCREMENT)
--

--
-- 使用資料表自動遞增(AUTO_INCREMENT) `book`
--
ALTER TABLE `book`
  MODIFY `book_id` int(11) UNSIGNED NOT NULL AUTO_INCREMENT, AUTO_INCREMENT=585;

--
-- 使用資料表自動遞增(AUTO_INCREMENT) `bookgg`
--
ALTER TABLE `bookgg`
  MODIFY `book_id` int(11) NOT NULL AUTO_INCREMENT, AUTO_INCREMENT=22;

--
-- 使用資料表自動遞增(AUTO_INCREMENT) `cart`
--
ALTER TABLE `cart`
  MODIFY `cart_id` int(10) UNSIGNED NOT NULL AUTO_INCREMENT, AUTO_INCREMENT=393;

--
-- 使用資料表自動遞增(AUTO_INCREMENT) `client`
--
ALTER TABLE `client`
  MODIFY `client_id` int(11) NOT NULL AUTO_INCREMENT, AUTO_INCREMENT=534;

--
-- 使用資料表自動遞增(AUTO_INCREMENT) `collect_book`
--
ALTER TABLE `collect_book`
  MODIFY `collect_book_id` int(11) NOT NULL AUTO_INCREMENT, AUTO_INCREMENT=575;

--
-- 使用資料表自動遞增(AUTO_INCREMENT) `collect_old_book`
--
ALTER TABLE `collect_old_book`
  MODIFY `collect_old_book_id` int(11) NOT NULL AUTO_INCREMENT;

--
-- 使用資料表自動遞增(AUTO_INCREMENT) `coupon_record`
--
ALTER TABLE `coupon_record`
  MODIFY `coupon_record_id` int(11) NOT NULL AUTO_INCREMENT, AUTO_INCREMENT=376;

--
-- 使用資料表自動遞增(AUTO_INCREMENT) `daily`
--
ALTER TABLE `daily`
  MODIFY `id` int(11) NOT NULL AUTO_INCREMENT, AUTO_INCREMENT=127;

--
-- 使用資料表自動遞增(AUTO_INCREMENT) `forum`
--
ALTER TABLE `forum`
  MODIFY `forum_id` int(10) UNSIGNED NOT NULL AUTO_INCREMENT, AUTO_INCREMENT=115;

--
-- 使用資料表自動遞增(AUTO_INCREMENT) `forum_collect`
--
ALTER TABLE `forum_collect`
  MODIFY `collect_id` int(11) NOT NULL AUTO_INCREMENT, AUTO_INCREMENT=130;

--
-- 使用資料表自動遞增(AUTO_INCREMENT) `forum_message`
--
ALTER TABLE `forum_message`
  MODIFY `message_id` int(11) NOT NULL AUTO_INCREMENT, AUTO_INCREMENT=484;

--
-- 使用資料表自動遞增(AUTO_INCREMENT) `forum_reply`
--
ALTER TABLE `forum_reply`
  MODIFY `forum_reply_id` int(10) NOT NULL AUTO_INCREMENT, AUTO_INCREMENT=55;

--
-- 使用資料表自動遞增(AUTO_INCREMENT) `order`
--
ALTER TABLE `order`
  MODIFY `order_id` int(11) UNSIGNED NOT NULL AUTO_INCREMENT, AUTO_INCREMENT=445;

--
-- 使用資料表自動遞增(AUTO_INCREMENT) `order_detail`
--
ALTER TABLE `order_detail`
  MODIFY `order_detail_id` int(11) NOT NULL AUTO_INCREMENT, AUTO_INCREMENT=908;

--
-- 使用資料表自動遞增(AUTO_INCREMENT) `otp`
--
ALTER TABLE `otp`
  MODIFY `id` int(11) UNSIGNED NOT NULL AUTO_INCREMENT, AUTO_INCREMENT=45;
COMMIT;

/*!40101 SET CHARACTER_SET_CLIENT=@OLD_CHARACTER_SET_CLIENT */;
/*!40101 SET CHARACTER_SET_RESULTS=@OLD_CHARACTER_SET_RESULTS */;
/*!40101 SET COLLATION_CONNECTION=@OLD_COLLATION_CONNECTION */;
